Date,Open,High,Low,Close,Adj Close,Volume
2002-10-22,15.000000,15.010000,15.000000,15.000000,4.752590,68900
2002-10-23,15.010000,15.010000,15.000000,15.000000,4.752590,36500
2002-10-24,15.000000,15.010000,15.000000,15.000000,4.752590,96400
2002-10-25,15.000000,15.000000,15.000000,15.000000,4.752590,56200
2002-10-28,15.000000,15.010000,14.950000,15.000000,4.752590,505400
2002-10-29,15.000000,15.010000,15.000000,15.000000,4.752590,54700
2002-10-30,15.000000,15.020000,15.000000,15.000000,4.752590,25000
2002-10-31,15.000000,15.010000,15.000000,15.000000,4.752590,46100
2002-11-01,15.010000,15.030000,15.000000,15.030000,4.762095,16400
2002-11-04,15.030000,15.030000,15.000000,15.000000,4.752590,50300
2002-11-05,14.950000,15.000000,14.900000,15.000000,4.752590,15500
2002-11-06,14.900000,15.000000,14.900000,14.900000,4.720906,17700
2002-11-07,14.850000,14.900000,14.850000,14.900000,4.720906,5600
2002-11-08,14.900000,14.900000,14.760000,14.760000,4.676549,28000
2002-11-11,14.900000,14.900000,14.800000,14.900000,4.720906,17500
2002-11-12,14.800000,15.000000,14.800000,14.800000,4.689219,27500
2002-11-13,14.800000,14.900000,14.800000,14.800000,4.689219,15700
2002-11-14,14.900000,14.900000,14.750000,14.800000,4.710225,11000
2002-11-15,14.750000,14.800000,14.750000,14.800000,4.710225,3000
2002-11-18,14.750000,14.750000,14.650000,14.650000,4.662488,22200
2002-11-19,14.610000,14.610000,14.420000,14.420000,4.589288,45600
2002-11-20,14.420000,14.420000,14.250000,14.300000,4.551096,51200
2002-11-21,14.250000,14.250000,14.000000,14.050000,4.471534,58800
2002-11-22,14.000000,14.000000,13.750000,13.900000,4.423791,37600
2002-11-25,13.750000,13.750000,13.350000,13.420000,4.271025,70900
2002-11-26,13.450000,13.700000,13.400000,13.700000,4.360141,15700
2002-11-27,13.550000,13.600000,13.370000,13.550000,4.312403,31000
2002-11-29,13.500000,13.590000,13.490000,13.590000,4.325137,2900
2002-12-02,13.590000,13.600000,13.460000,13.500000,4.296488,17200
2002-12-03,13.450000,13.500000,13.400000,13.420000,4.271025,28000
2002-12-04,13.520000,13.520000,13.320000,13.380000,4.258296,48100
2002-12-05,13.440000,13.700000,13.440000,13.700000,4.360141,31300
2002-12-06,13.700000,13.700000,13.500000,13.660000,4.347412,49100
2002-12-09,13.600000,13.600000,13.430000,13.580000,4.321948,34300
2002-12-10,13.600000,13.600000,13.400000,13.420000,4.271025,48700
2002-12-11,13.410000,13.520000,13.410000,13.410000,4.267848,35100
2002-12-12,13.420000,13.440000,13.290000,13.300000,4.232840,73200
2002-12-13,13.290000,13.310000,13.170000,13.250000,4.216925,67700
2002-12-16,13.250000,13.250000,12.910000,13.060000,4.156457,96300
2002-12-17,13.060000,13.100000,12.900000,12.900000,4.105539,120500
2002-12-18,12.900000,13.070000,12.790000,12.930000,4.115079,86000
2002-12-19,12.950000,13.100000,12.850000,13.100000,4.169186,72600
2002-12-20,13.010000,13.250000,12.910000,13.170000,4.191465,70400
2002-12-23,13.080000,13.340000,13.000000,13.000000,4.158200,74400
2002-12-24,13.150000,13.350000,13.050000,13.200000,4.222169,27100
2002-12-26,13.020000,13.200000,12.990000,13.120000,4.196580,97700
2002-12-27,13.180000,13.290000,13.000000,13.110000,4.193383,107300
2002-12-30,13.250000,13.650000,13.120000,13.600000,4.350116,124400
2002-12-31,13.700000,13.700000,13.350000,13.500000,4.318130,75300
2003-01-02,13.510000,13.600000,13.390000,13.580000,4.343718,26200
2003-01-03,13.500000,13.600000,13.480000,13.600000,4.350116,49800
2003-01-06,13.650000,13.670000,13.500000,13.670000,4.372503,39700
2003-01-07,13.600000,13.650000,13.360000,13.500000,4.318130,49000
2003-01-08,13.350000,13.560000,13.250000,13.390000,4.282946,39800
2003-01-09,13.350000,13.380000,13.200000,13.280000,4.247761,39300
2003-01-10,13.300000,13.500000,13.160000,13.200000,4.222169,30800
2003-01-13,13.150000,13.390000,13.120000,13.320000,4.260557,31000
2003-01-14,13.370000,13.430000,13.210000,13.430000,4.295736,47700
2003-01-15,13.450000,13.550000,13.280000,13.350000,4.270152,36500
2003-01-16,13.280000,13.400000,13.140000,13.350000,4.270152,76200
2003-01-17,13.350000,13.360000,13.190000,13.350000,4.270152,28000
2003-01-21,13.390000,13.440000,13.270000,13.270000,4.244563,44100
2003-01-22,13.340000,13.430000,13.270000,13.380000,4.279742,42100
2003-01-23,13.240000,13.400000,13.160000,13.260000,4.262387,46100
2003-01-24,13.270000,13.300000,13.210000,13.250000,4.259173,15100
2003-01-27,13.210000,13.400000,13.210000,13.210000,4.246317,33400
2003-01-28,13.310000,13.330000,13.120000,13.200000,4.243098,37800
2003-01-29,13.320000,13.540000,13.210000,13.540000,4.352394,42800
2003-01-30,13.600000,13.670000,13.430000,13.600000,4.371683,42600
2003-01-31,13.650000,13.650000,13.540000,13.650000,4.387753,19600
2003-02-03,13.650000,13.650000,13.550000,13.650000,4.387753,12100
2003-02-04,13.550000,13.640000,13.510000,13.640000,4.384538,18000
2003-02-05,13.640000,13.660000,13.510000,13.600000,4.371683,35300
2003-02-06,13.640000,13.660000,13.460000,13.540000,4.352394,25900
2003-02-07,13.540000,13.660000,13.450000,13.640000,4.384538,35900
2003-02-10,13.660000,13.670000,13.470000,13.480000,4.333106,27200
2003-02-11,13.580000,13.670000,13.490000,13.670000,4.394179,19000
2003-02-12,13.670000,13.670000,13.450000,13.670000,4.394179,40700
2003-02-13,13.720000,13.820000,13.420000,13.670000,4.394179,23500
2003-02-14,13.670000,13.990000,13.670000,13.800000,4.435971,25300
2003-02-18,13.550000,13.950000,13.550000,13.850000,4.452042,36300
2003-02-19,13.800000,14.020000,13.760000,13.880000,4.461689,36800
2003-02-20,13.940000,14.090000,13.760000,14.090000,4.529190,19400
2003-02-21,13.960000,14.040000,13.840000,13.990000,4.497046,31100
2003-02-24,14.020000,14.140000,13.790000,14.140000,4.545260,45800
2003-02-25,14.150000,14.150000,13.800000,13.890000,4.464900,55200
2003-02-26,13.900000,13.900000,13.600000,13.600000,4.392555,20700
2003-02-27,13.570000,14.000000,13.570000,13.620000,4.399013,55100
2003-02-28,13.630000,13.890000,13.600000,13.860000,4.476528,27100
2003-03-03,13.710000,13.850000,13.670000,13.840000,4.470068,19800
2003-03-04,13.840000,13.890000,13.100000,13.490000,4.357023,235100
2003-03-05,13.490000,13.490000,13.330000,13.490000,4.357023,61900
2003-03-06,13.280000,13.450000,13.280000,13.450000,4.344105,78600
2003-03-07,13.450000,13.640000,13.320000,13.640000,4.405470,55900
2003-03-10,13.650000,13.700000,13.520000,13.700000,4.424851,32200
2003-03-11,13.720000,13.810000,13.670000,13.810000,4.460379,29400
2003-03-12,13.820000,13.840000,13.670000,13.760000,4.444229,42500
2003-03-13,13.810000,13.910000,13.660000,13.800000,4.457147,96900
2003-03-14,13.820000,14.050000,13.760000,14.010000,4.524977,71900
2003-03-17,14.010000,14.350000,13.900000,13.920000,4.495906,82100
2003-03-18,14.000000,14.180000,13.900000,14.160000,4.573420,64000
2003-03-19,14.100000,14.150000,13.900000,14.080000,4.547585,45200
2003-03-20,13.860000,14.080000,13.860000,14.000000,4.521744,49400
2003-03-21,14.070000,14.100000,13.870000,14.100000,4.554044,37300
2003-03-24,13.870000,14.090000,13.850000,14.090000,4.550815,58500
2003-03-25,13.800000,14.000000,13.740000,13.900000,4.510571,55900
2003-03-26,14.100000,14.140000,13.890000,14.100000,4.575475,29600
2003-03-27,13.800000,14.090000,13.800000,14.090000,4.572231,36700
2003-03-28,14.090000,14.090000,13.900000,13.950000,4.526797,20200
2003-03-31,14.000000,14.140000,13.830000,14.110000,4.578720,22100
2003-04-01,14.130000,14.150000,13.910000,14.150000,4.591703,27300
2003-04-02,14.150000,14.230000,14.000000,14.180000,4.601439,33100
2003-04-03,14.200000,14.200000,13.870000,14.130000,4.585212,38100
2003-04-04,14.140000,14.150000,14.050000,14.150000,4.591703,46200
2003-04-07,14.100000,14.130000,14.010000,14.100000,4.575475,16400
2003-04-08,14.170000,14.170000,13.950000,14.120000,4.581962,37900
2003-04-09,14.070000,14.220000,14.070000,14.200000,4.607927,48100
2003-04-10,14.130000,14.240000,14.090000,14.150000,4.591703,41800
2003-04-11,14.240000,14.500000,14.160000,14.210000,4.611169,94800
2003-04-14,14.160000,14.340000,14.080000,14.210000,4.611169,45200
2003-04-15,14.130000,14.420000,14.130000,14.380000,4.666337,48700
2003-04-16,14.350000,14.400000,14.230000,14.350000,4.656601,33500
2003-04-17,14.260000,14.460000,14.260000,14.400000,4.672823,40300
2003-04-21,14.470000,14.470000,14.260000,14.360000,4.659842,42100
2003-04-22,14.250000,14.450000,14.250000,14.300000,4.640374,80500
2003-04-23,14.250000,14.340000,14.170000,14.330000,4.671673,49000
2003-04-24,14.330000,14.330000,14.210000,14.300000,4.661893,42300
2003-04-25,14.300000,14.390000,14.210000,14.380000,4.687972,26000
2003-04-28,14.390000,14.390000,14.210000,14.280000,4.655371,62500
2003-04-29,14.290000,14.310000,14.170000,14.310000,4.665152,46400
2003-04-30,14.300000,14.300000,14.120000,14.120000,4.603209,49500
2003-05-01,14.200000,14.320000,14.120000,14.250000,4.645593,41700
2003-05-02,14.310000,14.400000,14.250000,14.400000,4.694489,31000
2003-05-05,14.430000,14.470000,14.370000,14.400000,4.694489,36500
2003-05-06,14.400000,14.500000,14.330000,14.420000,4.701014,43800
2003-05-07,14.430000,14.750000,14.400000,14.550000,4.743395,42000
2003-05-08,14.510000,14.710000,14.460000,14.690000,4.789036,47000
2003-05-09,14.690000,14.800000,14.550000,14.700000,4.792289,62400
2003-05-12,14.900000,14.900000,14.500000,14.700000,4.792289,62600
2003-05-13,14.600000,14.750000,14.570000,14.650000,4.775996,36300
2003-05-14,14.690000,14.690000,14.510000,14.680000,4.785771,84100
2003-05-15,14.780000,14.780000,14.550000,14.650000,4.775996,35000
2003-05-16,14.560000,14.890000,14.560000,14.750000,4.808595,66400
2003-05-19,14.890000,14.890000,14.560000,14.690000,4.789036,45300
2003-05-20,14.720000,14.740000,14.570000,14.700000,4.792289,57300
2003-05-21,14.600000,14.740000,14.570000,14.610000,4.762955,48900
2003-05-22,14.540000,14.690000,14.510000,14.570000,4.771468,54700
2003-05-23,14.550000,14.650000,14.520000,14.640000,4.794392,38500
2003-05-27,14.700000,14.750000,14.500000,14.500000,4.748545,53300
2003-05-28,14.500000,14.640000,14.410000,14.550000,4.764920,61300
2003-05-29,14.390000,14.730000,14.390000,14.560000,4.768197,47800
2003-05-30,14.570000,14.740000,14.570000,14.730000,4.823866,37200
2003-06-02,14.760000,14.850000,14.650000,14.850000,4.863164,48200
2003-06-03,14.850000,14.890000,14.710000,14.800000,4.846789,63500
2003-06-04,14.710000,14.800000,14.700000,14.770000,4.836965,34700
2003-06-05,14.830000,14.890000,14.770000,14.800000,4.846789,47000
2003-06-06,14.890000,14.890000,14.690000,14.790000,4.843517,38300
2003-06-09,14.720000,14.810000,14.660000,14.810000,4.850067,48400
2003-06-10,14.860000,14.880000,14.690000,14.710000,4.817315,53600
2003-06-11,14.760000,14.870000,14.680000,14.790000,4.843517,49700
2003-06-12,14.710000,14.800000,14.670000,14.720000,4.820593,41800
2003-06-13,14.790000,14.850000,14.710000,14.730000,4.823866,38200
2003-06-16,14.860000,14.860000,14.730000,14.840000,4.859888,77400
2003-06-17,14.840000,14.980000,14.840000,14.920000,4.886087,53100
2003-06-18,14.930000,14.950000,14.780000,14.900000,4.879539,60800
2003-06-19,14.830000,14.960000,14.770000,14.920000,4.886087,65200
2003-06-20,14.920000,14.920000,14.760000,14.800000,4.846789,32400
2003-06-23,14.900000,14.950000,14.750000,14.900000,4.879539,33700
2003-06-24,14.700000,14.900000,14.700000,14.900000,4.901248,41800
2003-06-25,14.900000,14.900000,14.760000,14.810000,4.871645,52700
2003-06-26,14.800000,14.870000,14.760000,14.830000,4.878222,29800
2003-06-27,14.760000,14.880000,14.760000,14.880000,4.894668,26600
2003-06-30,14.880000,14.940000,14.600000,14.780000,4.861774,76600
2003-07-01,14.730000,14.890000,14.700000,14.880000,4.894668,45200
2003-07-02,14.810000,14.950000,14.800000,14.950000,4.917699,34700
2003-07-03,14.960000,14.990000,14.900000,14.990000,4.930854,18600
2003-07-07,14.990000,14.990000,14.700000,14.740000,4.848621,58800
2003-07-08,14.780000,14.880000,14.710000,14.850000,4.884801,53100
2003-07-09,14.850000,14.930000,14.800000,14.810000,4.871645,46100
2003-07-10,14.800000,14.840000,14.770000,14.840000,4.881510,28800
2003-07-11,14.760000,14.800000,14.730000,14.740000,4.848621,13900
2003-07-14,14.750000,14.790000,14.560000,14.630000,4.812433,29700
2003-07-15,14.650000,14.690000,14.450000,14.600000,4.802563,27900
2003-07-16,14.600000,14.600000,14.120000,14.150000,4.654541,54900
2003-07-17,13.910000,14.000000,13.610000,13.870000,4.562439,95600
2003-07-18,13.800000,13.950000,13.730000,13.950000,4.588753,40800
2003-07-21,13.880000,13.950000,13.750000,13.750000,4.522964,33800
2003-07-22,13.800000,14.080000,13.660000,14.080000,4.631520,27700
2003-07-23,14.120000,14.120000,13.930000,13.970000,4.616973,32500
2003-07-24,14.020000,14.030000,13.880000,13.880000,4.587227,33000
2003-07-25,13.870000,13.930000,13.750000,13.900000,4.593840,27900
2003-07-28,13.910000,13.910000,13.500000,13.730000,4.537655,48400
2003-07-29,13.730000,13.760000,13.580000,13.760000,4.547573,21000
2003-07-30,13.550000,13.610000,13.340000,13.610000,4.497998,61200
2003-07-31,13.610000,13.700000,13.560000,13.620000,4.501305,27200
2003-08-01,13.730000,13.730000,13.330000,13.400000,4.428595,29600
2003-08-04,13.400000,13.750000,13.400000,13.750000,4.544265,38100
2003-08-05,13.750000,13.760000,13.570000,13.570000,4.484777,22200
2003-08-06,13.600000,13.680000,13.520000,13.610000,4.497998,33100
2003-08-07,13.610000,13.890000,13.610000,13.840000,4.574009,23700
2003-08-08,13.740000,14.000000,13.740000,14.000000,4.626886,18500
2003-08-11,13.860000,13.970000,13.850000,13.850000,4.577317,12700
2003-08-12,13.750000,13.850000,13.570000,13.800000,4.560790,40700
2003-08-13,13.750000,13.750000,13.500000,13.500000,4.461642,18000
2003-08-14,13.510000,13.510000,13.380000,13.440000,4.441813,27800
2003-08-15,13.540000,13.540000,13.540000,13.540000,4.474866,10900
2003-08-18,13.400000,13.550000,13.300000,13.550000,4.478166,33400
2003-08-19,13.400000,13.550000,13.350000,13.550000,4.478166,18400
2003-08-20,13.600000,13.790000,13.550000,13.600000,4.494690,31300
2003-08-21,13.650000,13.650000,13.410000,13.490000,4.480081,36000
2003-08-22,13.410000,13.450000,13.290000,13.320000,4.423624,15100
2003-08-25,13.290000,13.310000,13.170000,13.180000,4.377128,46300
2003-08-26,13.160000,13.200000,12.970000,12.970000,4.307385,87600
2003-08-27,13.030000,13.180000,13.000000,13.150000,4.367166,55300
2003-08-28,13.180000,13.400000,13.040000,13.300000,4.416978,38200
2003-08-29,13.390000,13.430000,13.360000,13.400000,4.450192,15400
2003-09-02,13.300000,13.460000,13.280000,13.340000,4.430263,27700
2003-09-03,13.260000,13.490000,13.250000,13.490000,4.480081,27300
2003-09-04,13.500000,13.500000,13.330000,13.390000,4.446869,16600
2003-09-05,13.360000,13.500000,13.360000,13.500000,4.483399,22300
2003-09-08,13.500000,13.520000,13.370000,13.490000,4.480081,36700
2003-09-09,13.360000,13.420000,13.320000,13.320000,4.423624,28200
2003-09-10,13.360000,13.490000,13.270000,13.300000,4.416978,31700
2003-09-11,13.450000,13.450000,13.260000,13.350000,4.433586,29300
2003-09-12,13.330000,13.540000,13.330000,13.530000,4.493366,24700
2003-09-15,13.550000,13.550000,13.360000,13.500000,4.483399,54200
2003-09-16,13.500000,13.500000,13.350000,13.420000,4.456834,53700
2003-09-17,13.390000,13.500000,13.390000,13.480000,4.476758,28900
2003-09-18,13.480000,13.480000,13.380000,13.420000,4.456834,49500
2003-09-19,13.420000,13.460000,13.360000,13.400000,4.450192,26900
2003-09-22,13.370000,13.390000,13.100000,13.210000,4.387089,118200
2003-09-23,13.130000,13.270000,13.060000,13.120000,4.379077,57200
2003-09-24,13.150000,13.290000,13.150000,13.250000,4.422471,24800
2003-09-25,13.260000,13.370000,13.200000,13.290000,4.435820,49100
2003-09-26,13.230000,13.330000,13.230000,13.270000,4.429148,32600
2003-09-29,13.270000,13.390000,13.260000,13.350000,4.455848,15300
2003-09-30,13.350000,13.540000,13.350000,13.540000,4.519268,44600
2003-10-01,13.550000,13.610000,13.520000,13.600000,4.539289,46400
2003-10-02,13.600000,13.640000,13.350000,13.470000,4.495899,109500
2003-10-03,13.420000,13.540000,13.420000,13.540000,4.519268,20300
2003-10-06,13.500000,13.600000,13.460000,13.530000,4.515928,21200
2003-10-07,13.600000,13.650000,13.500000,13.650000,4.555980,37700
2003-10-08,13.650000,13.690000,13.510000,13.670000,4.562653,50700
2003-10-09,13.600000,13.690000,13.440000,13.570000,4.529277,57300
2003-10-10,13.570000,13.630000,13.520000,13.630000,4.549302,22300
2003-10-13,13.610000,13.620000,13.440000,13.520000,4.512588,35600
2003-10-14,13.460000,13.570000,13.430000,13.500000,4.505912,35400
2003-10-15,13.410000,13.500000,13.370000,13.490000,4.502577,34100
2003-10-16,13.500000,13.500000,13.400000,13.500000,4.505912,38600
2003-10-17,13.500000,13.510000,13.410000,13.510000,4.509251,35700
2003-10-20,13.440000,13.550000,13.400000,13.450000,4.489226,46200
2003-10-21,13.460000,13.510000,13.410000,13.430000,4.482551,30600
2003-10-22,13.470000,13.570000,13.470000,13.570000,4.529277,28600
2003-10-23,13.400000,13.460000,13.370000,13.370000,4.484334,44400
2003-10-24,13.430000,13.480000,13.340000,13.460000,4.514521,34300
2003-10-27,13.470000,13.470000,13.300000,13.350000,4.477625,43800
2003-10-28,13.330000,13.420000,13.300000,13.360000,4.480978,47300
2003-10-29,13.360000,13.470000,13.360000,13.370000,4.484334,46200
2003-10-30,13.380000,13.420000,13.320000,13.360000,4.480978,30800
2003-10-31,13.330000,13.360000,13.300000,13.330000,4.470914,24900
2003-11-03,13.300000,13.360000,13.280000,13.300000,4.460855,22500
2003-11-04,13.340000,13.360000,13.280000,13.350000,4.477625,30700
2003-11-05,13.350000,13.400000,13.290000,13.400000,4.494395,46100
2003-11-06,13.400000,13.400000,13.300000,13.310000,4.464207,36800
2003-11-07,13.380000,13.380000,13.270000,13.350000,4.477625,31900
2003-11-10,13.300000,13.400000,13.290000,13.290000,4.457500,37100
2003-11-11,13.260000,13.380000,13.250000,13.330000,4.470914,30700
2003-11-12,13.280000,13.360000,13.220000,13.360000,4.480978,64800
2003-11-13,13.380000,13.400000,13.270000,13.340000,4.474271,38400
2003-11-14,13.390000,13.440000,13.300000,13.380000,4.487686,28900
2003-11-17,13.400000,13.400000,13.300000,13.340000,4.474271,38700
2003-11-18,13.380000,13.470000,13.310000,13.470000,4.517875,42800
2003-11-19,13.420000,13.550000,13.400000,13.520000,4.534642,37600
2003-11-20,13.490000,13.540000,13.450000,13.450000,4.511168,52400
2003-11-21,13.460000,13.540000,13.450000,13.450000,4.511168,44100
2003-11-24,13.460000,13.550000,13.410000,13.410000,4.497748,44300
2003-11-25,13.340000,13.440000,13.310000,13.400000,4.516626,53700
2003-11-26,13.330000,13.420000,13.330000,13.360000,4.503143,24800
2003-11-28,13.390000,13.430000,13.350000,13.430000,4.526736,17700
2003-12-01,13.380000,13.460000,13.370000,13.420000,4.523365,48100
2003-12-02,13.410000,13.420000,13.300000,13.350000,4.499772,62600
2003-12-03,13.320000,13.350000,13.270000,13.270000,4.472809,68800
2003-12-04,13.280000,13.340000,13.280000,13.340000,4.496401,48300
2003-12-05,13.350000,13.400000,13.310000,13.360000,4.503143,49900
2003-12-08,13.350000,13.470000,13.350000,13.410000,4.519994,60100
2003-12-09,13.400000,13.500000,13.400000,13.460000,4.536849,66100
2003-12-10,13.490000,13.530000,13.450000,13.510000,4.553701,36100
2003-12-11,13.460000,13.530000,13.450000,13.460000,4.536849,42200
2003-12-12,13.460000,13.530000,13.440000,13.450000,4.533478,51700
2003-12-15,13.420000,13.480000,13.370000,13.400000,4.516626,52700
2003-12-16,13.400000,13.540000,13.360000,13.460000,4.536849,81700
2003-12-17,13.450000,13.650000,13.450000,13.640000,4.597521,63500
2003-12-18,13.620000,13.670000,13.490000,13.550000,4.567182,82800
2003-12-19,13.550000,13.640000,13.500000,13.530000,4.560443,58000
2003-12-22,13.550000,13.640000,13.470000,13.560000,4.570557,119100
2003-12-23,13.470000,13.560000,13.470000,13.560000,4.592908,72200
2003-12-24,13.570000,13.610000,13.480000,13.510000,4.575970,35000
2003-12-26,13.500000,13.560000,13.480000,13.560000,4.592908,16200
2003-12-29,13.510000,13.570000,13.480000,13.570000,4.596299,60100
2003-12-30,13.520000,13.570000,13.470000,13.510000,4.575970,97200
2003-12-31,13.500000,13.560000,13.490000,13.510000,4.575970,145600
2004-01-02,13.550000,13.610000,13.510000,13.610000,4.609847,18900
2004-01-05,13.600000,13.600000,13.540000,13.590000,4.603069,48700
2004-01-06,13.600000,13.670000,13.550000,13.630000,4.616618,62100
2004-01-07,13.640000,13.650000,13.530000,13.570000,4.596299,56700
2004-01-08,13.580000,13.710000,13.580000,13.710000,4.643716,59000
2004-01-09,13.680000,13.820000,13.680000,13.780000,4.667426,45700
2004-01-12,13.800000,13.940000,13.730000,13.870000,4.697910,75900
2004-01-13,13.840000,13.990000,13.840000,13.950000,4.725008,71500
2004-01-14,13.920000,14.080000,13.910000,14.000000,4.741942,77000
2004-01-15,14.050000,14.080000,13.950000,14.080000,4.769039,55800
2004-01-16,14.130000,14.330000,14.090000,14.270000,4.833395,115900
2004-01-20,14.290000,14.500000,14.240000,14.390000,4.874040,61400
2004-01-21,14.410000,14.420000,14.290000,14.400000,4.877428,40900
2004-01-22,14.300000,14.300000,14.190000,14.210000,4.835233,56200
2004-01-23,14.230000,14.300000,14.160000,14.160000,4.818220,53700
2004-01-26,14.150000,14.150000,14.090000,14.090000,4.794401,22200
2004-01-27,14.080000,14.200000,13.890000,14.170000,4.821623,87800
2004-01-28,14.090000,14.220000,14.010000,14.010000,4.767176,23200
2004-01-29,14.000000,14.200000,13.960000,14.200000,4.831831,33300
2004-01-30,14.150000,14.450000,14.010000,14.400000,4.899886,39600
2004-02-02,14.330000,14.330000,13.800000,13.960000,4.750165,76000
2004-02-03,13.950000,14.140000,13.950000,14.140000,4.811414,42600
2004-02-04,14.150000,14.270000,14.120000,14.270000,4.855649,31000
2004-02-05,14.210000,14.300000,14.210000,14.240000,4.845440,46900
2004-02-06,14.230000,14.270000,14.220000,14.270000,4.855649,27300
2004-02-09,14.270000,14.270000,14.200000,14.260000,4.852249,37800
2004-02-10,14.210000,14.270000,14.200000,14.260000,4.852249,54400
2004-02-11,14.260000,14.280000,14.200000,14.250000,4.848845,34500
2004-02-12,14.250000,14.260000,14.150000,14.210000,4.835233,48700
2004-02-13,14.240000,14.270000,14.240000,14.260000,4.852249,42900
2004-02-17,14.230000,14.270000,14.150000,14.150000,4.814817,71100
2004-02-18,14.170000,14.270000,14.150000,14.200000,4.831831,81300
2004-02-19,14.100000,14.270000,14.100000,14.160000,4.818220,69000
2004-02-20,14.190000,14.240000,14.130000,14.170000,4.821623,25600
2004-02-23,14.170000,14.300000,14.170000,14.240000,4.845440,69500
2004-02-24,14.280000,14.300000,14.220000,14.290000,4.862456,40600
2004-02-25,14.170000,14.260000,14.160000,14.180000,4.847414,44500
2004-02-26,14.210000,14.310000,14.170000,14.310000,4.891852,34200
2004-02-27,14.350000,14.570000,14.330000,14.540000,4.970479,90200
2004-03-01,14.500000,14.530000,14.420000,14.520000,4.963644,29300
2004-03-02,14.500000,14.660000,14.470000,14.510000,4.960225,77500
2004-03-03,14.500000,14.540000,14.370000,14.500000,4.956804,58600
2004-03-04,14.490000,14.500000,14.320000,14.480000,4.949967,44700
2004-03-05,14.500000,14.660000,14.500000,14.620000,4.997828,68800
2004-03-08,14.610000,14.700000,14.470000,14.550000,4.973900,55500
2004-03-09,14.480000,14.590000,14.400000,14.500000,4.956804,90000
2004-03-10,14.520000,14.550000,14.430000,14.500000,4.956804,55500
2004-03-11,14.450000,14.550000,14.430000,14.480000,4.949967,31500
2004-03-12,14.560000,14.680000,14.540000,14.620000,4.997828,55000
2004-03-15,14.660000,14.690000,14.570000,14.570000,4.980734,28100
2004-03-16,14.580000,14.710000,14.560000,14.640000,5.004667,44000
2004-03-17,14.630000,14.700000,14.590000,14.700000,5.025177,50700
2004-03-18,14.640000,14.680000,14.550000,14.600000,4.990990,37800
2004-03-19,14.550000,14.590000,14.490000,14.520000,4.963644,49100
2004-03-22,14.550000,14.610000,14.510000,14.590000,4.987571,49800
2004-03-23,14.470000,14.560000,14.430000,14.430000,4.955289,43300
2004-03-24,14.440000,14.480000,14.380000,14.460000,4.965594,91800
2004-03-25,14.410000,14.450000,14.350000,14.380000,4.938118,29600
2004-03-26,14.350000,14.530000,14.350000,14.530000,4.989630,46600
2004-03-29,14.540000,14.550000,14.440000,14.550000,4.996503,35200
2004-03-30,14.450000,14.540000,14.450000,14.450000,4.962160,40000
2004-03-31,14.510000,14.560000,14.450000,14.460000,4.965594,51700
2004-04-01,14.500000,14.500000,14.410000,14.450000,4.962160,25200
2004-04-02,14.430000,14.430000,14.150000,14.270000,4.900346,50000
2004-04-05,14.150000,14.150000,13.860000,13.900000,4.773287,63800
2004-04-06,13.810000,13.900000,13.740000,13.750000,4.721779,62100
2004-04-07,13.810000,13.880000,13.710000,13.710000,4.708043,54500
2004-04-08,13.760000,13.880000,13.720000,13.850000,4.756119,30400
2004-04-12,13.830000,13.880000,13.630000,13.630000,4.680570,40800
2004-04-13,13.530000,13.600000,13.390000,13.460000,4.622192,62500
2004-04-14,13.400000,13.440000,13.180000,13.290000,4.563812,75800
2004-04-15,13.260000,13.550000,13.250000,13.300000,4.567245,75500
2004-04-16,13.400000,13.510000,13.360000,13.360000,4.587852,62100
2004-04-19,13.350000,13.470000,13.350000,13.360000,4.587852,25800
2004-04-20,13.310000,13.360000,13.240000,13.340000,4.580981,30400
2004-04-21,13.150000,13.340000,13.070000,13.340000,4.580981,79200
2004-04-22,13.050000,13.300000,13.050000,13.140000,4.534739,67800
2004-04-23,13.140000,13.150000,12.820000,12.950000,4.469165,89100
2004-04-26,12.940000,13.000000,12.810000,12.810000,4.420851,31600
2004-04-27,12.900000,12.920000,12.700000,12.710000,4.386344,71300
2004-04-28,12.690000,12.770000,12.660000,12.670000,4.372538,54300
2004-04-29,12.670000,12.990000,12.610000,12.710000,4.386344,94900
2004-04-30,12.710000,12.800000,12.710000,12.790000,4.413952,42400
2004-05-03,12.710000,12.790000,12.660000,12.750000,4.400147,56500
2004-05-04,12.800000,12.800000,12.680000,12.700000,4.382889,44300
2004-05-05,12.750000,12.750000,12.690000,12.750000,4.400147,60800
2004-05-06,12.750000,12.790000,12.690000,12.690000,4.379442,91100
2004-05-07,12.620000,12.620000,12.310000,12.600000,4.348382,104200
2004-05-10,12.580000,12.580000,12.200000,12.300000,4.244844,40700
2004-05-11,12.330000,12.800000,12.300000,12.670000,4.372538,125500
2004-05-12,12.510000,12.650000,12.350000,12.440000,4.293167,41700
2004-05-13,12.400000,12.400000,12.150000,12.230000,4.220685,27200
2004-05-14,12.250000,12.500000,12.250000,12.390000,4.275908,36400
2004-05-17,12.390000,12.520000,12.390000,12.390000,4.275908,35100
2004-05-18,12.490000,12.520000,12.400000,12.420000,4.286259,65700
2004-05-19,12.420000,12.490000,12.320000,12.390000,4.275908,43500
2004-05-20,12.340000,12.510000,12.340000,12.420000,4.286259,44700
2004-05-21,12.460000,12.570000,12.440000,12.560000,4.334576,19000
2004-05-24,12.510000,12.650000,12.500000,12.610000,4.351828,51200
2004-05-25,12.470000,12.630000,12.470000,12.630000,4.381668,58800
2004-05-26,12.600000,12.710000,12.570000,12.700000,4.405951,38500
2004-05-27,12.730000,12.730000,12.610000,12.680000,4.399013,35000
2004-05-28,12.700000,12.740000,12.600000,12.720000,4.412888,35800
2004-06-01,12.800000,12.800000,12.670000,12.720000,4.412888,27100
2004-06-02,12.750000,12.810000,12.680000,12.810000,4.444110,33400
2004-06-03,12.770000,12.800000,12.680000,12.800000,4.440641,39100
2004-06-04,12.700000,12.790000,12.620000,12.770000,4.430236,31400
2004-06-07,12.770000,12.780000,12.640000,12.660000,4.392075,45800
2004-06-08,12.650000,12.670000,12.550000,12.640000,4.385138,50300
2004-06-09,12.640000,12.670000,12.560000,12.650000,4.388607,46000
2004-06-10,12.700000,12.700000,12.570000,12.610000,4.374726,30400
2004-06-14,12.590000,12.600000,12.390000,12.400000,4.301873,63100
2004-06-15,12.450000,12.600000,12.400000,12.530000,4.346976,50700
2004-06-16,12.530000,12.610000,12.460000,12.600000,4.371261,37700
2004-06-17,12.530000,12.630000,12.420000,12.590000,4.367788,78800
2004-06-18,12.580000,12.610000,12.460000,12.510000,4.340033,42100
2004-06-21,12.560000,12.570000,12.470000,12.560000,4.357380,29600
2004-06-22,12.550000,12.640000,12.530000,12.630000,4.381668,43300
2004-06-23,12.520000,12.570000,12.410000,12.500000,4.359344,35200
2004-06-24,12.550000,12.630000,12.480000,12.540000,4.373296,50600
2004-06-25,12.510000,12.600000,12.500000,12.600000,4.394222,33000
2004-06-28,12.620000,12.620000,12.530000,12.580000,4.387245,13000
2004-06-29,12.530000,12.570000,12.500000,12.530000,4.369809,22600
2004-06-30,12.530000,12.580000,12.490000,12.530000,4.369809,31200
2004-07-01,12.530000,12.650000,12.530000,12.550000,4.376781,48900
2004-07-02,12.570000,12.790000,12.570000,12.650000,4.411659,57800
2004-07-06,12.750000,12.750000,12.560000,12.660000,4.415142,23800
2004-07-07,12.690000,12.790000,12.660000,12.750000,4.446534,32100
2004-07-08,12.760000,12.850000,12.750000,12.840000,4.477917,26100
2004-07-09,12.860000,12.980000,12.800000,12.960000,4.519772,47200
2004-07-12,12.970000,12.980000,12.870000,12.890000,4.495354,47600
2004-07-13,12.930000,12.930000,12.770000,12.820000,4.470947,42000
2004-07-14,12.870000,12.920000,12.800000,12.830000,4.474431,45000
2004-07-15,12.850000,12.910000,12.800000,12.830000,4.474431,45400
2004-07-16,12.840000,12.960000,12.840000,12.960000,4.519772,20800
2004-07-19,12.950000,13.000000,12.900000,13.000000,4.533720,49700
2004-07-20,13.000000,13.090000,13.000000,13.090000,4.565105,65900
2004-07-21,13.020000,13.090000,12.970000,13.080000,4.561621,38800
2004-07-22,12.930000,13.100000,12.900000,13.090000,4.588257,51800
2004-07-23,13.040000,13.070000,12.990000,12.990000,4.553205,32300
2004-07-26,12.980000,13.200000,12.980000,13.110000,4.595268,30800
2004-07-27,13.070000,13.070000,12.960000,12.960000,4.542695,27200
2004-07-28,12.960000,13.100000,12.870000,13.040000,4.570732,34300
2004-07-29,13.090000,13.150000,12.980000,13.150000,4.609289,23500
2004-07-30,13.240000,13.260000,13.050000,13.260000,4.647847,15800
2004-08-02,13.350000,13.450000,13.220000,13.330000,4.672383,58700
2004-08-03,13.430000,13.430000,13.280000,13.340000,4.675889,50700
2004-08-04,13.350000,13.370000,13.310000,13.370000,4.686404,17100
2004-08-05,13.370000,13.400000,13.270000,13.360000,4.682903,21900
2004-08-06,13.380000,13.400000,12.430000,13.340000,4.675889,165200
2004-08-09,13.400000,13.420000,13.270000,13.400000,4.696916,69600
2004-08-10,13.450000,13.490000,13.330000,13.390000,4.693418,33900
2004-08-11,13.380000,13.420000,13.310000,13.400000,4.696916,46300
2004-08-12,13.350000,13.440000,13.350000,13.440000,4.710938,14600
2004-08-13,13.390000,13.480000,13.380000,13.400000,4.696916,22800
2004-08-16,13.480000,13.620000,13.410000,13.620000,4.774033,33900
2004-08-17,13.680000,13.690000,13.360000,13.550000,4.749496,76200
2004-08-18,13.550000,13.560000,13.400000,13.560000,4.753002,40600
2004-08-19,13.590000,13.680000,13.530000,13.550000,4.749496,44200
2004-08-20,13.550000,13.650000,13.500000,13.500000,4.731971,36700
2004-08-23,13.580000,13.610000,13.460000,13.510000,4.735480,29900
2004-08-24,13.500000,13.500000,13.380000,13.500000,4.755201,40400
2004-08-25,13.450000,13.650000,13.400000,13.580000,4.783381,48000
2004-08-26,13.640000,13.700000,13.550000,13.650000,4.808036,47900
2004-08-27,13.610000,13.770000,13.570000,13.740000,4.839736,21800
2004-08-30,13.700000,13.740000,13.510000,13.610000,4.793944,40200
2004-08-31,13.530000,13.760000,13.530000,13.760000,4.846783,35100
2004-09-01,13.650000,13.730000,13.590000,13.640000,4.804513,45900
2004-09-02,13.600000,13.750000,13.600000,13.750000,4.843261,37400
2004-09-03,13.650000,13.740000,13.570000,13.670000,4.815082,20200
2004-09-07,13.640000,13.740000,13.610000,13.670000,4.815082,34000
2004-09-08,13.610000,13.720000,13.600000,13.720000,4.832696,29600
2004-09-09,13.740000,13.740000,13.600000,13.680000,4.818604,42700
2004-09-10,13.720000,13.790000,13.660000,13.740000,4.839736,28900
2004-09-13,13.740000,13.870000,13.740000,13.770000,4.850301,46800
2004-09-14,13.720000,13.830000,13.700000,13.830000,4.871438,28200
2004-09-15,13.720000,13.850000,13.670000,13.830000,4.871438,27700
2004-09-16,13.650000,13.950000,13.450000,13.450000,4.737590,145100
2004-09-17,13.550000,13.730000,13.550000,13.730000,4.836216,57600
2004-09-20,13.740000,13.780000,13.660000,13.760000,4.846783,35900
2004-09-21,13.720000,13.790000,13.660000,13.780000,4.853826,52100
2004-09-22,13.760000,13.840000,13.750000,13.810000,4.864397,45300
2004-09-23,13.700000,13.790000,13.670000,13.680000,4.841744,46400
2004-09-24,13.730000,13.850000,13.690000,13.850000,4.901908,45500
2004-09-27,13.800000,13.880000,13.800000,13.840000,4.898372,25400
2004-09-28,13.860000,13.910000,13.790000,13.810000,4.887755,47600
2004-09-29,13.790000,13.870000,13.720000,13.750000,4.866520,44600
2004-09-30,13.760000,13.850000,13.750000,13.830000,4.894830,22600
2004-10-01,13.830000,13.850000,13.740000,13.850000,4.901908,20400
2004-10-04,13.870000,13.870000,13.730000,13.840000,4.898372,57100
2004-10-05,13.820000,13.820000,13.600000,13.690000,4.845280,40900
2004-10-06,13.730000,13.790000,13.710000,13.780000,4.877137,36000
2004-10-07,13.710000,13.820000,13.690000,13.690000,4.845280,29600
2004-10-08,13.690000,13.750000,13.690000,13.750000,4.866520,20900
2004-10-11,13.730000,13.800000,13.700000,13.800000,4.884218,33000
2004-10-12,13.740000,13.880000,13.730000,13.880000,4.912529,25700
2004-10-13,13.720000,13.880000,13.720000,13.880000,4.912529,30600
2004-10-14,13.820000,13.900000,13.790000,13.790000,4.880677,32800
2004-10-15,13.850000,13.900000,13.760000,13.820000,4.891293,27500
2004-10-18,13.840000,13.840000,13.770000,13.840000,4.898372,26900
2004-10-19,13.810000,13.840000,13.770000,13.770000,4.873593,31200
2004-10-20,13.770000,13.860000,13.760000,13.820000,4.891293,33000
2004-10-21,13.730000,13.800000,13.670000,13.720000,4.879202,45300
2004-10-22,13.700000,13.720000,13.630000,13.650000,4.854308,30600
2004-10-25,13.660000,13.720000,13.620000,13.640000,4.850754,42400
2004-10-26,13.590000,13.690000,13.560000,13.630000,4.847196,62800
2004-10-27,13.620000,13.640000,13.530000,13.610000,4.840082,57600
2004-10-28,13.550000,13.650000,13.520000,13.650000,4.854308,38400
2004-10-29,13.660000,13.700000,13.590000,13.700000,4.872087,27100
2004-11-01,13.600000,13.780000,13.600000,13.680000,4.864979,47200
2004-11-02,13.630000,13.800000,13.630000,13.800000,4.907651,43400
2004-11-03,13.770000,13.790000,13.660000,13.730000,4.882756,31500
2004-11-04,13.800000,13.840000,13.710000,13.720000,4.879202,34900
2004-11-05,13.650000,13.690000,13.460000,13.470000,4.790297,45500
2004-11-08,13.450000,13.470000,13.200000,13.210000,4.697833,58700
2004-11-09,13.250000,13.390000,13.180000,13.250000,4.712055,48300
2004-11-10,13.280000,13.330000,13.230000,13.260000,4.715616,20000
2004-11-11,13.240000,13.290000,13.230000,13.250000,4.712055,50100
2004-11-12,13.250000,13.340000,13.250000,13.320000,4.736950,47800
2004-11-15,13.300000,13.390000,13.300000,13.390000,4.761844,34200
2004-11-16,13.270000,13.370000,13.270000,13.370000,4.754732,72200
2004-11-17,13.400000,13.450000,13.350000,13.430000,4.776069,62300
2004-11-18,13.350000,13.460000,13.350000,13.430000,4.776069,61300
2004-11-19,13.400000,13.430000,13.280000,13.410000,4.768959,51800
2004-11-22,13.670000,13.670000,13.340000,13.470000,4.790297,59300
2004-11-23,13.240000,13.470000,13.200000,13.260000,4.738834,59100
2004-11-24,13.340000,13.340000,13.200000,13.210000,4.720963,48000
2004-11-26,13.200000,13.280000,13.200000,13.220000,4.724536,20800
2004-11-29,13.260000,13.280000,13.090000,13.130000,4.692371,62300
2004-11-30,13.130000,13.250000,13.080000,13.200000,4.717389,81500
2004-12-01,13.160000,13.270000,13.150000,13.240000,4.731684,40100
2004-12-02,13.160000,13.230000,12.980000,13.010000,4.649488,112900
2004-12-03,13.010000,13.200000,13.000000,13.150000,4.699520,60900
2004-12-06,13.150000,13.200000,13.050000,13.190000,4.713815,45200
2004-12-07,13.100000,13.240000,13.070000,13.220000,4.724536,90900
2004-12-08,13.170000,13.250000,13.110000,13.120000,4.688798,103300
2004-12-09,13.090000,13.130000,13.050000,13.080000,4.674505,100900
2004-12-10,13.140000,13.180000,13.070000,13.160000,4.703093,60400
2004-12-13,13.130000,13.200000,13.090000,13.160000,4.703093,68500
2004-12-14,13.150000,13.170000,13.090000,13.120000,4.688798,61800
2004-12-15,13.230000,13.230000,13.120000,13.170000,4.706667,56100
2004-12-16,13.130000,13.180000,13.120000,13.180000,4.710243,76500
2004-12-17,13.140000,13.270000,13.130000,13.250000,4.735258,81300
2004-12-20,13.230000,13.240000,13.150000,13.200000,4.717389,59200
2004-12-21,13.220000,13.240000,13.150000,13.150000,4.699520,86200
2004-12-22,13.080000,13.190000,13.060000,13.120000,4.712451,81900
2004-12-23,13.060000,13.150000,13.020000,13.020000,4.676532,100600
2004-12-27,13.040000,13.050000,12.970000,13.010000,4.672942,75200
2004-12-28,13.010000,13.080000,12.980000,13.080000,4.698082,75500
2004-12-29,13.040000,13.130000,13.010000,13.080000,4.698082,99400
2004-12-30,13.070000,13.200000,13.050000,13.150000,4.723226,70400
2004-12-31,13.160000,13.200000,13.080000,13.100000,4.705263,69100
2005-01-03,13.150000,13.220000,13.130000,13.160000,4.726816,35700
2005-01-04,13.180000,13.200000,13.090000,13.150000,4.723226,54800
2005-01-05,13.160000,13.220000,13.120000,13.220000,4.748367,44300
2005-01-06,13.170000,13.250000,13.110000,13.250000,4.759143,66000
2005-01-07,13.260000,13.320000,13.250000,13.300000,4.777104,35700
2005-01-10,13.330000,13.370000,13.310000,13.310000,4.780695,32100
2005-01-11,13.300000,13.440000,13.300000,13.440000,4.827388,27100
2005-01-12,13.470000,13.490000,13.320000,13.320000,4.784289,55600
2005-01-13,13.330000,13.440000,13.320000,13.420000,4.820205,29800
2005-01-14,13.440000,13.450000,13.350000,13.350000,4.795063,40300
2005-01-18,13.400000,13.450000,13.350000,13.420000,4.820205,22600
2005-01-19,13.450000,13.510000,13.430000,13.510000,4.852532,141700
2005-01-20,13.470000,13.580000,13.460000,13.580000,4.877674,25300
2005-01-21,13.550000,13.620000,13.540000,13.610000,4.888452,41800
2005-01-24,13.520000,13.610000,13.490000,13.600000,4.884859,41600
2005-01-25,13.510000,13.610000,13.510000,13.600000,4.884859,30800
2005-01-26,13.560000,13.560000,13.420000,13.500000,4.872586,37500
2005-01-27,13.490000,13.520000,13.400000,13.420000,4.843710,41900
2005-01-28,13.450000,13.520000,13.410000,13.500000,4.872586,31800
2005-01-31,13.500000,13.570000,13.440000,13.570000,4.897853,31300
2005-02-01,13.600000,13.640000,13.500000,13.580000,4.901461,40600
2005-02-02,13.500000,13.650000,13.500000,13.630000,4.919508,37300
2005-02-03,13.640000,13.650000,13.580000,13.650000,4.926727,16800
2005-02-04,13.700000,13.800000,13.700000,13.800000,4.980865,37900
2005-02-07,13.730000,13.830000,13.610000,13.750000,4.962823,42800
2005-02-08,13.720000,13.770000,13.680000,13.680000,4.937553,35300
2005-02-09,13.740000,13.800000,13.680000,13.760000,4.966428,30700
2005-02-10,13.810000,13.830000,13.700000,13.700000,4.944775,24500
2005-02-11,13.770000,13.880000,13.700000,13.820000,4.988086,51500
2005-02-14,13.770000,13.850000,13.750000,13.750000,4.962823,27400
2005-02-15,13.720000,13.800000,13.700000,13.800000,4.980865,18600
2005-02-16,13.800000,13.800000,13.680000,13.700000,4.944775,46900
2005-02-17,13.700000,13.700000,13.600000,13.640000,4.923118,21100
2005-02-18,13.640000,13.650000,13.530000,13.630000,4.919508,28100
2005-02-22,13.700000,13.800000,13.470000,13.480000,4.865368,43800
2005-02-23,13.490000,13.540000,13.430000,13.430000,4.871171,50100
2005-02-24,13.320000,13.570000,13.320000,13.510000,4.900190,31000
2005-02-25,13.460000,13.640000,13.460000,13.640000,4.947338,39700
2005-02-28,13.680000,13.680000,13.550000,13.630000,4.943715,36200
2005-03-01,13.600000,13.680000,13.590000,13.680000,4.961850,31400
2005-03-02,13.640000,13.670000,13.620000,13.620000,4.940088,40600
2005-03-03,13.590000,13.740000,13.590000,13.650000,4.950965,28600
2005-03-04,13.550000,13.690000,13.550000,13.670000,4.958222,26100
2005-03-07,13.690000,13.780000,13.660000,13.680000,4.961850,35100
2005-03-08,13.700000,13.730000,13.620000,13.730000,4.979983,36800
2005-03-09,13.640000,13.700000,13.520000,13.530000,4.907442,66300
2005-03-10,13.470000,13.580000,13.460000,13.580000,4.925578,45400
2005-03-11,13.500000,13.600000,13.500000,13.540000,4.911073,13900
2005-03-14,13.530000,13.540000,13.350000,13.360000,4.845780,21700
2005-03-15,13.320000,13.430000,13.270000,13.380000,4.853036,54100
2005-03-16,13.260000,13.370000,13.240000,13.360000,4.845780,39000
2005-03-17,13.360000,13.440000,13.320000,13.430000,4.871171,33600
2005-03-18,13.400000,13.400000,13.280000,13.350000,4.842154,23400
2005-03-21,13.370000,13.390000,13.260000,13.310000,4.827648,57400
2005-03-22,13.360000,13.360000,13.210000,13.290000,4.820395,47700
2005-03-23,13.210000,13.210000,12.960000,13.000000,4.738741,63800
2005-03-24,12.970000,13.140000,12.950000,13.060000,4.760614,47300
2005-03-28,12.950000,13.100000,12.950000,12.950000,4.720515,40900
2005-03-29,12.950000,13.140000,12.950000,13.140000,4.789773,48200
2005-03-30,13.060000,13.180000,13.030000,13.180000,4.804355,27800
2005-03-31,13.140000,13.220000,13.100000,13.110000,4.778839,43200
2005-04-01,13.120000,13.250000,13.120000,13.180000,4.804355,36500
2005-04-04,13.220000,13.290000,13.140000,13.170000,4.800710,37600
2005-04-05,13.150000,13.230000,13.150000,13.230000,4.822578,26000
2005-04-06,13.210000,13.360000,13.200000,13.260000,4.833515,18400
2005-04-07,13.290000,13.330000,13.220000,13.320000,4.855387,27800
2005-04-08,13.260000,13.270000,13.150000,13.270000,4.837161,21900
2005-04-11,13.270000,13.270000,13.130000,13.210000,4.815290,18100
2005-04-12,13.250000,13.280000,13.150000,13.280000,4.840804,32400
2005-04-13,13.280000,13.430000,13.220000,13.310000,4.851739,24500
2005-04-14,13.280000,13.340000,13.230000,13.230000,4.822578,36900
2005-04-15,13.310000,13.370000,13.310000,13.320000,4.855387,25100
2005-04-18,13.380000,13.390000,13.280000,13.390000,4.880902,22800
2005-04-19,13.390000,13.400000,13.360000,13.360000,4.869966,43400
2005-04-20,13.310000,13.390000,13.260000,13.260000,4.833515,23500
2005-04-21,13.180000,13.280000,13.180000,13.200000,4.835711,28800
2005-04-22,13.200000,13.320000,13.200000,13.260000,4.857692,28600
2005-04-25,13.330000,13.360000,13.240000,13.270000,4.861360,27500
2005-04-26,13.270000,13.390000,13.230000,13.380000,4.901655,31300
2005-04-27,13.310000,13.390000,13.310000,13.360000,4.894329,18800
2005-04-28,13.360000,13.450000,13.350000,13.450000,4.927299,22500
2005-04-29,13.450000,13.520000,13.430000,13.460000,4.930965,14700
2005-05-02,13.520000,13.520000,13.410000,13.450000,4.927299,28000
2005-05-03,13.450000,13.490000,13.400000,13.470000,4.934628,14000
2005-05-04,13.500000,13.520000,13.450000,13.460000,4.930965,17200
2005-05-05,13.490000,13.510000,13.440000,13.480000,4.938289,15600
2005-05-06,13.450000,13.590000,13.380000,13.400000,4.908982,79500
2005-05-09,13.360000,13.470000,13.360000,13.400000,4.908982,26300
2005-05-10,13.410000,13.460000,13.380000,13.380000,4.901655,44600
2005-05-11,13.370000,13.500000,13.370000,13.470000,4.934628,19500
2005-05-12,13.550000,13.550000,13.450000,13.450000,4.927299,54300
2005-05-13,13.470000,13.530000,13.470000,13.530000,4.956609,26300
2005-05-16,13.530000,13.550000,13.480000,13.540000,4.960268,45400
2005-05-17,13.500000,13.580000,13.490000,13.580000,4.974923,51600
2005-05-18,13.580000,13.620000,13.550000,13.590000,4.978585,52500
2005-05-19,13.550000,13.630000,13.550000,13.630000,4.993239,55300
2005-05-20,13.600000,13.620000,13.500000,13.550000,4.963934,43500
2005-05-23,13.530000,13.590000,13.530000,13.560000,4.967597,51400
2005-05-24,13.470000,13.550000,13.350000,13.380000,4.925630,67000
2005-05-25,13.420000,13.450000,13.400000,13.400000,4.932993,64000
2005-05-26,13.400000,13.440000,13.340000,13.380000,4.925630,54900
2005-05-27,13.400000,13.440000,13.390000,13.440000,4.947718,32900
2005-05-31,13.450000,13.480000,13.400000,13.480000,4.962439,76700
2005-06-01,13.520000,13.570000,13.450000,13.540000,4.984529,71600
2005-06-02,13.500000,13.580000,13.500000,13.520000,4.977170,32900
2005-06-03,13.600000,13.600000,13.520000,13.580000,4.999255,37200
2005-06-06,13.570000,13.570000,13.460000,13.500000,4.969809,72800
2005-06-07,13.500000,13.570000,13.470000,13.490000,4.966123,62400
2005-06-08,13.480000,13.600000,13.470000,13.600000,5.006615,28700
2005-06-09,13.560000,13.610000,13.460000,13.610000,5.010301,46600
2005-06-10,13.530000,13.620000,13.500000,13.600000,5.006615,42800
2005-06-13,13.530000,13.630000,13.470000,13.630000,5.017663,60800
2005-06-14,13.500000,13.610000,13.490000,13.590000,5.002937,39100
2005-06-15,13.590000,13.650000,13.510000,13.600000,5.006615,62000
2005-06-16,13.590000,13.890000,13.500000,13.890000,5.113380,68200
2005-06-17,13.850000,13.860000,13.740000,13.840000,5.094969,55300
2005-06-20,13.850000,13.890000,13.700000,13.880000,5.109699,40600
2005-06-21,13.860000,13.950000,13.800000,13.940000,5.131783,50900
2005-06-22,13.950000,13.990000,13.910000,13.990000,5.150188,44600
2005-06-23,13.980000,14.000000,13.840000,14.000000,5.178300,56300
2005-06-24,14.000000,14.080000,13.920000,14.030000,5.189396,37800
2005-06-27,14.030000,14.040000,13.820000,14.020000,5.185699,47600
2005-06-28,13.940000,13.980000,13.850000,13.980000,5.170907,64100
2005-06-29,13.900000,13.990000,13.850000,13.990000,5.174600,51000
2005-06-30,13.950000,14.000000,13.920000,13.980000,5.170907,28700
2005-07-01,14.000000,14.040000,13.860000,13.930000,5.152412,28900
2005-07-05,13.940000,13.950000,13.810000,13.900000,5.141310,59400
2005-07-06,13.850000,14.000000,13.840000,13.990000,5.174600,35000
2005-07-07,13.920000,14.000000,13.920000,14.000000,5.178300,29700
2005-07-08,13.880000,14.040000,13.880000,14.040000,5.193098,49900
2005-07-11,13.950000,14.040000,13.940000,14.000000,5.178300,78600
2005-07-12,14.000000,14.040000,13.950000,13.990000,5.174600,59900
2005-07-13,14.030000,14.030000,13.960000,14.020000,5.185699,38800
2005-07-14,13.970000,14.010000,13.900000,13.980000,5.170907,56100
2005-07-15,13.920000,13.980000,13.900000,13.980000,5.170907,38400
2005-07-18,13.950000,13.970000,13.900000,13.920000,5.148713,52100
2005-07-19,13.930000,13.980000,13.880000,13.980000,5.170907,51500
2005-07-20,13.920000,14.040000,13.910000,14.040000,5.193098,23900
2005-07-21,13.950000,14.000000,13.880000,13.910000,5.169315,54400
2005-07-22,13.900000,13.990000,13.900000,13.990000,5.199041,32900
2005-07-25,13.990000,14.020000,13.900000,13.980000,5.195329,61000
2005-07-26,13.980000,13.980000,13.870000,13.900000,5.165594,49700
2005-07-27,13.980000,13.980000,13.870000,13.960000,5.187893,39400
2005-07-28,13.930000,13.950000,13.860000,13.940000,5.180462,31300
2005-07-29,13.900000,13.980000,13.880000,13.950000,5.184178,26300
2005-08-01,13.900000,13.960000,13.870000,13.900000,5.165594,15400
2005-08-02,13.940000,14.000000,13.880000,13.960000,5.187893,39600
2005-08-03,13.960000,13.990000,13.850000,13.900000,5.165594,53900
2005-08-04,13.860000,13.930000,13.850000,13.900000,5.165594,23800
2005-08-05,13.910000,13.910000,13.810000,13.870000,5.154446,31100
2005-08-08,13.870000,13.870000,13.750000,13.790000,5.124720,34900
2005-08-09,13.800000,13.830000,13.750000,13.820000,5.135866,43600
2005-08-10,13.830000,13.890000,13.830000,13.870000,5.154446,22000
2005-08-11,13.890000,13.930000,13.840000,13.930000,5.176748,18500
2005-08-12,13.920000,13.960000,13.920000,13.960000,5.187893,16400
2005-08-15,13.960000,14.000000,13.920000,14.000000,5.202758,36000
2005-08-16,13.950000,14.040000,13.900000,14.000000,5.202758,45200
2005-08-17,14.130000,14.130000,14.000000,14.020000,5.210190,16900
2005-08-18,14.050000,14.080000,14.020000,14.030000,5.213905,31000
2005-08-19,14.050000,14.050000,13.990000,14.020000,5.210190,23800
2005-08-22,14.020000,14.030000,13.930000,14.010000,5.206470,38000
2005-08-23,14.000000,14.000000,13.900000,13.980000,5.219919,46600
2005-08-24,13.940000,13.980000,13.700000,13.870000,5.178841,59300
2005-08-25,13.850000,13.900000,13.790000,13.870000,5.178841,38000
2005-08-26,13.870000,13.920000,13.840000,13.880000,5.182581,22700
2005-08-29,13.860000,13.930000,13.800000,13.870000,5.178841,28700
2005-08-30,13.880000,13.890000,13.780000,13.850000,5.171373,50800
2005-08-31,13.850000,13.870000,13.650000,13.740000,5.130307,89800
2005-09-01,13.770000,13.860000,13.740000,13.860000,5.175111,63400
2005-09-02,13.830000,13.950000,13.820000,13.950000,5.208715,30900
2005-09-06,13.920000,14.020000,13.900000,14.000000,5.227384,45000
2005-09-07,13.970000,14.080000,13.940000,14.080000,5.257253,40700
2005-09-08,14.080000,14.100000,13.960000,14.050000,5.246055,52200
2005-09-09,14.050000,14.100000,14.000000,14.040000,5.242321,30500
2005-09-12,14.020000,14.080000,13.970000,14.060000,5.249792,36000
2005-09-13,14.040000,14.120000,14.040000,14.120000,5.272192,39500
2005-09-14,14.130000,14.130000,14.030000,14.100000,5.264720,53600
2005-09-15,14.070000,14.140000,14.050000,14.120000,5.272192,41300
2005-09-16,14.140000,14.140000,14.010000,14.080000,5.257253,50400
2005-09-19,14.100000,14.130000,14.020000,14.110000,5.268455,31900
2005-09-20,14.120000,14.130000,14.040000,14.090000,5.260990,40200
2005-09-21,14.050000,14.140000,14.050000,14.090000,5.260990,16800
2005-09-22,14.000000,14.030000,13.940000,13.950000,5.233232,35900
2005-09-23,13.950000,13.980000,13.900000,13.980000,5.244480,29600
2005-09-26,13.990000,13.990000,13.810000,13.940000,5.229474,42800
2005-09-27,13.870000,13.970000,13.770000,13.850000,5.195711,43200
2005-09-28,13.720000,13.950000,13.720000,13.900000,5.214468,56600
2005-09-29,13.800000,13.900000,13.800000,13.840000,5.191962,33900
2005-09-30,13.820000,13.900000,13.820000,13.850000,5.195711,28600
2005-10-03,13.850000,13.910000,13.820000,13.890000,5.210722,16100
2005-10-04,13.910000,13.960000,13.890000,13.940000,5.229474,19100
2005-10-05,13.900000,13.960000,13.900000,13.960000,5.236979,23400
2005-10-06,14.010000,14.010000,13.900000,13.910000,5.218228,33200
2005-10-07,13.970000,13.970000,13.900000,13.920000,5.221973,13300
2005-10-10,13.900000,13.960000,13.900000,13.920000,5.221973,17800
2005-10-11,13.920000,13.980000,13.860000,13.870000,5.203216,25900
2005-10-12,13.900000,13.920000,13.820000,13.900000,5.214468,26400
2005-10-13,13.800000,13.860000,13.640000,13.700000,5.139445,20900
2005-10-14,13.750000,13.830000,13.700000,13.830000,5.188209,18900
2005-10-17,13.780000,13.790000,13.670000,13.720000,5.146944,28700
2005-10-18,13.760000,13.770000,13.630000,13.680000,5.131939,38900
2005-10-19,13.520000,13.730000,13.520000,13.720000,5.146944,15800
2005-10-20,13.710000,13.850000,13.700000,13.850000,5.195711,20200
2005-10-21,13.800000,13.890000,13.740000,13.890000,5.210722,36700
2005-10-24,13.980000,13.980000,13.780000,13.900000,5.214468,28400
2005-10-25,13.750000,13.900000,13.690000,13.900000,5.239345,40900
2005-10-26,13.900000,13.900000,13.590000,13.600000,5.126270,34500
2005-10-27,13.650000,13.720000,13.570000,13.580000,5.118731,19500
2005-10-28,13.540000,13.630000,13.540000,13.630000,5.137579,19800
2005-10-31,13.600000,13.640000,13.560000,13.620000,5.133811,16100
2005-11-01,13.550000,13.670000,13.520000,13.520000,5.096116,17600
2005-11-02,13.500000,13.650000,13.470000,13.630000,5.137579,27500
2005-11-03,13.650000,13.690000,13.600000,13.690000,5.160194,38900
2005-11-04,13.610000,13.630000,13.460000,13.490000,5.084807,44600
2005-11-07,13.660000,13.660000,13.490000,13.490000,5.084807,20400
2005-11-08,13.490000,13.610000,13.470000,13.550000,5.107425,26200
2005-11-09,13.540000,13.560000,13.440000,13.490000,5.084807,8900
2005-11-10,13.500000,13.520000,13.310000,13.420000,5.058422,55500
2005-11-11,13.350000,13.430000,13.280000,13.400000,5.050886,22100
2005-11-14,13.350000,13.390000,13.260000,13.330000,5.024496,20900
2005-11-15,13.400000,13.430000,13.250000,13.370000,5.039574,29800
2005-11-16,13.320000,13.440000,13.270000,13.350000,5.032036,49100
2005-11-17,13.260000,13.400000,13.260000,13.370000,5.039574,37600
2005-11-18,13.380000,13.410000,13.260000,13.380000,5.043350,31900
2005-11-21,13.360000,13.450000,13.260000,13.370000,5.039574,24700
2005-11-22,13.250000,13.350000,13.250000,13.300000,5.038060,20800
2005-11-23,13.310000,13.400000,13.280000,13.350000,5.057002,10400
2005-11-25,13.250000,13.410000,13.190000,13.250000,5.019121,12500
2005-11-28,13.250000,13.400000,13.250000,13.350000,5.057002,54600
2005-11-29,13.380000,13.390000,13.150000,13.250000,5.019121,59700
2005-11-30,13.250000,13.270000,13.100000,13.250000,5.019121,50400
2005-12-01,13.160000,13.270000,13.160000,13.190000,4.996388,31300
2005-12-02,13.150000,13.190000,13.000000,13.170000,4.988817,61500
2005-12-05,13.150000,13.200000,13.030000,13.120000,4.969877,28600
2005-12-06,13.160000,13.200000,13.070000,13.180000,4.992606,44300
2005-12-07,13.150000,13.160000,13.050000,13.140000,4.977451,99000
2005-12-08,13.120000,13.130000,13.010000,13.070000,4.950932,80100
2005-12-09,13.130000,13.220000,13.080000,13.160000,4.985024,103600
2005-12-12,13.110000,13.210000,13.060000,13.070000,4.950932,63200
2005-12-13,13.060000,13.170000,13.040000,13.040000,4.939576,63700
2005-12-14,13.040000,13.120000,13.010000,13.090000,4.958511,46200
2005-12-15,13.020000,13.240000,12.910000,13.060000,4.947146,128400
2005-12-16,12.950000,13.120000,12.950000,13.110000,4.966091,64700
2005-12-19,13.140000,13.180000,13.020000,13.050000,4.943357,48400
2005-12-20,13.100000,13.130000,12.980000,13.050000,4.943357,35100
2005-12-21,13.020000,13.140000,13.020000,13.060000,4.947146,46400
2005-12-22,13.050000,13.130000,12.910000,12.960000,4.934203,112100
2005-12-23,12.940000,13.100000,12.920000,13.090000,4.983695,67000
2005-12-27,13.010000,13.100000,13.000000,13.080000,4.979889,75100
2005-12-28,13.090000,13.170000,13.030000,13.170000,5.014154,68600
2005-12-29,13.170000,13.250000,13.150000,13.170000,5.014154,60600
2005-12-30,13.150000,13.300000,13.150000,13.280000,5.056034,99700
2006-01-03,13.340000,13.350000,13.280000,13.350000,5.082686,40500
2006-01-04,13.330000,13.420000,13.330000,13.420000,5.109333,49900
2006-01-05,13.420000,13.550000,13.340000,13.550000,5.158833,23100
2006-01-06,13.510000,13.570000,13.460000,13.570000,5.166449,41400
2006-01-09,13.620000,13.660000,13.530000,13.610000,5.181672,31200
2006-01-10,13.530000,13.640000,13.450000,13.460000,5.124565,60900
2006-01-11,13.440000,13.600000,13.440000,13.500000,5.139793,29900
2006-01-12,13.440000,13.550000,13.440000,13.500000,5.139793,55300
2006-01-13,13.540000,13.630000,13.520000,13.580000,5.170253,37900
2006-01-17,13.600000,13.600000,13.480000,13.560000,5.162636,21400
2006-01-18,13.560000,13.630000,13.500000,13.620000,5.185481,30400
2006-01-19,13.570000,13.700000,13.570000,13.690000,5.212132,31700
2006-01-20,13.700000,13.770000,13.680000,13.750000,5.234976,27700
2006-01-23,13.730000,13.790000,13.670000,13.790000,5.250204,28600
2006-01-24,13.790000,13.790000,13.650000,13.750000,5.234976,47200
2006-01-25,13.590000,13.750000,13.590000,13.720000,5.247215,37300
2006-01-26,13.770000,13.790000,13.670000,13.710000,5.243391,23100
2006-01-27,13.720000,13.750000,13.670000,13.750000,5.258688,20500
2006-01-30,13.680000,13.750000,13.600000,13.670000,5.228093,24500
2006-01-31,13.610000,13.780000,13.600000,13.680000,5.231915,32300
2006-02-01,13.630000,13.800000,13.630000,13.730000,5.251038,18100
2006-02-02,13.770000,13.790000,13.660000,13.740000,5.254865,17300
2006-02-03,13.730000,13.770000,13.580000,13.630000,5.212797,59200
2006-02-06,13.700000,13.770000,13.640000,13.650000,5.220443,25700
2006-02-07,13.690000,13.720000,13.650000,13.660000,5.224267,17400
2006-02-08,13.750000,13.790000,13.600000,13.710000,5.243391,30100
2006-02-09,13.790000,13.790000,13.650000,13.660000,5.224267,49000
2006-02-10,13.750000,13.790000,13.670000,13.760000,5.262512,18200
2006-02-13,13.780000,13.790000,13.630000,13.750000,5.258688,22500
2006-02-14,13.760000,13.760000,13.670000,13.680000,5.231915,16500
2006-02-15,13.650000,13.750000,13.500000,13.680000,5.231915,35900
2006-02-16,13.620000,13.680000,13.570000,13.670000,5.228093,44500
2006-02-17,13.620000,13.670000,13.620000,13.660000,5.224267,40400
2006-02-21,13.680000,13.790000,13.660000,13.730000,5.251038,33300
2006-02-22,13.740000,13.780000,13.670000,13.760000,5.262512,49700
2006-02-23,13.730000,13.750000,13.630000,13.700000,5.263278,18100
2006-02-24,13.600000,13.770000,13.600000,13.770000,5.290172,17400
2006-02-27,13.770000,13.800000,13.680000,13.780000,5.294015,31100
2006-02-28,13.810000,13.900000,13.750000,13.900000,5.340116,38000
2006-03-01,13.900000,14.000000,13.900000,13.980000,5.370852,18800
2006-03-02,13.850000,13.980000,13.770000,13.880000,5.332432,31100
2006-03-03,13.950000,13.950000,13.710000,13.800000,5.301698,21600
2006-03-06,13.670000,13.830000,13.590000,13.670000,5.251753,32900
2006-03-07,13.520000,13.710000,13.520000,13.650000,5.244069,15800
2006-03-08,13.690000,13.750000,13.650000,13.750000,5.282491,6500
2006-03-09,13.710000,13.780000,13.700000,13.700000,5.263278,21900
2006-03-10,13.790000,13.800000,13.690000,13.740000,5.278649,12700
2006-03-13,13.750000,13.800000,13.610000,13.650000,5.244069,38400
2006-03-14,13.610000,13.700000,13.590000,13.660000,5.247916,27400
2006-03-15,13.710000,13.710000,13.560000,13.560000,5.209494,27800
2006-03-16,13.690000,13.740000,13.620000,13.710000,5.267122,60800
2006-03-17,13.580000,13.720000,13.580000,13.720000,5.270962,20300
2006-03-20,13.650000,13.830000,13.650000,13.760000,5.286330,39500
2006-03-21,13.670000,13.800000,13.550000,13.750000,5.282491,37200
2006-03-22,13.670000,13.730000,13.600000,13.700000,5.263278,30100
2006-03-23,13.570000,13.680000,13.570000,13.600000,5.248615,16200
2006-03-24,13.680000,13.820000,13.620000,13.760000,5.310362,38600
2006-03-27,13.830000,13.850000,13.650000,13.740000,5.302646,31600
2006-03-28,13.730000,13.840000,13.700000,13.800000,5.325801,25300
2006-03-29,13.710000,13.900000,13.710000,13.900000,5.364396,23100
2006-03-30,13.770000,13.870000,13.730000,13.770000,5.314221,49000
2006-03-31,13.880000,13.950000,13.780000,13.830000,5.337378,48600
2006-04-03,13.750000,13.980000,13.670000,13.870000,5.352816,62400
2006-04-04,13.910000,13.920000,13.790000,13.790000,5.321940,33500
2006-04-05,13.900000,13.900000,13.720000,13.730000,5.298784,24100
2006-04-06,13.730000,13.750000,13.630000,13.630000,5.260191,9700
2006-04-07,13.650000,13.650000,13.550000,13.560000,5.233178,47200
2006-04-10,13.560000,13.710000,13.520000,13.540000,5.225457,13300
2006-04-11,13.530000,13.640000,13.500000,13.500000,5.210021,23500
2006-04-12,13.460000,13.750000,13.330000,13.410000,5.175287,36100
2006-04-13,13.360000,13.480000,13.350000,13.470000,5.198443,14500
2006-04-17,13.400000,13.540000,13.300000,13.350000,5.152131,28800
2006-04-18,13.450000,13.480000,13.330000,13.400000,5.171432,32200
2006-04-19,13.490000,13.650000,13.320000,13.320000,5.140556,34100
2006-04-20,13.200000,13.500000,13.200000,13.390000,5.167575,30300
2006-04-21,13.320000,13.450000,13.150000,13.240000,5.109682,64100
2006-04-24,13.350000,13.400000,13.250000,13.320000,5.140556,32600
2006-04-25,13.270000,13.280000,13.120000,13.120000,5.087049,15000
2006-04-26,13.160000,13.200000,13.160000,13.200000,5.118066,11800
2006-04-27,13.170000,13.250000,13.150000,13.200000,5.118066,15500
2006-04-28,13.230000,13.250000,13.150000,13.220000,5.125823,14500
2006-05-01,13.240000,13.250000,13.120000,13.120000,5.087049,32100
2006-05-02,13.120000,13.250000,13.120000,13.220000,5.125823,28000
2006-05-03,13.350000,13.360000,13.160000,13.280000,5.149087,28200
2006-05-04,13.340000,13.340000,13.170000,13.250000,5.137452,19300
2006-05-05,13.240000,13.300000,13.200000,13.260000,5.141331,22800
2006-05-08,13.300000,13.330000,13.190000,13.250000,5.137452,40100
2006-05-09,13.330000,13.330000,13.250000,13.300000,5.156837,18400
2006-05-10,13.340000,13.360000,13.260000,13.300000,5.156837,26000
2006-05-11,13.050000,13.280000,13.050000,13.150000,5.098678,69400
2006-05-12,13.290000,13.290000,13.130000,13.170000,5.106437,12100
2006-05-15,13.280000,13.280000,13.090000,13.200000,5.118066,27400
2006-05-16,13.250000,13.270000,13.240000,13.260000,5.141331,17700
2006-05-17,13.300000,13.300000,13.200000,13.250000,5.137452,20300
2006-05-18,13.300000,13.320000,13.210000,13.320000,5.164596,23400
2006-05-19,13.420000,13.420000,13.220000,13.290000,5.152964,42200
2006-05-22,13.380000,13.380000,13.220000,13.320000,5.164596,17900
2006-05-23,13.350000,13.400000,13.170000,13.300000,5.180954,40200
2006-05-24,13.350000,13.360000,13.180000,13.270000,5.169268,32800
2006-05-25,13.280000,13.320000,13.210000,13.300000,5.180954,28200
2006-05-26,13.250000,13.320000,13.230000,13.320000,5.188748,18800
2006-05-30,13.320000,13.370000,13.240000,13.250000,5.161479,24600
2006-05-31,13.350000,13.360000,13.260000,13.300000,5.180954,16800
2006-06-01,13.350000,13.370000,13.280000,13.340000,5.196539,19800
2006-06-02,13.350000,13.450000,13.300000,13.410000,5.223805,36400
2006-06-05,13.400000,13.440000,13.350000,13.370000,5.208224,30100
2006-06-06,13.490000,13.500000,13.290000,13.390000,5.216019,32000
2006-06-07,13.450000,13.480000,13.360000,13.450000,5.239389,27800
2006-06-08,13.480000,13.490000,13.290000,13.360000,5.204328,25800
2006-06-09,13.450000,13.480000,13.330000,13.420000,5.227699,14000
2006-06-12,13.480000,13.490000,13.360000,13.430000,5.231597,20200
2006-06-13,13.330000,13.430000,13.220000,13.270000,5.169268,28700
2006-06-14,13.370000,13.490000,13.290000,13.300000,5.180954,45800
2006-06-15,13.400000,13.400000,13.310000,13.380000,5.212120,28700
2006-06-16,13.480000,13.490000,13.270000,13.270000,5.169268,49700
2006-06-19,13.360000,13.390000,13.250000,13.300000,5.180954,40900
2006-06-20,13.350000,13.350000,13.190000,13.260000,5.165377,34300
2006-06-21,13.180000,13.280000,13.160000,13.230000,5.153686,24800
2006-06-22,13.230000,13.240000,13.180000,13.200000,5.166211,13800
2006-06-23,13.240000,13.250000,13.150000,13.190000,5.162297,33000
2006-06-26,13.320000,13.330000,13.120000,13.120000,5.134901,19400
2006-06-27,13.170000,13.340000,13.080000,13.150000,5.146641,24800
2006-06-28,13.100000,13.210000,13.100000,13.190000,5.162297,30600
2006-06-29,13.170000,13.250000,13.120000,13.210000,5.170128,17100
2006-06-30,13.150000,13.280000,13.150000,13.280000,5.197525,27800
2006-07-03,13.220000,13.290000,13.220000,13.290000,5.201435,13200
2006-07-05,13.310000,13.390000,13.310000,13.330000,5.217089,16600
2006-07-06,13.330000,13.390000,13.320000,13.330000,5.217089,38000
2006-07-07,13.410000,13.440000,13.330000,13.400000,5.244490,24600
2006-07-10,13.440000,13.440000,13.360000,13.440000,5.260140,28500
2006-07-11,13.440000,13.440000,13.340000,13.420000,5.252313,17700
2006-07-12,13.440000,13.450000,13.360000,13.430000,5.256230,18100
2006-07-13,13.450000,13.470000,13.370000,13.420000,5.252313,24500
2006-07-14,13.420000,13.420000,13.280000,13.320000,5.213178,30500
2006-07-17,13.400000,13.410000,13.330000,13.330000,5.217089,25400
2006-07-18,13.420000,13.490000,13.320000,13.460000,5.267972,30900
2006-07-19,13.490000,13.500000,13.390000,13.440000,5.260140,47800
2006-07-20,13.500000,13.600000,13.450000,13.600000,5.322764,55300
2006-07-21,13.630000,13.680000,13.510000,13.610000,5.326677,38600
2006-07-24,13.690000,13.700000,13.590000,13.690000,5.357987,30500
2006-07-25,13.680000,13.770000,13.640000,13.770000,5.413818,30400
2006-07-26,13.650000,13.880000,13.650000,13.880000,5.457064,19500
2006-07-27,13.910000,13.960000,13.820000,13.960000,5.488515,38500
2006-07-28,13.980000,13.980000,13.850000,13.860000,5.449199,29400
2006-07-31,13.920000,13.990000,13.870000,13.970000,5.492448,32500
2006-08-01,13.970000,14.000000,13.920000,13.920000,5.472793,45100
2006-08-02,13.960000,14.000000,13.900000,13.980000,5.496377,31600
2006-08-03,13.990000,14.000000,13.910000,13.920000,5.472793,28500
2006-08-04,13.960000,14.150000,13.960000,14.080000,5.535698,29400
2006-08-07,14.250000,14.250000,13.930000,14.020000,5.512107,38600
2006-08-08,14.070000,14.070000,13.940000,13.950000,5.484587,26100
2006-08-09,14.040000,14.140000,13.970000,14.070000,5.531766,19400
2006-08-10,14.180000,14.180000,13.980000,13.990000,5.500315,31600
2006-08-11,14.100000,14.100000,14.000000,14.000000,5.504242,9000
2006-08-14,14.100000,14.160000,14.000000,14.130000,5.555353,23300
2006-08-15,14.190000,14.190000,14.090000,14.130000,5.555353,27200
2006-08-16,14.220000,14.220000,14.110000,14.200000,5.582880,24900
2006-08-17,14.200000,14.220000,14.110000,14.200000,5.582880,22900
2006-08-18,14.230000,14.230000,14.070000,14.180000,5.575012,25800
2006-08-21,14.210000,14.210000,14.040000,14.170000,5.571076,30900
2006-08-22,14.220000,14.230000,14.110000,14.210000,5.586809,32600
2006-08-23,14.220000,14.220000,14.090000,14.110000,5.571795,23500
2006-08-24,14.220000,14.220000,14.080000,14.140000,5.583650,32300
2006-08-25,14.210000,14.210000,14.120000,14.160000,5.591550,16600
2006-08-28,14.190000,14.210000,14.100000,14.180000,5.599444,23100
2006-08-29,14.220000,14.220000,14.080000,14.090000,5.563904,43800
2006-08-30,14.080000,14.190000,14.080000,14.110000,5.571795,39600
2006-08-31,14.180000,14.190000,14.100000,14.130000,5.579696,49900
2006-09-01,14.220000,14.230000,14.140000,14.140000,5.583650,18200
2006-09-05,14.150000,14.210000,14.110000,14.200000,5.607340,29000
2006-09-06,14.180000,14.180000,14.100000,14.120000,5.575753,23900
2006-09-07,14.180000,14.190000,14.120000,14.190000,5.603392,20400
2006-09-08,14.190000,14.210000,14.130000,14.170000,5.595493,23700
2006-09-11,14.230000,14.240000,14.150000,14.240000,5.623134,20300
2006-09-12,14.240000,14.250000,14.170000,14.170000,5.595493,21800
2006-09-13,14.260000,14.270000,14.180000,14.270000,5.634984,15500
2006-09-14,14.270000,14.290000,14.200000,14.210000,5.611294,21500
2006-09-15,14.210000,14.340000,14.210000,14.340000,5.662628,14900
2006-09-18,14.350000,14.350000,14.170000,14.280000,5.638931,42800
2006-09-19,14.340000,14.340000,14.230000,14.340000,5.662628,31800
2006-09-20,14.340000,14.350000,14.260000,14.330000,5.658676,42600
2006-09-21,14.170000,14.330000,14.170000,14.300000,5.671369,16200
2006-09-22,14.390000,14.430000,14.270000,14.320000,5.679302,18000
2006-09-25,14.380000,14.420000,14.280000,14.330000,5.683265,30400
2006-09-26,14.530000,14.530000,14.320000,14.390000,5.707062,34400
2006-09-27,14.470000,14.490000,14.380000,14.460000,5.734822,34900
2006-09-28,14.290000,14.460000,14.290000,14.450000,5.730859,25100
2006-09-29,14.450000,14.450000,14.300000,14.380000,5.703099,17800
2006-10-02,14.470000,14.470000,14.350000,14.390000,5.707062,26300
2006-10-03,14.370000,14.380000,14.310000,14.370000,5.699125,12900
2006-10-04,14.370000,14.440000,14.310000,14.350000,5.691197,30700
2006-10-05,14.350000,14.350000,14.300000,14.300000,5.671369,15500
2006-10-06,14.320000,14.320000,14.280000,14.290000,5.667400,11900
2006-10-09,14.250000,14.270000,14.160000,14.230000,5.643603,25100
2006-10-10,14.230000,14.290000,14.200000,14.270000,5.659471,13800
2006-10-11,14.290000,14.290000,14.190000,14.250000,5.651535,15600
2006-10-12,14.230000,14.250000,14.180000,14.230000,5.643603,18700
2006-10-13,14.230000,14.280000,14.100000,14.100000,5.592048,35500
2006-10-16,14.100000,14.190000,14.100000,14.110000,5.596007,10200
2006-10-17,14.110000,14.240000,14.100000,14.100000,5.592048,22800
2006-10-18,14.100000,14.180000,14.020000,14.120000,5.599980,19800
2006-10-19,14.050000,14.210000,14.010000,14.130000,5.603942,17200
2006-10-20,14.300000,14.300000,14.040000,14.130000,5.603942,36500
2006-10-23,14.170000,14.210000,14.110000,14.200000,5.631706,27100
2006-10-24,14.170000,14.180000,14.050000,14.110000,5.620546,12100
2006-10-25,14.150000,14.180000,14.100000,14.180000,5.648437,10900
2006-10-26,14.180000,14.240000,14.100000,14.110000,5.620546,22300
2006-10-27,14.180000,14.230000,14.100000,14.190000,5.652418,33400
2006-10-30,14.150000,14.210000,14.150000,14.210000,5.660391,13900
2006-10-31,14.240000,14.240000,14.120000,14.220000,5.664373,13200
2006-11-01,14.230000,14.240000,14.150000,14.240000,5.672336,19900
2006-11-02,14.210000,14.230000,14.130000,14.220000,5.664373,18000
2006-11-03,14.230000,14.230000,14.160000,14.180000,5.648437,21700
2006-11-06,14.170000,14.210000,14.150000,14.160000,5.640475,9700
2006-11-07,14.170000,14.220000,14.160000,14.190000,5.652418,9300
2006-11-08,14.150000,14.230000,14.150000,14.200000,5.656404,15200
2006-11-09,14.210000,14.230000,14.180000,14.220000,5.664373,15100
2006-11-10,14.220000,14.300000,14.160000,14.300000,5.696239,30100
2006-11-13,14.300000,14.300000,14.160000,14.160000,5.640475,26000
2006-11-14,14.220000,14.290000,14.190000,14.290000,5.692254,22800
2006-11-15,14.260000,14.340000,14.210000,14.210000,5.660391,20000
2006-11-16,14.380000,14.380000,14.220000,14.270000,5.684289,24700
2006-11-17,14.270000,14.270000,13.940000,14.010000,5.580720,60200
2006-11-20,14.070000,14.210000,14.060000,14.200000,5.656404,73800
2006-11-21,14.250000,14.260000,14.150000,14.220000,5.664373,27800
2006-11-22,14.170000,14.330000,14.170000,14.230000,5.668353,25900
2006-11-24,14.110000,14.190000,14.100000,14.130000,5.628517,17800
2006-11-27,14.140000,14.210000,14.100000,14.200000,5.656404,43300
2006-11-28,14.110000,14.180000,14.060000,14.160000,5.662804,31100
2006-11-29,14.190000,14.190000,14.090000,14.100000,5.638810,43400
2006-11-30,14.090000,14.180000,14.050000,14.180000,5.670801,39500
2006-12-01,14.170000,14.190000,14.120000,14.140000,5.654805,16100
2006-12-04,14.190000,14.230000,14.140000,14.230000,5.690796,22300
2006-12-05,14.290000,14.300000,14.220000,14.280000,5.710794,20600
2006-12-06,14.290000,14.290000,14.110000,14.170000,5.666800,67700
2006-12-07,14.180000,14.180000,14.110000,14.130000,5.650803,17900
2006-12-08,14.110000,14.110000,13.980000,13.980000,5.590818,37100
2006-12-11,13.970000,14.060000,13.930000,14.010000,5.602817,48300
2006-12-12,13.940000,14.030000,13.940000,14.010000,5.602817,31100
2006-12-13,13.940000,13.990000,13.870000,13.870000,5.546826,19200
2006-12-14,13.850000,13.900000,13.720000,13.750000,5.498837,33500
2006-12-15,13.830000,13.870000,13.800000,13.870000,5.546826,35700
2006-12-18,13.870000,13.870000,13.810000,13.850000,5.538826,28800
2006-12-19,13.720000,13.860000,13.650000,13.790000,5.514833,43000
2006-12-20,13.680000,13.800000,13.680000,13.750000,5.498837,37400
2006-12-21,13.750000,13.810000,13.660000,13.810000,5.522830,41100
2006-12-22,13.830000,13.830000,13.670000,13.820000,5.526832,38300
2006-12-26,13.840000,13.840000,13.720000,13.730000,5.490838,18000
2006-12-27,13.700000,13.820000,13.700000,13.810000,5.545449,22000
2006-12-28,13.740000,13.790000,13.690000,13.710000,5.505294,45400
2006-12-29,13.720000,13.790000,13.700000,13.770000,5.529388,26400
2007-01-03,13.770000,13.780000,13.640000,13.780000,5.533404,37700
2007-01-04,13.830000,13.880000,13.800000,13.850000,5.561511,26000
2007-01-05,13.850000,13.870000,13.780000,13.830000,5.553482,35400
2007-01-08,13.790000,13.880000,13.790000,13.850000,5.561511,14200
2007-01-09,13.810000,13.920000,13.800000,13.860000,5.565529,18600
2007-01-10,13.840000,13.910000,13.800000,13.820000,5.549467,22400
2007-01-11,13.780000,13.840000,13.780000,13.810000,5.545449,33600
2007-01-12,13.810000,13.870000,13.780000,13.870000,5.569540,27000
2007-01-16,13.870000,13.980000,13.810000,13.840000,5.557498,26700
2007-01-17,13.860000,13.920000,13.820000,13.860000,5.565529,30000
2007-01-18,13.930000,13.930000,13.810000,13.860000,5.565529,27000
2007-01-19,13.860000,13.910000,13.800000,13.890000,5.577576,43600
2007-01-22,13.890000,13.910000,13.790000,13.800000,5.541435,25400
2007-01-23,13.840000,13.890000,13.810000,13.890000,5.577576,17100
2007-01-24,13.890000,13.890000,13.770000,13.790000,5.537416,14900
2007-01-25,13.750000,13.840000,13.750000,13.790000,5.537416,20800
2007-01-26,13.860000,13.860000,13.730000,13.770000,5.529388,24100
2007-01-29,13.730000,13.760000,13.650000,13.700000,5.523745,57300
2007-01-30,13.720000,13.740000,13.670000,13.700000,5.523745,47900
2007-01-31,13.700000,13.740000,13.690000,13.730000,5.535839,17900
2007-02-01,13.740000,13.790000,13.680000,13.760000,5.547937,75000
2007-02-02,13.750000,13.800000,13.680000,13.760000,5.547937,8600
2007-02-05,13.780000,13.800000,13.700000,13.800000,5.564064,17700
2007-02-06,13.810000,13.820000,13.710000,13.780000,5.555999,22700
2007-02-07,13.780000,13.830000,13.710000,13.710000,5.527775,30100
2007-02-08,13.750000,13.760000,13.670000,13.740000,5.539872,51400
2007-02-09,13.710000,13.800000,13.670000,13.770000,5.551966,42500
2007-02-12,13.790000,13.810000,13.730000,13.740000,5.539872,16000
2007-02-13,13.820000,13.840000,13.680000,13.680000,5.515679,32600
2007-02-14,13.710000,13.810000,13.710000,13.780000,5.555999,33500
2007-02-15,13.790000,13.790000,13.710000,13.720000,5.531809,29600
2007-02-16,13.710000,13.750000,13.710000,13.720000,5.531809,33800
2007-02-20,13.690000,13.780000,13.690000,13.730000,5.535839,32600
2007-02-21,13.720000,13.780000,13.710000,13.770000,5.551966,34300
2007-02-22,13.730000,13.800000,13.700000,13.700000,5.523745,38000
2007-02-23,13.730000,13.790000,13.670000,13.740000,5.539872,29200
2007-02-26,13.740000,13.770000,13.650000,13.680000,5.538250,30000
2007-02-27,13.720000,13.880000,13.640000,13.710000,5.550397,31300
2007-02-28,13.790000,13.800000,13.720000,13.780000,5.578735,21900
2007-03-01,13.790000,13.880000,13.710000,13.720000,5.554445,26700
2007-03-02,13.790000,13.790000,13.680000,13.710000,5.550397,18600
2007-03-05,13.670000,13.760000,13.670000,13.760000,5.570641,11200
2007-03-06,13.730000,13.790000,13.730000,13.740000,5.562541,17700
2007-03-07,13.780000,13.850000,13.730000,13.770000,5.574687,25100
2007-03-08,13.810000,13.830000,13.740000,13.780000,5.578735,11800
2007-03-09,13.740000,13.800000,13.740000,13.740000,5.562541,16400
2007-03-12,13.740000,13.800000,13.730000,13.750000,5.566592,19300
2007-03-13,13.790000,13.800000,13.710000,13.730000,5.558493,39100
2007-03-14,13.780000,13.780000,13.710000,13.710000,5.550397,13900
2007-03-15,13.780000,13.780000,13.700000,13.700000,5.546346,15500
2007-03-16,13.750000,13.800000,13.710000,13.730000,5.558493,26300
2007-03-19,13.720000,13.790000,13.720000,13.730000,5.558493,29600
2007-03-20,13.790000,13.850000,13.710000,13.800000,5.586833,29900
2007-03-21,13.840000,13.840000,13.720000,13.720000,5.554445,31600
2007-03-22,13.770000,13.810000,13.750000,13.760000,5.570641,9800
2007-03-23,13.760000,13.850000,13.740000,13.740000,5.562541,25500
2007-03-26,13.740000,13.830000,13.740000,13.750000,5.566592,36100
2007-03-27,13.790000,13.820000,13.700000,13.760000,5.570641,33300
2007-03-28,13.770000,13.820000,13.730000,13.780000,5.601536,17200
2007-03-29,13.720000,13.790000,13.680000,13.740000,5.585274,22000
2007-03-30,13.770000,13.790000,13.640000,13.700000,5.569012,27500
2007-04-02,13.700000,13.760000,13.670000,13.700000,5.569012,21300
2007-04-03,13.700000,13.750000,13.670000,13.690000,5.564947,24600
2007-04-04,13.690000,13.750000,13.660000,13.690000,5.564947,20800
2007-04-05,13.690000,13.820000,13.660000,13.820000,5.617795,30800
2007-04-09,13.750000,13.850000,13.750000,13.810000,5.613729,55200
2007-04-10,13.770000,13.870000,13.770000,13.800000,5.609666,26500
2007-04-11,13.830000,13.870000,13.790000,13.840000,5.625922,34800
2007-04-12,13.850000,13.910000,13.810000,13.820000,5.617795,31700
2007-04-13,13.850000,13.940000,13.840000,13.850000,5.629989,35600
2007-04-16,13.940000,13.950000,13.840000,13.840000,5.625922,34400
2007-04-17,13.890000,13.910000,13.770000,13.770000,5.597470,32700
2007-04-18,13.880000,13.880000,13.770000,13.790000,5.605599,19700
2007-04-19,13.810000,13.940000,13.810000,13.940000,5.666573,22200
2007-04-20,13.950000,14.030000,13.900000,13.930000,5.662507,39000
2007-04-23,13.980000,14.070000,13.920000,13.920000,5.658442,35200
2007-04-24,14.000000,14.050000,13.850000,13.920000,5.658442,31700
2007-04-25,13.970000,14.040000,13.930000,13.950000,5.670635,16500
2007-04-26,14.030000,14.030000,13.880000,13.880000,5.664925,25000
2007-04-27,13.940000,13.980000,13.890000,13.920000,5.681248,9600
2007-04-30,13.960000,13.990000,13.900000,13.900000,5.673088,30200
2007-05-01,13.960000,14.040000,13.900000,14.010000,5.717981,19500
2007-05-02,14.000000,14.050000,13.970000,13.980000,5.705737,15400
2007-05-03,14.070000,14.080000,13.980000,13.990000,5.709821,28000
2007-05-04,14.090000,14.110000,13.980000,13.980000,5.705737,13200
2007-05-07,14.020000,14.070000,13.950000,13.960000,5.697573,29400
2007-05-08,13.910000,14.120000,13.900000,14.000000,5.713902,45900
2007-05-09,14.050000,14.050000,13.970000,14.010000,5.717981,12800
2007-05-10,14.080000,14.080000,13.960000,13.960000,5.697573,25300
2007-05-11,14.080000,14.100000,13.950000,14.000000,5.713902,34500
2007-05-14,14.000000,14.110000,13.960000,14.020000,5.722062,25800
2007-05-15,14.020000,14.140000,13.940000,13.960000,5.697573,22300
2007-05-16,13.930000,14.040000,13.930000,13.960000,5.697573,34800
2007-05-17,13.990000,14.010000,13.870000,14.000000,5.713902,41000
2007-05-18,14.000000,14.020000,13.940000,13.940000,5.689413,24000
2007-05-21,13.990000,14.090000,13.950000,13.950000,5.693491,79200
2007-05-22,14.080000,14.080000,13.930000,13.990000,5.709821,23100
2007-05-23,13.990000,14.030000,13.800000,13.890000,5.669007,52500
2007-05-24,13.860000,14.040000,13.750000,13.770000,5.620028,72100
2007-05-25,13.810000,13.970000,13.810000,13.940000,5.689413,17400
2007-05-29,13.830000,13.960000,13.820000,13.830000,5.667282,21400
2007-05-30,13.910000,14.000000,13.830000,13.970000,5.724652,25800
2007-05-31,13.990000,14.000000,13.840000,13.970000,5.724652,21100
2007-06-01,13.860000,13.950000,13.840000,13.890000,5.691873,23000
2007-06-04,13.810000,13.930000,13.800000,13.890000,5.691873,24500
2007-06-05,13.800000,13.920000,13.800000,13.850000,5.675479,17500
2007-06-06,13.910000,14.020000,13.810000,13.910000,5.700065,11400
2007-06-07,13.910000,13.910000,13.660000,13.800000,5.654993,11500
2007-06-08,13.660000,13.770000,13.570000,13.690000,5.609914,14800
2007-06-11,13.630000,13.700000,13.510000,13.620000,5.581229,36600
2007-06-12,13.660000,13.670000,13.430000,13.430000,5.503372,27700
2007-06-13,13.460000,13.580000,13.330000,13.500000,5.532056,32300
2007-06-14,13.530000,13.570000,13.480000,13.480000,5.523856,18300
2007-06-15,13.550000,13.550000,13.440000,13.450000,5.511568,30600
2007-06-18,13.420000,13.700000,13.420000,13.570000,5.560739,28100
2007-06-19,13.640000,13.700000,13.500000,13.530000,5.544353,16100
2007-06-20,13.690000,13.830000,13.620000,13.700000,5.614011,13600
2007-06-21,13.610000,14.140000,13.440000,13.650000,5.593524,45200
2007-06-22,13.710000,13.710000,13.470000,13.490000,5.527959,16100
2007-06-25,13.620000,13.640000,13.470000,13.580000,5.564836,26000
2007-06-26,13.630000,13.640000,13.450000,13.490000,5.527959,20100
2007-06-27,13.400000,13.600000,13.400000,13.410000,5.518083,15200
2007-06-28,13.430000,13.560000,13.390000,13.480000,5.546886,27600
2007-06-29,13.470000,13.600000,13.420000,13.500000,5.555119,38800
2007-07-02,13.460000,13.610000,13.450000,13.610000,5.600380,19800
2007-07-03,13.630000,13.650000,13.550000,13.550000,5.575690,8900
2007-07-05,13.500000,13.550000,13.400000,13.400000,5.513968,26200
2007-07-06,13.530000,13.530000,13.400000,13.400000,5.513968,14600
2007-07-09,13.440000,13.440000,13.360000,13.360000,5.497508,35500
2007-07-10,13.490000,13.490000,13.320000,13.460000,5.538656,72800
2007-07-11,13.400000,13.450000,13.320000,13.340000,5.489274,20100
2007-07-12,13.350000,13.390000,13.300000,13.310000,5.476933,23800
2007-07-13,13.360000,13.360000,13.270000,13.270000,5.460474,40000
2007-07-16,13.260000,13.460000,13.170000,13.290000,5.468703,47400
2007-07-17,13.310000,13.380000,13.260000,13.300000,5.472820,32100
2007-07-18,13.350000,13.420000,13.220000,13.240000,5.448129,35100
2007-07-19,13.210000,13.320000,13.200000,13.200000,5.431670,8600
2007-07-20,13.190000,13.340000,13.190000,13.220000,5.439899,11800
2007-07-23,13.220000,13.330000,13.220000,13.300000,5.472820,22700
2007-07-24,13.300000,13.340000,13.300000,13.330000,5.485164,11800
2007-07-25,13.310000,13.350000,13.250000,13.250000,5.452241,15700
2007-07-26,13.170000,13.310000,13.160000,13.250000,5.452241,22300
2007-07-27,13.140000,13.690000,13.100000,13.200000,5.454723,37000
2007-07-30,13.300000,13.300000,13.140000,13.280000,5.487781,16800
2007-07-31,13.250000,13.320000,13.180000,13.320000,5.504313,13200
2007-08-01,13.150000,13.350000,13.150000,13.280000,5.487781,23300
2007-08-02,13.240000,13.350000,13.200000,13.200000,5.454723,14400
2007-08-03,13.200000,13.280000,13.200000,13.270000,5.483650,16400
2007-08-06,13.210000,13.280000,13.200000,13.260000,5.479518,11900
2007-08-07,13.250000,13.350000,13.230000,13.320000,5.504313,7200
2007-08-08,13.300000,13.320000,13.200000,13.220000,5.462989,12500
2007-08-09,13.240000,13.370000,13.160000,13.220000,5.462989,21400
2007-08-10,13.300000,13.300000,13.070000,13.230000,5.467122,27300
2007-08-13,13.150000,13.240000,13.090000,13.090000,5.409265,17600
2007-08-14,13.100000,13.150000,12.850000,12.850000,5.310089,26400
2007-08-15,12.820000,13.030000,12.700000,12.840000,5.305958,61200
2007-08-16,12.770000,12.780000,12.200000,12.660000,5.231575,94900
2007-08-17,12.530000,13.130000,12.530000,12.820000,5.297691,32800
2007-08-20,12.800000,13.090000,12.660000,12.760000,5.272901,110400
2007-08-21,12.760000,13.110000,12.720000,13.010000,5.376209,55800
2007-08-22,13.010000,13.150000,12.950000,13.030000,5.384475,45000
2007-08-23,13.100000,13.230000,12.980000,13.080000,5.405136,35900
2007-08-24,13.190000,13.260000,13.070000,13.190000,5.450593,40100
2007-08-27,13.150000,13.250000,13.070000,13.130000,5.425799,39400
2007-08-28,13.110000,13.110000,13.000000,13.000000,5.372077,30700
2007-08-29,12.930000,13.090000,12.890000,13.050000,5.415230,25500
2007-08-30,13.010000,13.100000,12.990000,13.060000,5.419383,21600
2007-08-31,13.060000,13.150000,13.060000,13.070000,5.423529,20000
2007-09-04,13.090000,13.200000,13.090000,13.150000,5.456727,19900
2007-09-05,13.150000,13.280000,13.150000,13.220000,5.485774,31000
2007-09-06,13.200000,13.350000,13.190000,13.220000,5.485774,22100
2007-09-07,13.280000,13.400000,13.220000,13.330000,5.531421,28000
2007-09-10,13.400000,13.510000,13.330000,13.480000,5.593664,44300
2007-09-11,13.440000,13.490000,13.410000,13.410000,5.564618,39600
2007-09-12,13.440000,13.460000,13.360000,13.400000,5.560466,32700
2007-09-13,13.400000,13.400000,13.260000,13.260000,5.502375,26700
2007-09-14,13.290000,13.360000,13.250000,13.270000,5.506523,24200
2007-09-17,13.290000,13.320000,13.210000,13.220000,5.485774,15500
2007-09-18,13.140000,13.340000,13.140000,13.260000,5.502375,24300
2007-09-19,13.190000,13.390000,13.180000,13.250000,5.498222,34500
2007-09-20,13.190000,13.340000,13.110000,13.110000,5.440130,24100
2007-09-21,13.250000,13.270000,13.140000,13.250000,5.498222,47600
2007-09-24,13.190000,13.260000,13.170000,13.260000,5.502375,22100
2007-09-25,13.190000,13.250000,13.180000,13.180000,5.469172,8000
2007-09-26,13.110000,13.240000,13.050000,13.170000,5.487510,21300
2007-09-27,13.120000,13.220000,13.120000,13.160000,5.483343,22700
2007-09-28,13.200000,13.220000,13.160000,13.160000,5.483343,10500
2007-10-01,13.200000,13.280000,13.200000,13.280000,5.533342,11000
2007-10-02,13.320000,13.420000,13.220000,13.300000,5.541674,44000
2007-10-03,13.310000,13.310000,13.210000,13.230000,5.512510,9500
2007-10-04,13.230000,13.280000,13.130000,13.130000,5.470844,29100
2007-10-05,13.140000,13.140000,13.130000,13.130000,5.470844,4300
2007-10-08,13.110000,13.130000,13.000000,13.030000,5.429179,49700
2007-10-09,13.010000,13.190000,13.010000,13.040000,5.433342,19600
2007-10-10,13.160000,13.360000,13.120000,13.320000,5.550013,87600
2007-10-11,13.340000,13.350000,13.200000,13.200000,5.500009,38900
2007-10-12,13.290000,13.300000,13.200000,13.200000,5.500009,26000
2007-10-15,13.300000,13.330000,13.120000,13.130000,5.470844,25600
2007-10-16,13.110000,13.200000,13.000000,13.050000,5.437508,27900
2007-10-17,13.100000,13.270000,13.100000,13.200000,5.500009,13700
2007-10-18,13.100000,13.250000,13.040000,13.140000,5.475008,32400
2007-10-19,13.120000,13.230000,13.100000,13.200000,5.500009,8100
2007-10-22,13.210000,13.250000,13.050000,13.130000,5.470844,21900
2007-10-23,13.230000,13.250000,13.100000,13.180000,5.491673,13400
2007-10-24,13.180000,13.210000,13.060000,13.060000,5.441679,23900
2007-10-25,13.040000,13.190000,13.000000,13.050000,5.437508,47500
2007-10-26,13.130000,13.200000,12.990000,12.990000,5.412511,26900
2007-10-29,12.930000,13.050000,12.780000,12.860000,5.380711,40000
2007-10-30,12.850000,12.960000,12.810000,12.820000,5.363974,34500
2007-10-31,12.850000,12.960000,12.750000,12.860000,5.380711,21400
2007-11-01,12.790000,12.910000,12.750000,12.750000,5.334688,32500
2007-11-02,12.720000,12.850000,12.720000,12.770000,5.343054,19400
2007-11-05,12.760000,12.830000,12.750000,12.780000,5.347237,31000
2007-11-06,12.840000,13.010000,12.750000,12.850000,5.376529,36400
2007-11-07,12.850000,12.850000,12.780000,12.800000,5.355604,35800
2007-11-08,12.790000,12.820000,12.770000,12.780000,5.347237,23400
2007-11-09,13.080000,13.080000,12.650000,12.740000,5.330503,50300
2007-11-12,12.730000,12.740000,12.500000,12.650000,5.292848,47600
2007-11-13,12.770000,12.800000,12.550000,12.570000,5.259370,44300
2007-11-14,12.550000,12.750000,12.550000,12.580000,5.263558,17200
2007-11-15,12.740000,13.080000,12.480000,12.480000,5.221717,42600
2007-11-16,12.370000,12.670000,12.370000,12.520000,5.238452,29700
2007-11-19,12.340000,12.660000,11.430000,12.560000,5.255191,114800
2007-11-20,12.420000,12.750000,12.420000,12.500000,5.230084,68000
2007-11-21,12.500000,12.790000,12.500000,12.670000,5.301210,30300
2007-11-23,12.670000,12.870000,12.670000,12.760000,5.338868,9300
2007-11-26,12.850000,12.940000,12.650000,12.720000,5.322131,21200
2007-11-27,12.690000,12.840000,12.610000,12.610000,5.276109,41100
2007-11-28,12.630000,12.680000,12.480000,12.480000,5.244174,65900
2007-11-29,12.550000,12.910000,12.510000,12.550000,5.273587,33200
2007-11-30,12.580000,12.800000,12.510000,12.620000,5.303006,64300
2007-12-03,12.620000,12.960000,12.600000,12.660000,5.319811,102900
2007-12-04,12.630000,12.890000,12.630000,12.750000,5.357630,58700
2007-12-05,12.740000,12.850000,12.690000,12.760000,5.361830,68500
2007-12-06,12.760000,12.870000,12.700000,12.720000,5.345020,48200
2007-12-07,12.700000,12.770000,12.670000,12.680000,5.328215,48400
2007-12-10,12.720000,12.800000,12.660000,12.700000,5.336621,68100
2007-12-11,12.750000,12.840000,12.720000,12.830000,5.391246,92300
2007-12-12,12.670000,12.920000,12.660000,12.680000,5.328215,141100
2007-12-13,12.900000,12.900000,12.560000,12.570000,5.281989,131400
2007-12-14,12.570000,12.640000,12.500000,12.500000,5.252578,137100
2007-12-17,12.640000,12.640000,12.480000,12.550000,5.273587,129600
2007-12-18,12.550000,12.650000,12.510000,12.600000,5.294597,83800
2007-12-19,12.510000,12.760000,12.510000,12.590000,5.290398,188300
2007-12-20,12.590000,12.730000,12.590000,12.650000,5.315610,132700
2007-12-21,12.880000,12.880000,12.610000,12.610000,5.298800,181500
2007-12-24,12.900000,13.550000,12.640000,12.790000,5.374436,82000
2007-12-26,12.890000,12.890000,12.680000,12.690000,5.332417,127100
2007-12-27,12.630000,12.800000,12.590000,12.630000,5.329885,203700
2007-12-28,12.640000,12.890000,12.570000,12.730000,5.372082,172900
2007-12-31,12.740000,12.950000,12.740000,12.860000,5.426942,123100
2008-01-02,13.070000,13.180000,12.890000,13.020000,5.494464,33300
2008-01-03,13.110000,13.270000,12.930000,13.220000,5.578865,60600
2008-01-04,13.200000,13.460000,13.200000,13.280000,5.604184,48300
2008-01-07,13.390000,14.290000,13.370000,13.410000,5.659047,67800
2008-01-08,13.430000,13.550000,13.400000,13.550000,5.718126,37800
2008-01-09,13.450000,13.540000,13.420000,13.470000,5.684368,28100
2008-01-10,13.530000,13.530000,13.430000,13.460000,5.680142,34300
2008-01-11,13.440000,13.610000,13.440000,13.540000,5.713908,18100
2008-01-14,13.600000,13.700000,13.560000,13.610000,5.743448,43300
2008-01-15,13.610000,13.730000,13.540000,13.630000,5.751887,40700
2008-01-16,13.600000,13.740000,13.600000,13.740000,5.798303,27200
2008-01-17,13.940000,13.940000,13.520000,13.520000,5.705468,53800
2008-01-18,13.470000,13.560000,13.130000,13.220000,5.578865,96500
2008-01-22,13.240000,13.440000,13.110000,13.390000,5.650608,31900
2008-01-23,13.200000,13.670000,13.200000,13.670000,5.768767,39300
2008-01-24,13.560000,13.660000,13.560000,13.610000,5.743448,16900
2008-01-25,13.600000,13.610000,13.520000,13.540000,5.713908,18600
2008-01-28,13.520000,13.610000,13.500000,13.610000,5.743448,23700
2008-01-29,13.550000,13.550000,13.500000,13.520000,5.728192,69800
2008-01-30,13.510000,13.610000,13.450000,13.560000,5.745142,25800
2008-01-31,13.200000,13.660000,13.200000,13.620000,5.770558,28100
2008-02-01,13.620000,13.640000,13.530000,13.550000,5.740903,20100
2008-02-04,13.520000,13.630000,13.500000,13.580000,5.753613,21200
2008-02-05,14.060000,14.060000,13.500000,13.570000,5.749377,20600
2008-02-06,13.540000,13.670000,13.540000,13.550000,5.740903,18700
2008-02-07,13.520000,13.640000,13.520000,13.610000,5.766325,6300
2008-02-08,13.520000,13.670000,13.520000,13.630000,5.774798,18500
2008-02-11,13.620000,13.760000,13.600000,13.640000,5.779037,19600
2008-02-12,13.620000,13.790000,13.620000,13.680000,5.795981,28200
2008-02-13,13.740000,13.760000,13.260000,13.320000,5.643457,167600
2008-02-14,13.220000,13.250000,12.990000,12.990000,5.503640,172400
2008-02-15,13.050000,13.050000,12.740000,12.920000,5.473983,138100
2008-02-19,12.900000,13.100000,12.860000,13.050000,5.529064,170900
2008-02-20,12.980000,13.130000,12.970000,13.030000,5.520588,145400
2008-02-21,12.960000,13.140000,12.950000,12.960000,5.490927,65600
2008-02-22,12.960000,12.960000,12.860000,12.910000,5.469747,101500
2008-02-25,13.390000,13.400000,12.860000,13.020000,5.516356,46500
2008-02-26,13.080000,13.140000,12.980000,13.080000,5.541778,39400
2008-02-27,13.050000,13.120000,13.000000,13.020000,5.539225,119500
2008-02-28,13.000000,13.030000,12.830000,12.850000,5.466898,59400
2008-02-29,12.800000,12.820000,12.690000,12.770000,5.432862,75500
2008-03-03,12.790000,12.990000,12.780000,12.960000,5.513690,43700
2008-03-04,12.880000,13.040000,12.190000,12.990000,5.526456,85500
2008-03-05,12.890000,13.170000,12.710000,13.070000,5.560491,90500
2008-03-06,12.950000,13.170000,12.890000,12.900000,5.488169,47200
2008-03-07,12.990000,13.090000,12.970000,13.070000,5.560491,32000
2008-03-10,13.180000,13.180000,12.900000,12.900000,5.488169,24000
2008-03-11,12.990000,12.990000,12.860000,12.860000,5.471151,45700
2008-03-12,12.860000,13.000000,12.830000,12.860000,5.471151,32100
2008-03-13,12.860000,13.110000,12.830000,12.990000,5.526456,47400
2008-03-14,12.980000,13.040000,12.860000,12.860000,5.471151,9600
2008-03-17,12.610000,13.080000,12.610000,12.720000,5.411588,62100
2008-03-18,12.580000,13.020000,12.580000,12.900000,5.488169,44300
2008-03-19,12.950000,13.040000,12.910000,12.930000,5.500929,26900
2008-03-20,13.030000,13.070000,12.920000,13.070000,5.560491,27600
2008-03-24,13.050000,13.260000,13.050000,13.260000,5.641329,27900
2008-03-25,13.250000,13.300000,13.130000,13.250000,5.637070,25500
2008-03-26,13.390000,13.390000,13.230000,13.290000,5.654090,32700
2008-03-27,13.340000,13.340000,13.220000,13.260000,5.664343,17000
2008-03-28,13.200000,13.270000,13.060000,13.170000,5.625898,41400
2008-03-31,13.280000,13.380000,13.220000,13.260000,5.664343,19100
2008-04-01,13.200000,13.360000,13.180000,13.310000,5.685699,18200
2008-04-02,13.240000,13.340000,13.160000,13.250000,5.660069,18400
2008-04-03,13.180000,13.330000,13.090000,13.220000,5.647256,23300
2008-04-04,13.230000,13.230000,13.030000,13.070000,5.583177,19800
2008-04-07,12.990000,13.210000,12.990000,13.150000,5.617352,22500
2008-04-08,13.030000,13.190000,13.020000,13.020000,5.561823,17400
2008-04-09,13.140000,13.280000,13.040000,13.140000,5.613080,18100
2008-04-10,13.050000,13.200000,13.050000,13.110000,5.600265,28900
2008-04-11,13.150000,13.170000,13.050000,13.120000,5.604537,18900
2008-04-14,13.070000,13.170000,13.050000,13.050000,5.574635,28700
2008-04-15,13.180000,13.180000,13.010000,13.020000,5.561823,28700
2008-04-16,13.010000,13.190000,13.010000,13.170000,5.625898,18900
2008-04-17,13.090000,13.190000,13.060000,13.070000,5.583177,30100
2008-04-18,13.390000,13.390000,12.990000,13.070000,5.583177,22200
2008-04-21,13.070000,13.300000,13.070000,13.240000,5.655799,12000
2008-04-22,13.330000,13.360000,13.150000,13.290000,5.677156,22400
2008-04-23,13.200000,13.310000,13.150000,13.220000,5.647256,7900
2008-04-24,13.190000,13.260000,13.120000,13.130000,5.608806,10800
2008-04-25,13.220000,13.250000,13.060000,13.150000,5.617352,37500
2008-04-28,13.150000,13.240000,12.990000,13.050000,5.597623,41300
2008-04-29,13.060000,13.150000,13.010000,13.010000,5.580466,30300
2008-04-30,13.010000,13.080000,12.990000,13.080000,5.610492,20800
2008-05-01,13.060000,13.060000,13.010000,13.020000,5.584753,44900
2008-05-02,13.170000,13.170000,13.000000,13.000000,5.576173,14600
2008-05-05,13.010000,13.080000,12.940000,13.020000,5.584753,24100
2008-05-06,12.960000,13.090000,12.930000,13.050000,5.597623,17500
2008-05-07,13.130000,13.130000,12.980000,13.000000,5.576173,29100
2008-05-08,12.980000,13.070000,12.970000,13.010000,5.580466,16900
2008-05-09,12.980000,13.110000,12.980000,13.070000,5.606198,22000
2008-05-12,13.200000,13.200000,13.030000,13.050000,5.597623,29400
2008-05-13,13.050000,13.120000,13.010000,13.010000,5.580466,29300
2008-05-14,13.050000,13.120000,13.050000,13.050000,5.597623,31400
2008-05-15,13.150000,13.150000,13.050000,13.060000,5.601912,24300
2008-05-16,13.020000,13.150000,13.020000,13.060000,5.601912,20500
2008-05-19,13.140000,13.160000,13.080000,13.080000,5.610492,26400
2008-05-20,13.090000,13.500000,13.090000,13.110000,5.623357,42500
2008-05-21,13.160000,13.180000,13.100000,13.110000,5.623357,31600
2008-05-22,13.110000,13.150000,13.100000,13.110000,5.623357,14500
2008-05-23,13.190000,13.190000,13.100000,13.100000,5.619068,68100
2008-05-27,13.150000,13.170000,13.110000,13.110000,5.623357,31300
2008-05-28,13.040000,13.170000,13.040000,13.120000,5.650919,19300
2008-05-29,13.120000,13.150000,13.080000,13.140000,5.659536,19300
2008-05-30,13.110000,13.170000,13.110000,13.160000,5.668153,11900
2008-06-02,13.100000,13.170000,13.100000,13.100000,5.642307,21700
2008-06-03,13.140000,13.230000,13.080000,13.180000,5.676767,61800
2008-06-04,13.160000,13.160000,13.060000,13.060000,5.625082,39100
2008-06-05,13.070000,13.140000,13.060000,13.140000,5.659536,38000
2008-06-06,13.080000,13.130000,13.080000,13.090000,5.638001,19700
2008-06-09,13.140000,13.140000,13.060000,13.060000,5.625082,27700
2008-06-10,13.080000,13.120000,13.000000,13.000000,5.599236,25900
2008-06-11,13.080000,13.080000,12.920000,12.920000,5.564784,47500
2008-06-12,12.850000,12.990000,12.850000,12.890000,5.551858,43200
2008-06-13,12.880000,12.980000,12.840000,12.850000,5.534629,22000
2008-06-16,13.090000,13.090000,12.800000,12.950000,5.577702,45400
2008-06-17,12.840000,13.000000,12.840000,12.840000,5.530326,39300
2008-06-18,12.820000,12.980000,12.810000,12.870000,5.543248,31200
2008-06-19,12.780000,12.890000,12.770000,12.800000,5.513094,28700
2008-06-20,12.760000,12.930000,12.720000,12.730000,5.482944,31200
2008-06-23,12.780000,12.780000,12.610000,12.610000,5.431259,23500
2008-06-24,12.610000,12.670000,12.520000,12.570000,5.414034,32700
2008-06-25,12.570000,12.720000,12.570000,12.700000,5.470023,15100
2008-06-26,12.600000,12.800000,12.390000,12.650000,5.471753,23600
2008-06-27,12.600000,12.660000,12.590000,12.660000,5.476078,20600
2008-06-30,12.620000,12.690000,12.560000,12.600000,5.450125,66700
2008-07-01,12.380000,12.620000,12.380000,12.620000,5.458779,24000
2008-07-02,12.620000,12.720000,12.560000,12.700000,5.493382,19600
2008-07-03,12.640000,12.780000,12.630000,12.660000,5.476078,11100
2008-07-07,12.730000,12.840000,12.680000,12.680000,5.484732,17600
2008-07-08,12.620000,12.710000,12.620000,12.680000,5.484732,12800
2008-07-09,12.590000,12.740000,12.590000,12.700000,5.493382,28900
2008-07-10,12.790000,12.790000,12.640000,12.700000,5.493382,11300
2008-07-11,12.660000,12.720000,12.570000,12.630000,5.463103,26700
2008-07-14,12.610000,12.690000,12.600000,12.660000,5.476078,23900
2008-07-15,12.610000,12.680000,12.360000,12.380000,5.354968,49400
2008-07-16,12.450000,12.580000,12.400000,12.580000,5.441476,24800
2008-07-17,12.570000,12.690000,12.540000,12.600000,5.450125,29700
2008-07-18,12.660000,12.710000,12.550000,12.660000,5.476078,17900
2008-07-21,12.720000,12.720000,12.660000,12.660000,5.476078,25800
2008-07-22,12.690000,12.700000,12.630000,12.640000,5.467433,9900
2008-07-23,12.680000,12.710000,12.610000,12.690000,5.489055,23400
2008-07-24,12.600000,12.810000,12.600000,12.800000,5.536636,30500
2008-07-25,12.800000,12.950000,12.800000,12.930000,5.592869,89600
2008-07-28,12.910000,12.930000,12.800000,12.820000,5.545286,11000
2008-07-29,13.190000,13.190000,12.610000,12.630000,5.486212,36300
2008-07-30,12.700000,12.740000,12.610000,12.740000,5.533995,23300
2008-07-31,12.780000,12.780000,12.580000,12.680000,5.507933,41800
2008-08-01,12.580000,12.880000,12.580000,12.650000,5.494899,7900
2008-08-04,12.690000,12.700000,12.690000,12.700000,5.516618,15500
2008-08-05,12.700000,12.780000,12.610000,12.720000,5.525305,16700
2008-08-06,12.690000,12.780000,12.670000,12.680000,5.507933,10900
2008-08-07,12.620000,12.800000,12.610000,12.760000,5.542681,26500
2008-08-08,12.740000,12.800000,12.620000,12.780000,5.551372,11000
2008-08-11,12.690000,12.800000,12.670000,12.670000,5.503584,27900
2008-08-12,12.610000,12.810000,12.610000,12.800000,5.560058,24600
2008-08-13,12.790000,12.820000,12.710000,12.790000,5.555713,11900
2008-08-14,12.710000,12.830000,12.700000,12.800000,5.560058,17900
2008-08-15,12.890000,12.890000,12.740000,12.780000,5.551372,9400
2008-08-18,12.780000,12.910000,12.760000,12.800000,5.560058,14900
2008-08-19,12.750000,12.890000,12.750000,12.750000,5.538337,31700
2008-08-20,12.750000,12.860000,12.750000,12.840000,5.577433,7200
2008-08-21,12.800000,12.900000,12.760000,12.900000,5.603496,19300
2008-08-22,12.790000,13.000000,12.760000,13.000000,5.646934,12500
2008-08-25,12.920000,13.000000,12.810000,12.820000,5.568742,16800
2008-08-26,12.810000,12.940000,12.810000,12.830000,5.573091,17000
2008-08-27,12.970000,12.970000,12.700000,12.890000,5.622817,24600
2008-08-28,12.860000,12.900000,12.840000,12.850000,5.605366,13500
2008-08-29,12.750000,12.800000,12.720000,12.760000,5.566106,18600
2008-09-02,12.760000,12.810000,12.700000,12.750000,5.561745,10000
2008-09-03,12.730000,12.950000,12.730000,12.800000,5.583556,13200
2008-09-04,12.770000,12.850000,12.750000,12.830000,5.596647,11100
2008-09-05,12.810000,12.870000,12.760000,12.870000,5.614094,30900
2008-09-08,12.900000,13.000000,12.760000,13.000000,5.670800,22100
2008-09-09,12.870000,13.000000,12.870000,13.000000,5.670800,15100
2008-09-10,13.090000,13.090000,12.860000,12.880000,5.618454,18200
2008-09-11,13.100000,13.100000,12.800000,12.800000,5.583556,21800
2008-09-12,12.820000,12.860000,12.720000,12.780000,5.574834,30300
2008-09-15,12.880000,12.880000,12.650000,12.650000,5.518125,33800
2008-09-16,12.610000,12.850000,12.460000,12.650000,5.518125,42400
2008-09-17,12.500000,12.520000,12.100000,12.350000,5.387262,53500
2008-09-18,12.310000,12.320000,11.760000,12.070000,5.265120,75700
2008-09-19,12.420000,12.860000,12.420000,12.530000,5.465783,31700
2008-09-22,12.480000,12.560000,12.230000,12.230000,5.334913,25300
2008-09-23,12.220000,12.290000,12.100000,12.100000,5.278203,38600
2008-09-24,12.100000,12.200000,12.100000,12.130000,5.291288,6500
2008-09-25,12.130000,12.290000,12.130000,12.250000,5.343638,38400
2008-09-26,11.640000,12.130000,11.620000,11.700000,5.126318,62000
2008-09-29,11.610000,11.660000,11.350000,11.350000,4.972967,62200
2008-09-30,11.300000,11.420000,11.250000,11.400000,4.994874,50900
2008-10-01,11.390000,11.580000,11.390000,11.580000,5.073740,107800
2008-10-02,11.540000,11.540000,11.390000,11.440000,5.012400,33600
2008-10-03,11.820000,11.820000,11.250000,11.300000,4.951058,27200
2008-10-06,11.200000,11.240000,10.260000,10.600000,4.644357,62100
2008-10-07,10.800000,10.920000,10.630000,10.810000,4.736369,83100
2008-10-08,10.410000,10.790000,9.560000,10.400000,4.556726,109800
2008-10-09,11.220000,11.220000,10.030000,10.500000,4.600542,101900
2008-10-10,10.040000,10.130000,8.800000,9.780000,4.285077,114200
2008-10-13,10.540000,11.200000,9.740000,11.080000,4.854667,67000
2008-10-14,11.150000,11.150000,10.780000,10.880000,4.767037,52600
2008-10-15,10.990000,10.990000,10.270000,10.270000,4.499768,38200
2008-10-16,10.160000,10.600000,10.040000,10.400000,4.556726,34800
2008-10-17,10.270000,10.960000,10.160000,10.960000,4.802088,66500
2008-10-20,10.960000,11.380000,10.500000,11.120000,4.872192,51700
2008-10-21,11.220000,11.590000,11.060000,11.320000,4.959820,63600
2008-10-22,11.330000,11.560000,11.270000,11.360000,4.977347,29600
2008-10-23,11.360000,11.750000,11.360000,11.360000,4.977347,35300
2008-10-24,11.820000,11.820000,11.100000,11.190000,4.902864,30900
2008-10-27,11.120000,11.280000,10.760000,11.000000,4.819614,47900
2008-10-28,11.050000,11.330000,10.940000,11.070000,4.850286,56100
2008-10-29,11.080000,11.080000,10.930000,11.000000,4.843240,28800
2008-10-30,11.000000,11.130000,10.860000,11.020000,4.852044,22600
2008-10-31,11.000000,11.030000,10.920000,11.000000,4.843240,25000
2008-11-03,10.940000,11.150000,10.900000,10.940000,4.816824,20600
2008-11-04,11.010000,11.250000,10.980000,11.200000,4.931300,25300
2008-11-05,11.370000,11.430000,11.210000,11.380000,5.010554,45700
2008-11-06,11.260000,11.660000,11.260000,11.380000,5.010554,15000
2008-11-07,11.360000,11.600000,11.320000,11.600000,5.107420,15100
2008-11-10,11.410000,11.650000,11.410000,11.560000,5.089803,30400
2008-11-11,11.540000,11.620000,11.540000,11.570000,5.094209,36000
2008-11-12,11.440000,11.660000,11.360000,11.410000,5.023761,81300
2008-11-13,11.590000,11.620000,11.300000,11.400000,5.019358,56200
2008-11-14,11.400000,11.640000,11.400000,11.640000,5.125028,27200
2008-11-17,11.660000,11.800000,11.400000,11.540000,5.080997,61600
2008-11-18,12.440000,12.450000,11.310000,11.330000,4.988537,21700
2008-11-19,11.300000,11.400000,11.040000,11.050000,4.865257,52500
2008-11-20,11.290000,11.300000,10.700000,10.760000,4.737570,49500
2008-11-21,10.760000,11.300000,10.440000,10.640000,4.684737,33200
2008-11-24,10.570000,11.300000,10.560000,11.040000,4.860853,31600
2008-11-25,11.040000,11.290000,11.000000,11.070000,4.898019,19900
2008-11-26,11.040000,11.260000,11.040000,11.180000,4.946688,20700
2008-11-28,11.300000,11.300000,10.940000,11.300000,4.999784,10700
2008-12-01,11.100000,11.300000,10.940000,10.940000,4.840501,27800
2008-12-02,11.000000,11.000000,10.450000,10.450000,4.623695,42200
2008-12-03,10.220000,10.750000,10.140000,10.500000,4.645815,58700
2008-12-04,10.400000,10.640000,10.400000,10.510000,4.650244,9500
2008-12-05,10.360000,10.580000,10.060000,10.350000,4.579449,31100
2008-12-08,10.210000,10.640000,10.210000,10.640000,4.707764,54700
2008-12-09,10.460000,10.750000,10.290000,10.700000,4.734307,59700
2008-12-10,10.650000,11.250000,10.290000,11.050000,4.889169,58300
2008-12-11,11.000000,11.250000,10.640000,10.760000,4.760858,44800
2008-12-12,10.650000,10.650000,10.300000,10.540000,4.663517,91100
2008-12-15,10.690000,10.900000,10.500000,10.540000,4.663517,64600
2008-12-16,10.500000,10.810000,10.290000,10.500000,4.645815,73000
2008-12-17,10.600000,10.970000,10.010000,10.850000,4.800682,78900
2008-12-18,10.840000,11.210000,10.090000,10.710000,4.738734,141400
2008-12-19,10.320000,11.000000,10.300000,10.820000,4.787405,151100
2008-12-22,11.250000,11.250000,10.720000,10.900000,4.822801,131300
2008-12-23,11.100000,11.100000,10.900000,10.950000,4.844922,61400
2008-12-24,10.900000,11.090000,10.900000,10.950000,4.844922,33100
2008-12-26,10.870000,11.070000,10.870000,10.910000,4.827226,25600
2008-12-29,10.920000,11.250000,10.910000,10.970000,4.877916,81800
2008-12-30,10.920000,11.160000,10.850000,11.090000,4.931277,116600
2008-12-31,11.010000,11.400000,11.010000,11.350000,5.046889,113600
2009-01-02,11.310000,11.650000,11.310000,11.550000,5.135819,24400
2009-01-05,11.740000,13.120000,11.610000,13.120000,5.833933,92600
2009-01-06,12.770000,12.770000,12.040000,12.060000,5.362597,40400
2009-01-07,11.600000,12.000000,11.600000,11.700000,5.202518,69400
2009-01-08,11.800000,11.950000,11.620000,11.850000,5.269215,35900
2009-01-09,12.040000,12.060000,11.780000,11.980000,5.327022,38700
2009-01-12,12.110000,12.180000,11.990000,12.150000,5.402615,56500
2009-01-13,12.200000,12.250000,11.940000,12.200000,5.424847,65700
2009-01-14,12.230000,12.230000,11.860000,12.070000,5.367039,76400
2009-01-15,11.650000,12.160000,11.650000,12.010000,5.340364,28500
2009-01-16,11.980000,12.350000,11.980000,12.200000,5.424847,25300
2009-01-20,12.450000,12.450000,12.270000,12.300000,5.469316,33300
2009-01-21,12.300000,12.390000,12.200000,12.390000,5.509334,26400
2009-01-22,12.400000,12.400000,12.200000,12.200000,5.424847,18100
2009-01-23,12.300000,12.310000,12.050000,12.230000,5.438186,20800
2009-01-26,12.250000,12.250000,12.190000,12.250000,5.447082,16900
2009-01-27,12.170000,12.450000,12.060000,12.220000,5.433739,29000
2009-01-28,12.240000,12.360000,12.220000,12.360000,5.520387,23800
2009-01-29,12.390000,12.390000,12.140000,12.180000,5.439993,50200
2009-01-30,12.150000,12.260000,12.010000,12.060000,5.386399,18300
2009-02-02,12.080000,12.240000,12.020000,12.080000,5.395327,11100
2009-02-03,11.960000,12.230000,11.950000,12.230000,5.462324,20300
2009-02-04,12.170000,12.250000,12.160000,12.220000,5.457857,24700
2009-02-05,12.330000,12.460000,12.110000,12.380000,5.529318,56800
2009-02-06,12.500000,12.620000,12.420000,12.470000,5.569519,49700
2009-02-09,12.450000,12.630000,12.420000,12.570000,5.614179,31900
2009-02-10,12.650000,12.650000,12.510000,12.610000,5.632045,41400
2009-02-11,12.700000,12.700000,12.530000,12.650000,5.649911,21500
2009-02-12,12.730000,12.730000,12.540000,12.610000,5.632045,27600
2009-02-13,12.540000,12.750000,12.520000,12.680000,5.663310,24000
2009-02-17,12.740000,12.740000,12.080000,12.360000,5.520387,29500
2009-02-18,12.320000,12.320000,12.120000,12.150000,5.426595,38800
2009-02-19,11.980000,12.290000,11.980000,12.150000,5.426595,22100
2009-02-20,11.770000,12.200000,11.770000,11.910000,5.319405,50700
2009-02-23,11.790000,11.990000,11.770000,11.780000,5.261340,67600
2009-02-24,11.720000,12.300000,11.720000,12.270000,5.480188,28500
2009-02-25,11.840000,12.700000,11.840000,12.290000,5.513389,26200
2009-02-26,12.390000,12.390000,12.000000,12.190000,5.468526,38600
2009-02-27,12.290000,12.300000,12.010000,12.150000,5.450582,12100
2009-03-02,12.000000,12.100000,11.800000,11.910000,5.342919,42300
2009-03-03,11.990000,12.030000,11.850000,12.000000,5.383291,39400
2009-03-04,11.930000,12.170000,11.910000,11.950000,5.360861,28300
2009-03-05,11.520000,12.050000,11.490000,11.880000,5.329462,35200
2009-03-06,11.790000,12.000000,11.790000,11.800000,5.293568,53000
2009-03-09,11.710000,11.750000,11.650000,11.660000,5.230767,55200
2009-03-10,11.790000,12.200000,11.680000,12.120000,5.437120,16300
2009-03-11,12.460000,12.460000,11.910000,11.940000,5.356373,13800
2009-03-12,11.870000,12.150000,11.830000,12.150000,5.450582,20900
2009-03-13,12.150000,12.270000,11.870000,12.010000,5.387779,15600
2009-03-16,12.320000,12.320000,11.930000,12.040000,5.401237,22800
2009-03-17,12.150000,12.160000,11.860000,12.160000,5.455070,30800
2009-03-18,12.010000,12.200000,11.980000,12.200000,5.473012,11500
2009-03-19,11.960000,12.380000,11.950000,11.960000,5.365348,36100
2009-03-20,11.930000,12.050000,11.920000,12.010000,5.387779,31200
2009-03-23,12.400000,12.400000,11.900000,12.120000,5.437120,17600
2009-03-24,12.150000,12.150000,11.930000,11.990000,5.378806,26800
2009-03-25,12.190000,12.190000,11.860000,11.950000,5.360861,36800
2009-03-26,12.000000,12.310000,11.960000,12.310000,5.522357,31900
2009-03-27,12.050000,12.370000,12.050000,12.160000,5.479105,12600
2009-03-30,12.350000,12.350000,11.970000,12.050000,5.429542,28300
2009-03-31,12.120000,12.120000,12.000000,12.030000,5.420526,50100
2009-04-01,12.000000,12.170000,12.000000,12.030000,5.420526,31000
2009-04-02,12.100000,12.310000,12.030000,12.310000,5.546691,23200
2009-04-03,12.380000,12.380000,12.270000,12.280000,5.533175,20000
2009-04-06,12.370000,12.950000,12.230000,12.370000,5.573727,42800
2009-04-07,12.450000,12.450000,12.200000,12.200000,5.497129,19600
2009-04-08,12.340000,12.340000,12.190000,12.200000,5.497129,31400
2009-04-09,12.590000,12.590000,12.210000,12.220000,5.506136,23200
2009-04-13,12.150000,12.410000,12.130000,12.310000,5.546691,41500
2009-04-14,12.660000,12.660000,12.180000,12.250000,5.519657,33600
2009-04-15,12.330000,12.380000,12.200000,12.380000,5.578231,33500
2009-04-16,12.300000,12.510000,12.290000,12.390000,5.582740,29300
2009-04-17,12.400000,12.570000,12.390000,12.460000,5.614279,44800
2009-04-20,12.620000,12.620000,12.400000,12.440000,5.605266,23800
2009-04-21,12.390000,12.600000,12.390000,12.580000,5.668352,19900
2009-04-22,12.590000,12.600000,12.500000,12.540000,5.650326,29000
2009-04-23,12.600000,12.730000,12.530000,12.640000,5.695386,26800
2009-04-24,12.640000,12.750000,12.570000,12.620000,5.686372,23100
2009-04-27,12.460000,12.700000,12.460000,12.670000,5.708899,16900
2009-04-28,12.610000,12.750000,12.470000,12.600000,5.701659,52700
2009-04-29,12.580000,12.790000,12.540000,12.630000,5.715238,23500
2009-04-30,12.580000,12.650000,12.550000,12.550000,5.679036,44500
2009-05-01,12.550000,12.620000,12.460000,12.550000,5.679036,14200
2009-05-04,12.560000,12.720000,12.420000,12.610000,5.706185,36100
2009-05-05,12.640000,12.750000,12.630000,12.650000,5.724288,22700
2009-05-06,12.630000,12.810000,12.460000,12.750000,5.769536,34300
2009-05-07,12.850000,12.850000,12.670000,12.720000,5.755964,32600
2009-05-08,12.670000,12.750000,12.550000,12.700000,5.746912,66400
2009-05-11,12.630000,12.750000,12.630000,12.690000,5.742385,47600
2009-05-12,12.620000,12.780000,12.550000,12.720000,5.755964,56200
2009-05-13,12.620000,12.850000,12.620000,12.680000,5.737863,44100
2009-05-14,12.780000,12.850000,12.640000,12.830000,5.805737,24800
2009-05-15,12.850000,13.000000,12.730000,12.840000,5.810262,17300
2009-05-18,12.800000,12.890000,12.680000,12.880000,5.828367,116500
2009-05-19,12.850000,13.020000,12.710000,12.920000,5.846466,76500
2009-05-20,12.850000,13.040000,12.850000,13.000000,5.882670,15100
2009-05-21,12.920000,13.050000,12.810000,12.940000,5.855518,34600
2009-05-22,12.980000,13.000000,12.790000,13.000000,5.882670,41100
2009-05-26,12.850000,13.170000,12.760000,13.130000,5.966278,48700
2009-05-27,13.260000,13.260000,12.810000,13.000000,5.907206,22400
2009-05-28,13.070000,13.140000,12.810000,12.980000,5.898111,18700
2009-05-29,12.950000,12.950000,12.760000,12.760000,5.798144,17000
2009-06-01,12.800000,12.860000,12.670000,12.670000,5.757251,13500
2009-06-02,12.820000,13.000000,12.710000,12.940000,5.879942,29800
2009-06-03,12.780000,13.050000,12.780000,12.800000,5.816326,35400
2009-06-04,12.790000,13.020000,12.790000,12.910000,5.866309,35700
2009-06-05,12.910000,12.950000,12.820000,12.930000,5.875394,27800
2009-06-08,12.650000,12.970000,12.650000,12.900000,5.861765,23900
2009-06-09,13.250000,13.250000,12.900000,12.960000,5.889027,16400
2009-06-10,12.960000,13.080000,12.760000,12.800000,5.816326,63500
2009-06-11,12.800000,12.840000,12.620000,12.630000,5.739076,33800
2009-06-12,12.670000,12.670000,12.260000,12.370000,5.620933,42800
2009-06-15,12.450000,12.650000,12.260000,12.400000,5.634564,28900
2009-06-16,12.320000,12.720000,12.320000,12.410000,5.639105,62400
2009-06-17,12.400000,12.550000,12.300000,12.370000,5.620933,29600
2009-06-18,12.370000,12.600000,12.320000,12.470000,5.666371,31000
2009-06-19,12.420000,12.740000,12.350000,12.650000,5.748166,31900
2009-06-22,12.740000,12.740000,12.360000,12.360000,5.616389,33900
2009-06-23,12.400000,12.700000,12.400000,12.640000,5.743621,21100
2009-06-24,12.600000,12.700000,12.420000,12.600000,5.725445,16100
2009-06-25,12.590000,12.710000,12.530000,12.640000,5.743621,26800
2009-06-26,12.690000,12.740000,12.360000,12.740000,5.813899,40300
2009-06-29,12.700000,12.700000,12.560000,12.660000,5.777391,21800
2009-06-30,12.610000,12.700000,12.520000,12.520000,5.713502,26400
2009-07-01,12.560000,12.940000,12.510000,12.600000,5.750008,43200
2009-07-02,12.590000,12.810000,12.500000,12.550000,5.727194,30200
2009-07-06,12.720000,12.740000,12.530000,12.530000,5.718064,27300
2009-07-07,12.800000,12.800000,12.520000,12.650000,5.772829,25300
2009-07-08,12.590000,12.760000,12.510000,12.760000,5.823022,20700
2009-07-09,12.610000,12.750000,12.610000,12.730000,5.809335,36000
2009-07-10,12.630000,12.740000,12.620000,12.670000,5.781954,11700
2009-07-13,12.580000,12.770000,12.550000,12.690000,5.791081,14800
2009-07-14,12.650000,12.790000,12.550000,12.720000,5.804772,24600
2009-07-15,12.820000,13.000000,12.740000,12.860000,5.868661,27100
2009-07-16,12.850000,12.970000,12.760000,12.860000,5.868661,36200
2009-07-17,12.870000,12.950000,12.870000,12.940000,5.905169,9900
2009-07-20,12.900000,12.990000,12.800000,12.820000,5.850405,41900
2009-07-21,12.790000,12.980000,12.790000,12.970000,5.918860,34200
2009-07-22,12.870000,12.980000,12.870000,12.940000,5.905169,17000
2009-07-23,12.850000,12.950000,12.850000,12.940000,5.905169,51200
2009-07-24,12.970000,12.970000,12.900000,12.960000,5.914291,20600
2009-07-27,12.900000,12.970000,12.840000,12.950000,5.909732,12400
2009-07-28,12.850000,12.980000,12.850000,12.980000,5.923419,22600
2009-07-29,12.800000,12.990000,12.800000,12.970000,5.946345,28500
2009-07-30,12.970000,12.990000,12.930000,12.930000,5.928003,18800
2009-07-31,12.930000,13.000000,12.920000,12.970000,5.946345,31900
2009-08-03,12.900000,13.100000,12.900000,13.070000,5.992196,35100
2009-08-04,12.980000,13.080000,12.960000,13.040000,5.978436,33700
2009-08-05,13.010000,13.060000,13.000000,13.060000,5.987610,16300
2009-08-06,12.990000,13.050000,12.990000,13.040000,5.978436,13300
2009-08-07,13.450000,13.450000,13.000000,13.050000,5.983024,19300
2009-08-10,13.150000,13.170000,13.020000,13.110000,6.010532,19500
2009-08-11,13.030000,13.150000,12.980000,13.000000,5.960098,24500
2009-08-12,13.000000,13.140000,12.850000,12.850000,5.891328,50100
2009-08-13,12.920000,13.200000,12.860000,12.990000,5.955516,30400
2009-08-14,13.030000,13.130000,12.940000,13.050000,5.983024,55000
2009-08-17,13.080000,13.140000,13.020000,13.100000,6.005947,56900
2009-08-18,13.060000,13.150000,13.050000,13.110000,6.010532,24600
2009-08-19,13.110000,13.140000,13.100000,13.110000,6.010532,25800
2009-08-20,12.950000,13.130000,12.950000,13.030000,5.973856,28700
2009-08-21,13.170000,13.170000,13.020000,13.020000,5.969266,18400
2009-08-24,13.140000,13.200000,13.010000,13.070000,5.992196,37200
2009-08-25,13.140000,13.200000,13.000000,13.140000,6.024285,35000
2009-08-26,13.130000,13.190000,13.000000,13.180000,6.042624,43300
2009-08-27,13.080000,13.240000,13.050000,13.140000,6.051836,42000
2009-08-28,13.150000,13.150000,13.090000,13.150000,6.056441,20500
2009-08-31,13.160000,13.320000,13.050000,13.060000,6.014990,20600
2009-09-01,13.060000,13.120000,13.050000,13.050000,6.010386,29800
2009-09-02,13.010000,13.100000,12.960000,13.050000,6.010386,31800
2009-09-03,13.000000,13.140000,13.000000,13.140000,6.051836,22400
2009-09-04,13.050000,13.300000,13.050000,13.190000,6.074861,41200
2009-09-08,13.170000,13.410000,13.170000,13.400000,6.171582,30000
2009-09-09,13.390000,13.390000,13.310000,13.320000,6.134737,16900
2009-09-10,13.130000,13.370000,13.130000,13.310000,6.130135,40600
2009-09-11,13.350000,13.350000,13.210000,13.270000,6.111711,25000
2009-09-14,13.290000,13.290000,13.200000,13.220000,6.088678,23200
2009-09-15,13.270000,13.350000,13.180000,13.180000,6.070259,54400
2009-09-16,13.180000,13.410000,13.180000,13.370000,6.157762,43000
2009-09-17,13.340000,13.450000,13.280000,13.450000,6.194609,33300
2009-09-18,13.300000,13.470000,13.300000,13.360000,6.153156,30500
2009-09-21,13.410000,13.430000,13.410000,13.430000,6.185402,13800
2009-09-22,13.360000,13.550000,13.360000,13.540000,6.236063,28800
2009-09-23,13.540000,13.620000,13.400000,13.450000,6.194609,62000
2009-09-24,13.500000,13.550000,13.450000,13.490000,6.213032,14100
2009-09-25,13.480000,13.590000,13.430000,13.550000,6.240669,13100
2009-09-28,13.500000,13.590000,13.440000,13.520000,6.254546,31500
2009-09-29,13.470000,13.600000,13.430000,13.460000,6.226788,28000
2009-09-30,13.560000,13.590000,13.410000,13.410000,6.203656,37800
2009-10-01,13.400000,13.560000,13.400000,13.470000,6.231416,28000
2009-10-02,13.400000,13.580000,13.400000,13.580000,6.282301,22600
2009-10-05,13.490000,13.600000,13.490000,13.600000,6.291557,20800
2009-10-06,13.560000,13.600000,13.510000,13.590000,6.286929,29600
2009-10-07,13.600000,13.720000,13.580000,13.680000,6.328566,49800
2009-10-08,13.660000,13.690000,13.620000,13.680000,6.328566,23800
2009-10-09,13.600000,13.630000,13.440000,13.490000,6.240667,46000
2009-10-12,13.450000,13.450000,13.180000,13.180000,6.097254,38300
2009-10-13,13.120000,13.560000,13.120000,13.400000,6.199030,44100
2009-10-14,13.390000,13.400000,13.110000,13.200000,6.106505,33300
2009-10-15,13.190000,13.250000,12.900000,12.910000,5.972353,83300
2009-10-16,12.890000,13.250000,12.890000,13.110000,6.064873,47600
2009-10-19,13.040000,13.500000,13.040000,13.450000,6.222164,42100
2009-10-20,13.500000,13.500000,13.360000,13.410000,6.203656,15300
2009-10-21,13.260000,13.450000,13.260000,13.350000,6.175900,63800
2009-10-22,13.440000,13.440000,13.080000,13.170000,6.092629,57300
2009-10-23,13.160000,13.280000,13.080000,13.140000,6.078752,20400
2009-10-26,13.150000,13.250000,13.120000,13.200000,6.106505,32800
2009-10-27,13.300000,13.330000,13.200000,13.230000,6.120386,25700
2009-10-28,13.230000,13.400000,13.170000,13.260000,6.162215,31000
2009-10-29,13.150000,13.300000,13.060000,13.150000,6.111095,43300
2009-10-30,13.030000,13.180000,13.010000,13.010000,6.046031,27000
2009-11-02,13.390000,13.390000,13.070000,13.200000,6.134329,43100
2009-11-03,13.100000,13.190000,13.100000,13.170000,6.120386,16100
2009-11-04,13.120000,13.430000,13.120000,13.230000,6.148272,23500
2009-11-05,13.230000,13.450000,13.230000,13.360000,6.208683,21500
2009-11-06,13.210000,13.380000,13.210000,13.260000,6.162215,45700
2009-11-09,13.200000,13.420000,13.160000,13.420000,6.236567,131400
2009-11-10,13.280000,13.400000,13.180000,13.200000,6.134329,26800
2009-11-11,13.200000,13.300000,13.090000,13.090000,6.083208,38300
2009-11-12,13.080000,13.150000,12.950000,13.060000,6.069268,66500
2009-11-13,13.150000,13.420000,13.080000,13.110000,6.092504,178300
2009-11-16,13.110000,13.240000,13.100000,13.210000,6.138973,25100
2009-11-17,13.240000,13.350000,13.170000,13.270000,6.166861,29400
2009-11-18,13.230000,13.400000,13.100000,13.350000,6.204036,37000
2009-11-19,13.400000,13.430000,13.240000,13.430000,6.241216,18300
2009-11-20,13.290000,13.440000,13.100000,13.160000,6.115742,69000
2009-11-23,13.290000,13.360000,13.200000,13.280000,6.171507,37800
2009-11-24,13.200000,13.330000,13.200000,13.290000,6.176154,32000
2009-11-25,13.230000,13.450000,13.230000,13.310000,6.213499,75300
2009-11-27,13.220000,13.300000,13.200000,13.200000,6.162150,5500
2009-11-30,13.270000,13.390000,13.250000,13.250000,6.185492,63200
2009-12-01,13.160000,13.400000,13.120000,13.280000,6.199496,59100
2009-12-02,13.260000,13.400000,13.260000,13.330000,6.222839,54200
2009-12-03,13.360000,13.450000,13.360000,13.400000,6.255511,18500
2009-12-04,13.400000,13.450000,13.390000,13.440000,6.274190,10300
2009-12-07,13.410000,13.450000,13.360000,13.380000,6.246178,15300
2009-12-08,13.380000,13.430000,13.350000,13.350000,6.232172,45400
2009-12-09,13.420000,13.450000,13.350000,13.450000,6.278857,22300
2009-12-10,13.450000,13.500000,13.410000,13.480000,6.292862,34500
2009-12-11,13.500000,13.570000,13.460000,13.480000,6.292862,46800
2009-12-14,13.590000,13.590000,13.490000,13.520000,6.311534,21700
2009-12-15,13.510000,13.590000,13.390000,13.390000,6.250846,34900
2009-12-16,13.570000,13.650000,13.420000,13.510000,6.306866,44500
2009-12-17,13.420000,13.580000,13.360000,13.360000,6.236840,37700
2009-12-18,13.360000,13.460000,13.350000,13.450000,6.278857,31200
2009-12-21,13.450000,13.580000,13.400000,13.560000,6.330209,30600
2009-12-22,13.420000,13.580000,13.410000,13.460000,6.283526,30100
2009-12-23,13.550000,13.550000,13.370000,13.460000,6.283526,29300
2009-12-24,13.590000,13.590000,13.440000,13.510000,6.306866,8100
2009-12-28,13.500000,13.510000,13.400000,13.460000,6.283526,21000
2009-12-29,13.450000,13.510000,13.420000,13.500000,6.335143,40000
2009-12-30,13.360000,13.500000,13.360000,13.420000,6.297601,24800
2009-12-31,13.370000,13.490000,13.370000,13.410000,6.292909,11500
2010-01-04,13.390000,13.500000,13.380000,13.470000,6.321065,15100
2010-01-05,13.500000,13.500000,13.410000,13.500000,6.335143,25900
2010-01-06,13.430000,13.500000,13.430000,13.490000,6.330450,30200
2010-01-07,13.440000,13.500000,13.440000,13.450000,6.311681,30000
2010-01-08,13.420000,13.500000,13.420000,13.500000,6.335143,28000
2010-01-11,13.420000,13.500000,13.420000,13.490000,6.330450,28000
2010-01-12,13.500000,13.560000,13.460000,13.500000,6.335143,49700
2010-01-13,13.480000,13.520000,13.460000,13.500000,6.335143,32400
2010-01-14,13.520000,13.630000,13.440000,13.530000,6.349225,28100
2010-01-15,13.580000,13.640000,13.470000,13.610000,6.386766,32300
2010-01-19,13.640000,13.770000,13.600000,13.640000,6.400844,69200
2010-01-20,13.620000,13.850000,13.580000,13.850000,6.499391,39000
2010-01-21,13.800000,13.850000,13.540000,13.700000,6.429000,33100
2010-01-22,13.700000,13.950000,13.700000,13.750000,6.452463,21400
2010-01-25,13.820000,13.820000,13.700000,13.720000,6.438384,45900
2010-01-26,13.700000,13.840000,13.700000,13.830000,6.489999,43300
2010-01-27,13.710000,13.830000,13.630000,13.780000,6.499436,28600
2010-01-28,13.710000,13.780000,13.680000,13.720000,6.471137,22400
2010-01-29,13.720000,13.840000,13.700000,13.800000,6.508868,26200
2010-02-01,13.730000,13.760000,13.690000,13.690000,6.456989,15700
2010-02-02,13.640000,13.870000,13.640000,13.830000,6.523015,25700
2010-02-03,13.850000,13.870000,13.690000,13.730000,6.475851,37300
2010-02-04,13.810000,13.810000,13.650000,13.660000,6.442838,44500
2010-02-05,13.650000,13.750000,13.640000,13.700000,6.461706,20800
2010-02-08,13.690000,13.750000,13.680000,13.690000,6.456989,14000
2010-02-09,13.670000,13.870000,13.670000,13.820000,6.518301,38700
2010-02-10,13.800000,13.860000,13.740000,13.740000,6.480569,7900
2010-02-11,13.720000,13.760000,13.680000,13.740000,6.480569,22300
2010-02-12,13.800000,13.840000,13.690000,13.840000,6.527736,23900
2010-02-16,13.910000,13.910000,13.780000,13.780000,6.499436,26100
2010-02-17,13.780000,14.030000,13.780000,14.030000,6.617353,48400
2010-02-18,13.980000,14.000000,13.800000,13.860000,6.537175,29600
2010-02-19,13.820000,13.870000,13.800000,13.850000,6.532454,13000
2010-02-22,13.830000,13.850000,13.710000,13.710000,6.466418,40100
2010-02-23,13.750000,13.750000,13.710000,13.710000,6.466418,23800
2010-02-24,13.690000,13.900000,13.690000,13.710000,6.499605,36100
2010-02-25,14.030000,14.350000,13.690000,13.810000,6.547016,59300
2010-02-26,13.680000,13.910000,13.680000,13.870000,6.575455,44300
2010-03-01,13.880000,14.090000,13.830000,14.030000,6.651311,56300
2010-03-02,13.960000,14.150000,13.960000,14.150000,6.708199,44900
2010-03-03,14.190000,14.440000,14.070000,14.390000,6.821979,74000
2010-03-04,14.350000,14.450000,14.220000,14.260000,6.760349,86100
2010-03-05,14.280000,14.300000,14.210000,14.300000,6.779309,30400
2010-03-08,14.300000,14.300000,14.240000,14.290000,6.774570,36200
2010-03-09,14.260000,14.260000,14.160000,14.180000,6.722419,31600
2010-03-10,14.150000,14.180000,14.020000,14.050000,6.660791,48000
2010-03-11,14.090000,14.140000,14.070000,14.110000,6.689236,40100
2010-03-12,14.130000,14.130000,13.980000,13.990000,6.632345,40700
2010-03-15,14.050000,14.100000,14.000000,14.060000,6.665534,15000
2010-03-16,14.090000,14.260000,14.020000,14.230000,6.746128,58200
2010-03-17,14.190000,14.260000,14.190000,14.240000,6.750867,57500
2010-03-18,14.250000,14.250000,14.070000,14.100000,6.684495,28500
2010-03-19,14.200000,14.250000,14.050000,14.200000,6.731905,22600
2010-03-22,14.110000,14.250000,14.110000,14.240000,6.750867,32600
2010-03-23,14.250000,14.340000,14.220000,14.300000,6.779309,62300
2010-03-24,14.250000,14.320000,14.060000,14.130000,6.698715,67400
2010-03-25,14.130000,14.450000,14.070000,14.420000,6.836203,55500
2010-03-26,14.360000,14.410000,14.360000,14.400000,6.826717,9800
2010-03-29,14.600000,14.600000,14.140000,14.190000,6.760022,77700
2010-03-30,14.170000,14.330000,14.120000,14.190000,6.760022,35100
2010-03-31,14.160000,14.210000,14.140000,14.160000,6.745734,26700
2010-04-01,14.160000,14.240000,14.100000,14.200000,6.764791,35900
2010-04-05,14.160000,14.240000,14.100000,14.170000,6.750500,33100
2010-04-06,14.120000,14.400000,14.120000,14.390000,6.855305,42800
2010-04-07,14.310000,14.430000,14.140000,14.230000,6.779083,58400
2010-04-08,14.160000,14.240000,14.010000,14.060000,6.698094,43900
2010-04-09,14.070000,14.110000,13.880000,13.950000,6.645689,90800
2010-04-12,13.960000,14.110000,13.960000,14.110000,6.721915,45300
2010-04-13,14.060000,14.190000,14.040000,14.090000,6.712387,17100
2010-04-14,14.090000,14.260000,14.090000,14.190000,6.760022,23100
2010-04-15,14.220000,14.430000,14.100000,14.180000,6.755261,62700
2010-04-16,14.180000,14.240000,14.080000,14.120000,6.726677,62800
2010-04-19,14.100000,14.230000,14.080000,14.200000,6.764791,24300
2010-04-20,14.190000,14.300000,14.120000,14.250000,6.788608,45500
2010-04-21,14.210000,14.290000,14.090000,14.150000,6.740967,40800
2010-04-22,14.160000,14.250000,14.130000,14.160000,6.745734,19500
2010-04-23,14.190000,14.280000,14.140000,14.280000,6.802900,18800
2010-04-26,14.260000,14.280000,14.200000,14.200000,6.764791,16000
2010-04-27,14.200000,14.320000,14.200000,14.270000,6.798138,21800
2010-04-28,14.230000,14.270000,14.150000,14.190000,6.793346,35300
2010-04-29,14.150000,14.250000,14.120000,14.170000,6.783776,46800
2010-04-30,14.180000,14.200000,13.920000,14.110000,6.755049,41000
2010-05-03,14.150000,14.430000,14.150000,14.220000,6.807710,25200
2010-05-04,14.230000,14.230000,14.100000,14.190000,6.793346,30300
2010-05-05,14.170000,14.210000,14.170000,14.200000,6.798137,14700
2010-05-06,14.170000,14.180000,13.850000,14.100000,6.750263,52600
2010-05-07,14.010000,14.090000,13.850000,13.980000,6.692811,26200
2010-05-10,14.180000,14.180000,14.000000,14.100000,6.750263,24100
2010-05-11,14.040000,14.190000,14.020000,14.190000,6.793346,23000
2010-05-12,14.300000,14.430000,14.160000,14.420000,6.903457,47100
2010-05-13,14.390000,14.430000,14.300000,14.320000,6.855585,41600
2010-05-14,14.340000,14.340000,14.200000,14.210000,6.802924,18200
2010-05-17,14.230000,14.230000,14.110000,14.140000,6.769415,25000
2010-05-18,14.140000,14.200000,14.110000,14.110000,6.755049,36200
2010-05-19,14.120000,14.140000,14.020000,14.040000,6.721540,15900
2010-05-20,13.910000,14.140000,13.910000,14.110000,6.755049,13900
2010-05-21,14.060000,14.140000,14.010000,14.060000,6.731113,13900
2010-05-24,14.080000,14.200000,14.080000,14.110000,6.755049,24000
2010-05-25,14.090000,14.140000,13.980000,14.140000,6.769415,16800
2010-05-26,14.050000,14.130000,14.010000,14.080000,6.774223,29400
2010-05-27,14.130000,14.140000,14.060000,14.080000,6.774223,9300
2010-05-28,14.120000,14.140000,14.060000,14.140000,6.803093,10500
2010-06-01,14.110000,14.140000,14.050000,14.110000,6.788657,15900
2010-06-02,14.140000,14.200000,14.100000,14.200000,6.831959,9900
2010-06-03,14.180000,14.180000,14.070000,14.110000,6.788657,26400
2010-06-04,14.050000,14.200000,14.020000,14.180000,6.822336,10500
2010-06-07,14.190000,14.190000,14.130000,14.150000,6.807902,8600
2010-06-08,14.140000,14.180000,14.030000,14.080000,6.774223,19700
2010-06-09,14.100000,14.190000,14.100000,14.110000,6.788657,22600
2010-06-10,14.180000,14.190000,14.050000,14.190000,6.827147,21700
2010-06-11,14.190000,14.250000,14.150000,14.250000,6.856013,10700
2010-06-14,14.250000,14.250000,14.110000,14.170000,6.817526,13400
2010-06-15,14.240000,14.240000,14.100000,14.100000,6.783849,38400
2010-06-16,14.100000,14.250000,14.070000,14.100000,6.783849,47000
2010-06-17,14.090000,14.130000,14.060000,14.110000,6.788657,7400
2010-06-18,14.080000,14.240000,14.070000,14.200000,6.831959,26200
2010-06-21,14.210000,14.220000,14.100000,14.150000,6.807902,18800
2010-06-22,14.120000,14.260000,14.110000,14.260000,6.860825,21500
2010-06-23,14.260000,14.330000,14.250000,14.330000,6.894503,35500
2010-06-24,14.270000,14.350000,14.230000,14.260000,6.860825,30600
2010-06-25,14.310000,14.350000,14.270000,14.350000,6.904130,14800
2010-06-28,14.320000,14.320000,14.230000,14.240000,6.884787,12900
2010-06-29,14.270000,14.300000,14.190000,14.200000,6.865449,22800
2010-06-30,14.190000,14.350000,14.190000,14.200000,6.865449,34300
2010-07-01,14.250000,14.250000,14.190000,14.210000,6.870282,12300
2010-07-02,14.320000,14.320000,14.250000,14.290000,6.908961,18800
2010-07-06,14.320000,14.320000,14.220000,14.220000,6.875115,21400
2010-07-07,14.130000,14.320000,14.080000,14.280000,6.904129,43800
2010-07-08,14.280000,14.400000,14.270000,14.270000,6.899292,20100
2010-07-09,14.300000,14.340000,14.260000,14.290000,6.908961,24700
2010-07-12,14.270000,14.290000,14.180000,14.240000,6.884787,26400
2010-07-13,14.320000,14.320000,14.240000,14.300000,6.913798,25800
2010-07-14,14.250000,14.340000,14.250000,14.320000,6.923464,34800
2010-07-15,14.350000,14.350000,14.280000,14.310000,6.918633,12200
2010-07-16,14.280000,14.340000,14.260000,14.260000,6.894459,41000
2010-07-19,14.320000,14.330000,14.240000,14.300000,6.913798,25400
2010-07-20,14.300000,14.350000,14.250000,14.350000,6.937969,14300
2010-07-21,14.310000,14.390000,14.270000,14.320000,6.923464,35500
2010-07-22,14.400000,14.470000,14.400000,14.470000,6.995986,32200
2010-07-23,14.410000,14.470000,14.400000,14.430000,6.976651,13600
2010-07-26,14.420000,14.470000,14.400000,14.420000,6.971812,16300
2010-07-27,14.420000,14.440000,14.360000,14.390000,6.957311,22000
2010-07-28,14.310000,14.470000,14.310000,14.460000,7.025325,35300
2010-07-29,14.470000,14.470000,14.300000,14.350000,6.971885,40200
2010-07-30,14.350000,14.380000,14.310000,14.310000,6.952451,33900
2010-08-02,14.310000,14.490000,14.310000,14.480000,7.035043,56400
2010-08-03,14.590000,14.590000,14.450000,14.560000,7.073910,59700
2010-08-04,14.580000,14.620000,14.530000,14.620000,7.103063,26300
2010-08-05,14.640000,14.710000,14.610000,14.680000,7.132215,21700
2010-08-06,14.670000,14.700000,14.630000,14.700000,7.141930,44500
2010-08-09,14.670000,14.700000,14.650000,14.700000,7.141930,32900
2010-08-10,14.680000,14.800000,14.680000,14.800000,7.190521,30000
2010-08-11,14.770000,15.050000,14.770000,15.040000,7.307119,74300
2010-08-12,15.050000,15.090000,14.890000,14.970000,7.273108,59600
2010-08-13,14.940000,15.040000,14.840000,14.930000,7.253674,35600
2010-08-16,14.960000,15.180000,14.920000,15.150000,7.360558,61100
2010-08-17,15.190000,15.300000,15.160000,15.270000,7.418867,48100
2010-08-18,15.270000,15.300000,15.190000,15.270000,7.418867,57500
2010-08-19,15.320000,15.320000,15.040000,15.050000,7.311980,42400
2010-08-20,15.000000,15.040000,14.850000,14.860000,7.219667,49900
2010-08-23,14.940000,14.950000,14.900000,14.940000,7.258536,32800
2010-08-24,14.880000,15.070000,14.840000,15.070000,7.321695,59100
2010-08-25,15.010000,15.150000,14.990000,15.150000,7.360558,35100
2010-08-26,15.090000,15.170000,14.990000,15.050000,7.311980,81900
2010-08-27,15.020000,15.060000,14.850000,14.960000,7.302217,60600
2010-08-30,14.980000,15.270000,14.980000,15.230000,7.434001,70400
2010-08-31,15.280000,15.280000,15.160000,15.240000,7.438886,73100
2010-09-01,15.260000,15.270000,14.960000,15.240000,7.438886,57300
2010-09-02,15.240000,15.280000,15.150000,15.180000,7.409599,42300
2010-09-03,15.200000,15.200000,15.030000,15.040000,7.341260,38500
2010-09-07,15.020000,15.040000,14.910000,14.910000,7.277808,41300
2010-09-08,14.920000,15.060000,14.850000,14.890000,7.268045,57400
2010-09-09,14.810000,14.980000,14.810000,14.940000,7.292452,35000
2010-09-10,14.920000,14.980000,14.900000,14.960000,7.302217,26100
2010-09-13,14.920000,14.940000,14.830000,14.870000,7.258289,24800
2010-09-14,14.840000,14.990000,14.830000,14.950000,7.297339,28000
2010-09-15,14.980000,15.030000,14.880000,14.980000,7.311977,111100
2010-09-16,15.040000,15.140000,14.960000,15.120000,7.380310,71700
2010-09-17,15.070000,15.150000,15.000000,15.090000,7.365668,43100
2010-09-20,15.150000,15.150000,14.870000,14.930000,7.287573,65000
2010-09-21,14.910000,15.000000,14.880000,14.980000,7.311977,45700
2010-09-22,15.000000,15.100000,14.980000,15.040000,7.341260,47400
2010-09-23,15.000000,15.180000,15.000000,15.090000,7.365668,36600
2010-09-24,15.120000,15.140000,15.000000,15.040000,7.341260,32300
2010-09-27,15.080000,15.140000,15.030000,15.050000,7.346146,31100
2010-09-28,15.030000,15.100000,14.970000,15.060000,7.385381,25300
2010-09-29,15.030000,15.110000,15.000000,15.070000,7.390282,23700
2010-09-30,15.040000,15.100000,14.980000,15.100000,7.404994,28100
2010-10-01,15.140000,15.140000,14.990000,15.010000,7.360860,10200
2010-10-04,15.050000,15.090000,14.990000,15.090000,7.400089,35900
2010-10-05,15.060000,15.060000,14.940000,14.970000,7.341241,47400
2010-10-06,14.950000,15.100000,14.930000,15.100000,7.404994,32000
2010-10-07,15.070000,15.150000,15.030000,15.140000,7.424608,41400
2010-10-08,15.070000,15.150000,15.050000,15.070000,7.390282,31000
2010-10-11,15.070000,15.150000,15.060000,15.070000,7.390282,21200
2010-10-12,15.040000,15.160000,15.040000,15.160000,7.434419,21400
2010-10-13,15.160000,15.300000,15.120000,15.220000,7.463837,52900
2010-10-14,15.180000,15.240000,15.130000,15.170000,7.439321,26700
2010-10-15,15.230000,15.230000,15.130000,15.140000,7.424608,14500
2010-10-18,15.090000,15.250000,14.910000,15.010000,7.360860,53700
2010-10-19,15.050000,15.070000,14.960000,15.030000,7.370666,19800
2010-10-20,15.060000,15.090000,15.000000,15.070000,7.390282,22100
2010-10-21,15.040000,15.080000,15.010000,15.080000,7.395187,6800
2010-10-22,15.060000,15.080000,15.000000,15.000000,7.355955,19800
2010-10-25,14.980000,15.080000,14.860000,14.950000,7.331435,57800
2010-10-26,14.910000,15.280000,14.910000,15.250000,7.478555,70300
2010-10-27,15.130000,15.180000,14.850000,14.920000,7.350464,80800
2010-10-28,14.760000,14.850000,14.680000,14.810000,7.296267,39800
2010-10-29,14.770000,14.850000,14.770000,14.800000,7.291344,30800
2010-11-01,14.780000,14.990000,14.780000,14.870000,7.325826,39900
2010-11-02,14.880000,14.920000,14.820000,14.880000,7.330752,13700
2010-11-03,14.930000,14.950000,14.780000,14.940000,7.360315,36400
2010-11-04,15.020000,15.020000,14.850000,14.870000,7.325826,41800
2010-11-05,14.920000,14.950000,14.860000,14.860000,7.320905,17900
2010-11-08,14.860000,14.870000,14.700000,14.790000,7.286417,40800
2010-11-09,14.760000,14.830000,14.460000,14.530000,7.158323,60300
2010-11-10,14.490000,14.490000,14.120000,14.200000,6.995750,57500
2010-11-11,14.060000,14.150000,13.570000,13.930000,6.862730,227300
2010-11-12,13.880000,14.220000,13.860000,13.870000,6.833167,48700
2010-11-15,13.870000,13.930000,13.620000,13.620000,6.710006,137700
2010-11-16,13.610000,13.940000,13.220000,13.900000,6.847952,172000
2010-11-17,13.900000,14.100000,13.750000,14.100000,6.946481,56800
2010-11-18,14.080000,14.080000,13.650000,13.930000,6.862730,106300
2010-11-19,13.930000,14.120000,13.930000,14.090000,6.941552,35400
2010-11-22,14.020000,14.300000,13.900000,14.300000,7.045011,61100
2010-11-23,14.270000,14.390000,14.200000,14.320000,7.054868,48700
2010-11-24,14.320000,14.390000,14.200000,14.270000,7.030236,49400
2010-11-26,14.180000,14.300000,14.180000,14.300000,7.079740,12600
2010-11-29,14.330000,14.390000,14.210000,14.260000,7.059944,47900
2010-11-30,14.220000,14.320000,14.180000,14.220000,7.040137,35600
2010-12-01,14.470000,14.470000,14.180000,14.220000,7.040137,41700
2010-12-02,14.180000,14.280000,13.920000,14.020000,6.941118,43600
2010-12-03,14.030000,14.230000,14.020000,14.110000,6.985675,35000
2010-12-06,14.080000,14.300000,14.000000,14.050000,6.955967,29000
2010-12-07,14.060000,14.060000,13.470000,13.550000,6.708427,92700
2010-12-08,13.530000,13.710000,13.500000,13.550000,6.708427,50100
2010-12-09,13.600000,13.800000,13.410000,13.410000,6.639115,89900
2010-12-10,13.540000,13.780000,13.420000,13.650000,6.757935,64500
2010-12-13,13.720000,13.840000,13.600000,13.660000,6.762887,79200
2010-12-14,13.520000,13.770000,13.420000,13.710000,6.787641,65300
2010-12-15,13.750000,13.770000,13.490000,13.700000,6.782691,110100
2010-12-16,13.770000,14.280000,13.740000,14.180000,7.020329,104700
2010-12-17,14.140000,14.390000,14.030000,14.250000,7.054987,44600
2010-12-20,14.160000,14.170000,13.550000,13.600000,6.733181,70600
2010-12-21,13.620000,13.680000,13.500000,13.560000,6.713379,57600
2010-12-22,13.470000,13.870000,13.450000,13.640000,6.752985,94400
2010-12-23,13.590000,13.700000,13.480000,13.630000,6.748037,11400
2010-12-27,13.590000,13.600000,13.460000,13.560000,6.713379,19100
2010-12-28,13.520000,13.770000,13.500000,13.770000,6.817344,45700
2010-12-29,13.730000,13.730000,13.450000,13.640000,6.787491,49200
2010-12-30,13.610000,13.830000,13.600000,13.810000,6.872084,29700
2010-12-31,13.780000,14.180000,13.780000,14.010000,6.971609,29100
2011-01-03,14.000000,14.000000,13.740000,13.880000,6.906921,22400
2011-01-04,13.820000,13.890000,13.600000,13.640000,6.787491,43900
2011-01-05,13.660000,13.670000,13.600000,13.610000,6.772560,7600
2011-01-06,13.550000,13.700000,13.550000,13.660000,6.797442,28600
2011-01-07,13.700000,13.800000,13.600000,13.730000,6.832273,34700
2011-01-10,13.670000,13.700000,13.620000,13.630000,6.782517,27400
2011-01-11,13.600000,13.680000,13.470000,13.500000,6.717823,38600
2011-01-12,13.470000,13.470000,13.290000,13.310000,6.623274,75700
2011-01-13,13.240000,13.290000,13.130000,13.200000,6.568536,69200
2011-01-14,13.180000,13.340000,13.110000,13.200000,6.568536,71100
2011-01-18,13.270000,13.480000,13.150000,13.460000,6.697919,42800
2011-01-19,13.420000,13.700000,13.370000,13.680000,6.807394,73300
2011-01-20,13.620000,13.700000,13.550000,13.650000,6.792465,49100
2011-01-21,13.620000,13.880000,13.620000,13.830000,6.882036,47700
2011-01-24,13.780000,13.900000,13.750000,13.850000,6.891992,78200
2011-01-25,13.790000,13.850000,13.570000,13.720000,6.827296,78100
2011-01-26,13.670000,13.800000,13.670000,13.690000,6.812372,24800
2011-01-27,13.580000,13.940000,13.550000,13.760000,6.882397,62100
2011-01-28,13.750000,13.790000,13.680000,13.690000,6.847383,32600
2011-01-31,13.700000,13.720000,13.610000,13.690000,6.847383,24700
2011-02-01,13.650000,13.970000,13.650000,13.910000,6.957421,30900
2011-02-02,13.910000,13.910000,13.710000,13.740000,6.872393,37500
2011-02-03,13.690000,13.740000,13.680000,13.690000,6.847383,19700
2011-02-04,13.730000,13.730000,13.510000,13.540000,6.772356,38300
2011-02-07,13.510000,13.630000,13.510000,13.570000,6.787362,27000
2011-02-08,13.610000,13.700000,13.540000,13.610000,6.807368,34400
2011-02-09,13.660000,13.680000,13.590000,13.590000,6.797364,20600
2011-02-10,13.640000,13.690000,13.570000,13.590000,6.797364,21900
2011-02-11,13.520000,13.680000,13.520000,13.550000,6.777356,25800
2011-02-14,13.530000,13.610000,13.510000,13.530000,6.767357,8600
2011-02-15,13.570000,13.640000,13.530000,13.630000,6.817376,15400
2011-02-16,13.660000,13.940000,13.660000,13.820000,6.912405,36000
2011-02-17,13.860000,14.100000,13.860000,14.010000,7.007438,50100
2011-02-18,13.970000,14.100000,13.970000,13.980000,6.992433,27000
2011-02-22,13.850000,14.000000,13.830000,13.860000,6.932409,46500
2011-02-23,13.830000,14.110000,13.830000,14.040000,7.022444,55900
2011-02-24,14.020000,14.130000,13.940000,14.030000,7.052606,14400
2011-02-25,14.000000,14.130000,13.970000,14.090000,7.082761,20900
2011-02-28,14.140000,14.140000,13.950000,14.040000,7.057631,40100
2011-03-01,14.060000,14.090000,13.990000,14.050000,7.062654,19300
2011-03-02,14.050000,14.100000,14.020000,14.030000,7.052606,22200
2011-03-03,14.010000,14.050000,13.920000,14.030000,7.052606,34100
2011-03-04,14.000000,14.010000,13.940000,13.950000,7.012391,32800
2011-03-07,13.970000,14.070000,13.950000,13.950000,7.012391,41100
2011-03-08,13.950000,14.130000,13.930000,14.040000,7.057631,31100
2011-03-09,14.090000,14.100000,13.990000,13.990000,7.032494,25600
2011-03-10,14.000000,14.090000,14.000000,14.040000,7.057631,15000
2011-03-11,14.010000,14.130000,13.920000,13.990000,7.032494,27500
2011-03-14,14.000000,14.050000,13.940000,13.960000,7.017414,16900
2011-03-15,13.880000,14.040000,13.820000,13.880000,6.977204,30500
2011-03-16,13.900000,14.100000,13.800000,14.090000,7.082761,29500
2011-03-17,14.050000,14.140000,13.950000,14.070000,7.072712,34400
2011-03-18,14.060000,14.140000,14.060000,14.140000,7.107903,24700
2011-03-21,14.140000,14.220000,14.010000,14.020000,7.047578,24200
2011-03-22,14.020000,14.020000,13.800000,13.830000,6.952066,35000
2011-03-23,13.880000,13.980000,13.870000,13.980000,7.027470,8800
2011-03-24,13.940000,14.020000,13.910000,13.910000,6.992284,23600
2011-03-25,13.900000,13.990000,13.900000,13.980000,7.027470,10200
2011-03-28,14.020000,14.020000,13.870000,13.930000,7.002335,35000
2011-03-29,13.850000,13.930000,13.840000,13.850000,6.997285,29600
2011-03-30,13.930000,13.980000,13.890000,13.930000,7.037701,27700
2011-03-31,13.970000,14.040000,13.930000,13.960000,7.052862,25200
2011-04-01,13.930000,14.040000,13.850000,14.040000,7.093278,15400
2011-04-04,14.040000,14.040000,13.870000,13.890000,7.017496,12900
2011-04-05,13.860000,13.950000,13.500000,13.660000,6.901290,72900
2011-04-06,13.660000,13.730000,13.630000,13.660000,6.901290,24800
2011-04-07,13.620000,13.690000,13.600000,13.620000,6.881081,26000
2011-04-08,13.630000,13.650000,13.570000,13.580000,6.860875,36100
2011-04-11,13.580000,13.670000,13.580000,13.650000,6.896241,17700
2011-04-12,13.650000,13.660000,13.500000,13.530000,6.835613,31100
2011-04-13,13.550000,13.620000,13.500000,13.560000,6.850768,24900
2011-04-14,13.560000,13.680000,13.540000,13.660000,6.901290,22000
2011-04-15,13.690000,13.710000,13.600000,13.680000,6.911395,20900
2011-04-18,13.620000,14.000000,13.600000,13.960000,7.052862,58100
2011-04-19,13.960000,14.050000,13.890000,13.980000,7.062960,48600
2011-04-20,14.000000,14.190000,14.000000,14.190000,7.169055,52900
2011-04-21,14.190000,14.190000,14.020000,14.060000,7.103381,19700
2011-04-25,14.100000,14.190000,14.070000,14.130000,7.138747,42600
2011-04-26,14.100000,14.190000,14.100000,14.130000,7.138747,52300
2011-04-27,14.080000,14.240000,14.080000,14.240000,7.230138,41200
2011-04-28,14.250000,14.500000,14.250000,14.500000,7.362147,48400
2011-04-29,14.560000,14.560000,14.340000,14.390000,7.306300,25000
2011-05-02,14.390000,14.490000,14.170000,14.170000,7.194594,41000
2011-05-03,14.200000,14.220000,14.070000,14.120000,7.169203,25500
2011-05-04,14.050000,14.150000,14.010000,14.110000,7.164136,49000
2011-05-05,14.080000,14.220000,14.050000,14.220000,7.219984,14700
2011-05-06,14.200000,14.280000,14.140000,14.280000,7.250446,19100
2011-05-09,14.200000,14.300000,14.180000,14.290000,7.255525,40400
2011-05-10,14.250000,14.290000,14.200000,14.200000,7.209827,53500
2011-05-11,14.230000,14.250000,14.030000,14.200000,7.209827,59500
2011-05-12,14.130000,14.290000,14.130000,14.290000,7.255525,25800
2011-05-13,14.280000,14.300000,14.020000,14.030000,7.123513,43100
2011-05-16,14.070000,14.130000,14.060000,14.060000,7.138747,11000
2011-05-17,14.050000,14.240000,14.030000,14.160000,7.189518,39500
2011-05-18,14.190000,14.300000,14.180000,14.270000,7.245370,33500
2011-05-19,14.220000,14.260000,14.150000,14.200000,7.209827,41000
2011-05-20,14.140000,14.200000,14.140000,14.180000,7.199673,28100
2011-05-23,14.190000,14.220000,14.120000,14.120000,7.169203,24300
2011-05-24,14.080000,14.400000,14.080000,14.250000,7.235215,70000
2011-05-25,14.260000,14.380000,14.250000,14.350000,7.285987,21200
2011-05-26,14.250000,14.340000,14.200000,14.200000,7.245171,23800
2011-05-27,14.190000,14.220000,14.130000,14.180000,7.234970,15000
2011-05-31,14.180000,14.340000,14.140000,14.330000,7.311499,34200
2011-06-01,14.290000,14.390000,14.280000,14.300000,7.296195,13400
2011-06-02,14.370000,14.370000,14.260000,14.280000,7.285985,40100
2011-06-03,14.240000,14.350000,14.240000,14.290000,7.291095,12100
2011-06-06,14.290000,14.300000,14.280000,14.290000,7.291095,1300
2011-06-07,14.290000,14.380000,14.280000,14.360000,7.326808,19400
2011-06-08,14.340000,14.380000,14.310000,14.310000,7.301293,19900
2011-06-09,14.290000,14.320000,14.210000,14.220000,7.255373,14400
2011-06-10,14.180000,14.220000,14.170000,14.190000,7.240067,6900
2011-06-13,14.150000,14.150000,14.100000,14.110000,7.199252,2500
2011-06-14,14.120000,14.170000,14.050000,14.050000,7.168634,27800
2011-06-15,14.040000,14.040000,13.990000,13.990000,7.138020,13200
2011-06-16,14.000000,14.150000,13.990000,14.130000,7.209457,40200
2011-06-17,14.150000,14.220000,14.110000,14.170000,7.229865,8600
2011-06-20,14.200000,14.250000,14.200000,14.210000,7.250276,19100
2011-06-21,14.190000,14.260000,14.110000,14.180000,7.234970,43500
2011-06-22,14.150000,14.240000,14.130000,14.230000,7.260477,20500
2011-06-23,14.220000,14.280000,14.180000,14.280000,7.285985,12300
2011-06-24,14.260000,14.350000,14.170000,14.170000,7.229865,19000
2011-06-27,14.220000,14.240000,14.150000,14.180000,7.234970,29700
2011-06-28,14.130000,14.150000,14.060000,14.070000,7.214458,17000
2011-06-29,14.050000,14.120000,14.030000,14.030000,7.193945,17100
2011-06-30,14.030000,14.120000,14.030000,14.120000,7.240091,18700
2011-07-01,14.180000,14.230000,14.120000,14.120000,7.240091,21000
2011-07-05,14.120000,14.130000,14.100000,14.120000,7.240091,17400
2011-07-06,14.100000,14.170000,14.060000,14.120000,7.240091,21400
2011-07-07,14.080000,14.250000,14.080000,14.100000,7.229838,28300
2011-07-08,14.080000,14.200000,14.080000,14.190000,7.275988,29100
2011-07-11,14.140000,14.270000,14.140000,14.240000,7.301622,13700
2011-07-12,14.240000,14.350000,14.240000,14.300000,7.332391,31100
2011-07-13,14.370000,14.370000,14.300000,14.300000,7.332391,14200
2011-07-14,14.240000,14.350000,14.240000,14.240000,7.301622,19600
2011-07-15,14.290000,14.290000,13.930000,13.940000,7.147796,72100
2011-07-18,13.950000,14.100000,13.950000,14.080000,7.219581,38700
2011-07-19,14.120000,14.150000,14.070000,14.100000,7.229838,23200
2011-07-20,14.160000,14.280000,14.140000,14.220000,7.291371,18400
2011-07-21,14.280000,14.310000,14.230000,14.280000,7.322132,9400
2011-07-22,14.250000,14.380000,14.250000,14.380000,7.373410,9400
2011-07-25,14.380000,14.500000,14.280000,14.440000,7.404171,67800
2011-07-26,14.450000,14.500000,14.340000,14.400000,7.383666,12200
2011-07-27,14.260000,14.330000,14.140000,14.180000,7.306374,14000
2011-07-28,14.140000,14.190000,13.980000,14.160000,7.296069,39300
2011-07-29,14.100000,14.140000,13.930000,14.060000,7.244545,36000
2011-08-01,14.240000,14.240000,14.080000,14.130000,7.280613,40200
2011-08-02,14.200000,14.270000,14.150000,14.150000,7.290915,17700
2011-08-03,14.150000,14.350000,14.080000,14.310000,7.373360,23200
2011-08-04,14.270000,14.450000,14.080000,14.180000,7.306374,45900
2011-08-05,14.140000,14.260000,13.950000,14.160000,7.296069,51300
2011-08-08,13.930000,13.930000,13.430000,13.530000,6.971457,49200
2011-08-09,13.500000,14.080000,13.500000,13.940000,7.182712,51100
2011-08-10,13.850000,14.310000,13.850000,14.250000,7.342442,30700
2011-08-11,14.310000,14.310000,14.110000,14.300000,7.368208,27600
2011-08-12,14.250000,14.390000,14.250000,14.390000,7.414581,36100
2011-08-15,14.460000,14.460000,14.200000,14.260000,7.347599,43500
2011-08-16,14.150000,14.390000,14.150000,14.380000,7.409423,34600
2011-08-17,14.530000,14.640000,14.470000,14.580000,7.512479,51100
2011-08-18,14.530000,14.590000,14.420000,14.480000,7.460949,9000
2011-08-19,14.410000,14.530000,14.340000,14.370000,7.404272,12500
2011-08-22,14.400000,14.470000,14.320000,14.460000,7.450649,21500
2011-08-23,14.510000,14.510000,14.380000,14.470000,7.455804,23600
2011-08-24,14.500000,14.580000,14.460000,14.540000,7.491864,18300
2011-08-25,14.580000,14.630000,14.510000,14.620000,7.533092,20900
2011-08-26,14.560000,14.700000,14.550000,14.690000,7.569162,25900
2011-08-29,14.720000,14.820000,14.620000,14.720000,7.620930,30200
2011-08-30,14.720000,14.780000,14.620000,14.620000,7.569161,30800
2011-08-31,14.650000,14.750000,14.640000,14.710000,7.615752,12700
2011-09-01,14.750000,14.760000,14.710000,14.760000,7.641639,43100
2011-09-02,14.740000,14.990000,14.670000,14.810000,7.667529,29300
2011-09-06,14.720000,14.870000,14.680000,14.690000,7.605399,17600
2011-09-07,14.830000,14.840000,14.540000,14.600000,7.558802,28600
2011-09-08,14.590000,14.600000,14.570000,14.600000,7.558802,23800
2011-09-09,14.520000,14.600000,14.440000,14.600000,7.558802,22500
2011-09-12,14.590000,14.600000,14.580000,14.600000,7.558802,20000
2011-09-13,14.600000,14.600000,14.560000,14.600000,7.558802,25500
2011-09-14,14.690000,14.690000,14.460000,14.510000,7.512209,41500
2011-09-15,14.700000,14.700000,14.420000,14.460000,7.486320,25800
2011-09-16,14.480000,14.600000,14.460000,14.520000,7.517390,37000
2011-09-19,14.510000,14.600000,14.480000,14.580000,7.548451,13600
2011-09-20,14.550000,14.600000,14.480000,14.580000,7.548451,40900
2011-09-21,14.580000,14.700000,14.570000,14.660000,7.589865,48400
2011-09-22,14.610000,14.710000,14.570000,14.680000,7.600223,26800
2011-09-23,14.700000,14.730000,14.660000,14.680000,7.600223,16600
2011-09-26,14.730000,14.900000,14.700000,14.860000,7.693411,39400
2011-09-27,14.960000,14.960000,14.680000,14.850000,7.688234,106500
2011-09-28,14.750000,14.840000,14.750000,14.820000,7.709038,11800
2011-09-29,14.840000,14.850000,14.720000,14.810000,7.703842,37000
2011-09-30,14.760000,14.860000,14.760000,14.810000,7.703842,17900
2011-10-03,14.850000,14.860000,14.690000,14.760000,7.677826,30200
2011-10-04,14.590000,14.850000,14.540000,14.700000,7.646620,27000
2011-10-05,14.550000,14.810000,14.550000,14.700000,7.646620,36400
2011-10-06,14.650000,14.820000,14.590000,14.590000,7.589400,18400
2011-10-07,14.730000,14.730000,14.530000,14.640000,7.615409,22700
2011-10-10,14.650000,14.850000,14.630000,14.670000,7.631015,15600
2011-10-11,14.810000,14.850000,14.560000,14.560000,7.573789,18200
2011-10-12,14.670000,14.740000,14.350000,14.420000,7.500971,42800
2011-10-13,14.350000,14.450000,14.320000,14.400000,7.490569,13300
2011-10-14,14.480000,14.730000,14.430000,14.730000,7.662226,23200
2011-10-17,14.720000,14.850000,14.720000,14.840000,7.719448,35900
2011-10-18,14.900000,14.900000,14.710000,14.710000,7.651817,52100
2011-10-19,14.790000,14.880000,14.670000,14.820000,7.709038,34100
2011-10-20,14.850000,14.880000,14.710000,14.850000,7.724648,25200
2011-10-21,14.900000,14.900000,14.780000,14.840000,7.719448,17200
2011-10-24,14.800000,14.940000,14.800000,14.870000,7.735050,48100
2011-10-25,14.840000,14.900000,14.760000,14.840000,7.719448,16700
2011-10-26,14.890000,14.960000,14.890000,14.950000,7.776668,50000
2011-10-27,14.960000,14.990000,14.670000,14.680000,7.672141,54800
2011-10-28,14.750000,14.800000,14.660000,14.730000,7.698271,29600
2011-10-31,14.750000,14.800000,14.680000,14.750000,7.708723,22100
2011-11-01,14.420000,14.740000,14.420000,14.660000,7.661687,35900
2011-11-02,14.710000,14.730000,14.600000,14.600000,7.630327,48300
2011-11-03,14.680000,14.690000,14.600000,14.690000,7.677369,34400
2011-11-04,14.720000,14.730000,14.670000,14.720000,7.693047,17800
2011-11-07,14.720000,14.890000,14.720000,14.800000,7.734855,35600
2011-11-08,14.900000,15.000000,14.810000,14.850000,7.760984,26400
2011-11-09,14.900000,14.900000,14.840000,14.880000,7.776668,27800
2011-11-10,14.900000,14.990000,14.880000,14.990000,7.834153,35700
2011-11-11,15.000000,15.000000,14.940000,14.970000,7.823702,19100
2011-11-14,15.000000,15.170000,14.970000,15.120000,7.902094,57900
2011-11-15,15.220000,15.240000,14.900000,15.060000,7.870738,68900
2011-11-16,15.060000,15.070000,15.010000,15.060000,7.870738,47900
2011-11-17,15.060000,15.060000,14.880000,15.010000,7.844607,50400
2011-11-18,15.190000,15.190000,14.980000,15.150000,7.917776,34600
2011-11-21,15.480000,15.480000,15.220000,15.370000,8.032752,100900
2011-11-22,15.410000,16.010000,15.240000,15.500000,8.100695,87200
2011-11-23,15.590000,15.750000,15.060000,15.060000,7.870738,102200
2011-11-25,14.970000,15.260000,14.970000,15.250000,7.970036,19000
2011-11-28,15.230000,15.250000,15.110000,15.160000,7.959538,42200
2011-11-29,15.180000,15.450000,15.180000,15.450000,8.111794,121600
2011-11-30,15.450000,15.450000,15.170000,15.210000,7.985788,72300
2011-12-01,15.350000,15.360000,15.190000,15.310000,8.038293,49900
2011-12-02,15.420000,15.620000,15.310000,15.350000,8.059295,59200
2011-12-05,15.400000,15.500000,15.310000,15.420000,8.096042,53500
2011-12-06,15.460000,15.590000,15.430000,15.550000,8.164300,28800
2011-12-07,15.710000,15.860000,15.420000,15.660000,8.222056,115100
2011-12-08,15.560000,15.850000,15.560000,15.780000,8.285057,59000
2011-12-09,15.740000,15.840000,15.630000,15.770000,8.279809,40200
2011-12-12,15.860000,15.900000,15.620000,15.750000,8.269307,51500
2011-12-13,15.740000,15.860000,15.560000,15.630000,8.206302,84700
2011-12-14,15.720000,15.750000,15.470000,15.560000,8.169555,110000
2011-12-15,15.670000,15.780000,15.330000,15.350000,8.059295,71200
2011-12-16,15.480000,15.620000,15.400000,15.570000,8.174801,47100
2011-12-19,15.530000,15.830000,15.530000,15.540000,8.159049,38000
2011-12-20,15.610000,15.800000,15.500000,15.550000,8.164300,46300
2011-12-21,15.660000,15.730000,15.500000,15.730000,8.258804,54900
2011-12-22,15.780000,15.900000,15.750000,15.890000,8.342815,46700
2011-12-23,15.680000,15.930000,15.650000,15.900000,8.348061,59400
2011-12-27,15.800000,15.900000,15.640000,15.720000,8.253551,64400
2011-12-28,15.720000,15.880000,15.500000,15.770000,8.316844,47000
2011-12-29,15.780000,15.850000,15.670000,15.800000,8.332664,39900
2011-12-30,15.890000,15.900000,15.710000,15.900000,8.385403,37800
2012-01-03,15.900000,16.000000,15.840000,15.900000,8.385403,55300
2012-01-04,15.940000,16.030001,15.800000,15.840000,8.353758,46100
2012-01-05,15.870000,15.880000,15.700000,15.790000,8.327393,38000
2012-01-06,15.740000,15.820000,15.720000,15.790000,8.327393,47800
2012-01-09,15.750000,15.950000,15.700000,15.950000,8.411772,50600
2012-01-10,15.910000,15.950000,15.760000,15.860000,8.364305,45400
2012-01-11,15.820000,15.890000,15.760000,15.880000,8.374853,31000
2012-01-12,15.820000,15.900000,15.770000,15.840000,8.353758,47700
2012-01-13,15.840000,15.930000,15.840000,15.890000,8.380127,23300
2012-01-17,15.980000,16.000000,15.660000,15.660000,8.258829,55600
2012-01-18,15.730000,15.730000,15.600000,15.620000,8.237730,91900
2012-01-19,15.580000,15.730000,15.580000,15.650000,8.253551,46600
2012-01-20,15.700000,15.930000,15.700000,15.890000,8.380127,58600
2012-01-23,15.890000,15.970000,15.890000,15.960000,8.417045,82500
2012-01-24,15.950000,16.000000,15.910000,15.960000,8.417045,61900
2012-01-25,15.960000,16.049999,15.920000,15.980000,8.427597,76900
2012-01-26,15.980000,16.059999,15.980000,16.010000,8.443414,65900
2012-01-27,15.910000,15.990000,15.900000,15.990000,8.469900,32400
2012-01-30,15.970000,15.990000,15.890000,15.940000,8.443412,32600
2012-01-31,15.910000,15.990000,15.850000,15.990000,8.469900,93800
2012-02-01,15.980000,15.990000,15.730000,15.840000,8.390446,59200
2012-02-02,15.870000,15.940000,15.810000,15.870000,8.406333,33300
2012-02-03,15.950000,15.970000,15.840000,15.900000,8.422228,52000
2012-02-06,15.820000,15.940000,15.800000,15.940000,8.443412,43400
2012-02-07,15.950000,15.990000,15.760000,15.910000,8.427521,75300
2012-02-08,15.950000,16.040001,15.890000,16.030001,8.491088,47600
2012-02-09,16.030001,16.040001,15.880000,15.880000,8.411630,54600
2012-02-10,15.880000,15.950000,15.840000,15.940000,8.443412,29000
2012-02-13,16.000000,16.020000,15.800000,15.880000,8.411630,64300
2012-02-14,15.930000,16.020000,15.880000,15.900000,8.422228,67000
2012-02-15,15.960000,16.040001,15.940000,15.940000,8.443412,42800
2012-02-16,15.990000,16.040001,15.710000,15.710000,8.321589,80300
2012-02-17,15.630000,15.810000,15.570000,15.780000,8.358660,61700
2012-02-21,15.840000,16.100000,15.840000,15.970000,8.459310,76300
2012-02-22,15.970000,16.010000,15.970000,15.980000,8.464602,39400
2012-02-23,16.040001,16.040001,15.900000,15.940000,8.443412,48200
2012-02-24,15.980000,16.160000,15.950000,16.139999,8.549349,67400
2012-02-27,16.100000,16.200001,16.030001,16.070000,8.549354,65000
2012-02-28,16.030001,16.059999,15.830000,15.970000,8.496156,54300
2012-02-29,16.000000,16.080000,15.930000,16.020000,8.522757,26900
2012-03-01,15.960000,16.010000,15.900000,15.910000,8.464231,33200
2012-03-02,16.049999,16.049999,15.890000,15.900000,8.458915,51500
2012-03-05,15.900000,15.900000,15.800000,15.800000,8.405716,44300
2012-03-06,15.800000,15.800000,15.300000,15.450000,8.219511,64900
2012-03-07,15.500000,15.630000,15.500000,15.540000,8.267391,58400
2012-03-08,15.560000,15.640000,15.560000,15.620000,8.309948,29900
2012-03-09,15.670000,15.710000,15.630000,15.670000,8.336549,29200
2012-03-12,15.630000,15.690000,15.610000,15.640000,8.320591,59100
2012-03-13,15.640000,15.640000,15.620000,15.640000,8.320591,31100
2012-03-14,15.680000,15.690000,15.230000,15.280000,8.129066,73500
2012-03-15,15.340000,15.440000,14.860000,14.980000,7.969468,112200
2012-03-16,14.690000,14.910000,14.690000,14.750000,7.847109,145900
2012-03-19,14.840000,14.850000,14.500000,14.800000,7.873709,80400
2012-03-20,14.780000,15.040000,14.780000,15.040000,8.001388,50800
2012-03-21,15.090000,15.170000,15.040000,15.130000,8.049264,60000
2012-03-22,15.200000,15.360000,15.170000,15.300000,8.139706,56300
2012-03-23,15.370000,15.470000,15.280000,15.400000,8.192907,42100
2012-03-26,15.490000,15.570000,15.410000,15.550000,8.272712,42700
2012-03-27,15.510000,15.610000,15.300000,15.580000,8.288672,45700
2012-03-28,15.470000,15.990000,15.470000,15.980000,8.539845,67400
2012-03-29,15.980000,16.070000,15.910000,15.970000,8.534499,51800
2012-03-30,16.000000,16.120001,15.930000,16.100000,8.603974,28100
2012-04-02,16.049999,16.100000,15.950000,15.980000,8.539845,39400
2012-04-03,16.100000,16.100000,15.720000,15.780000,8.432958,39600
2012-04-04,16.090000,16.090000,15.720000,15.880000,8.486403,31600
2012-04-05,16.070000,16.100000,15.820000,16.000000,8.550529,44700
2012-04-09,16.059999,16.059999,15.770000,15.870000,8.481057,46800
2012-04-10,15.930000,16.040001,15.770000,15.900000,8.497093,40500
2012-04-11,15.850000,15.920000,15.730000,15.840000,8.465026,43300
2012-04-12,15.770000,15.790000,15.300000,15.620000,8.347452,65400
2012-04-13,15.550000,15.840000,15.510000,15.790000,8.438305,42800
2012-04-16,15.790000,16.320000,15.780000,16.020000,8.561218,26500
2012-04-17,16.230000,16.230000,15.800000,15.850000,8.470371,48300
2012-04-18,15.850000,16.059999,15.850000,15.960000,8.529156,22000
2012-04-19,15.910000,16.020000,15.850000,15.960000,8.529156,45900
2012-04-20,16.000000,16.110001,15.970000,16.059999,8.582599,33500
2012-04-23,15.990000,16.049999,15.900000,15.960000,8.529156,52500
2012-04-24,15.910000,16.090000,15.910000,16.070000,8.587938,72000
2012-04-25,16.100000,16.420000,16.000000,16.379999,8.753605,50300
2012-04-26,16.219999,16.270000,16.049999,16.180000,8.683835,35600
2012-04-27,16.100000,16.219999,16.020000,16.150000,8.667732,37000
2012-04-30,16.170000,16.170000,16.049999,16.129999,8.657000,21000
2012-05-01,16.620001,16.620001,15.920000,15.980000,8.576496,50000
2012-05-02,16.080000,16.080000,15.950000,16.000000,8.587228,16400
2012-05-03,16.030001,16.180000,16.000000,16.030001,8.603332,54600
2012-05-04,16.129999,16.219999,16.090000,16.160000,8.673106,27300
2012-05-07,16.240000,16.290001,16.150000,16.290001,8.742871,14900
2012-05-08,16.320000,16.559999,16.250000,16.330000,8.764345,29700
2012-05-09,16.340000,16.520000,16.270000,16.410000,8.807272,46100
2012-05-10,16.360001,16.549999,16.360001,16.480000,8.844843,23400
2012-05-11,16.500000,16.500000,16.299999,16.440001,8.823381,47000
2012-05-14,16.370001,16.540001,16.370001,16.430000,8.818014,28000
2012-05-15,16.480000,16.600000,16.320000,16.420000,8.812640,51900
2012-05-16,16.420000,16.420000,16.280001,16.350000,8.775076,52800
2012-05-17,16.309999,16.350000,16.200001,16.219999,8.705304,39800
2012-05-18,16.350000,16.610001,16.280001,16.469999,8.839479,55000
2012-05-21,16.680000,16.719999,16.330000,16.520000,8.866316,47700
2012-05-22,16.520000,16.620001,16.440001,16.440001,8.823381,61300
2012-05-23,16.389999,16.680000,16.389999,16.680000,8.952184,36000
2012-05-24,16.610001,16.840000,16.400000,16.840000,9.038059,59500
2012-05-25,16.840000,16.940001,16.549999,16.790001,9.011227,56300
2012-05-29,16.730000,16.760000,16.490000,16.530001,8.908824,51200
2012-05-30,16.469999,16.480000,16.160000,16.209999,8.736359,61100
2012-05-31,16.170000,16.209999,16.040001,16.049999,8.650127,64900
2012-06-01,16.059999,16.190001,16.000000,16.059999,8.655516,44200
2012-06-04,16.110001,16.150000,16.059999,16.120001,8.687850,30900
2012-06-05,16.059999,16.200001,16.049999,16.160000,8.709414,23100
2012-06-06,16.139999,16.260000,16.129999,16.240000,8.752529,26400
2012-06-07,16.230000,16.250000,16.000000,16.000000,8.623177,37500
2012-06-08,15.980000,16.090000,15.980000,16.000000,8.623177,17800
2012-06-11,16.070000,16.090000,16.000000,16.020000,8.633961,27800
2012-06-12,15.980000,16.040001,15.910000,15.950000,8.596232,35100
2012-06-13,15.910000,16.100000,15.910000,16.100000,8.677077,20800
2012-06-14,16.139999,16.260000,16.110001,16.180000,8.720190,68900
2012-06-15,16.230000,16.280001,16.129999,16.240000,8.752529,37400
2012-06-18,16.309999,16.459999,16.260000,16.360001,8.817203,38900
2012-06-19,16.450001,16.510000,16.370001,16.500000,8.892653,23700
2012-06-20,16.530001,16.680000,16.490000,16.559999,8.924990,65200
2012-06-21,16.600000,16.610001,16.510000,16.610001,8.951937,37300
2012-06-22,16.510000,16.610001,16.490000,16.559999,8.924990,49200
2012-06-25,16.490000,16.650000,16.490000,16.590000,8.941160,37200
2012-06-26,16.610001,16.610001,16.389999,16.420000,8.849535,48600
2012-06-27,16.379999,16.520000,16.370001,16.480000,8.919904,26000
2012-06-28,16.430000,16.610001,16.430000,16.610001,8.990261,43900
2012-06-29,16.650000,16.870001,16.590000,16.850000,9.120163,48300
2012-07-02,16.889999,17.160000,16.639999,16.830000,9.109344,70000
2012-07-03,17.030001,17.030001,16.820000,16.900000,9.147228,21200
2012-07-05,17.100000,17.100000,16.850000,16.879999,9.136401,20800
2012-07-06,16.900000,16.950001,16.799999,16.830000,9.109344,33200
2012-07-09,16.780001,17.100000,16.780001,17.020000,9.212182,65100
2012-07-10,17.010000,17.129999,16.950001,17.020000,9.212182,27000
2012-07-11,17.020000,17.100000,16.969999,16.969999,9.185117,49500
2012-07-12,16.850000,16.930000,16.620001,16.620001,8.995682,79000
2012-07-13,16.600000,16.750000,16.600000,16.730000,9.055219,43000
2012-07-16,16.799999,17.190001,16.660000,16.730000,9.055219,31500
2012-07-17,16.730000,16.730000,16.559999,16.639999,9.006508,37500
2012-07-18,16.639999,16.740000,16.639999,16.639999,9.006508,41400
2012-07-19,16.639999,16.639999,16.570000,16.629999,9.001094,18500
2012-07-20,16.610001,16.830000,16.610001,16.790001,9.087689,26900
2012-07-23,16.830000,16.940001,16.770000,16.850000,9.120163,27200
2012-07-24,16.850000,16.980000,16.799999,16.980000,9.190533,30700
2012-07-25,17.049999,17.049999,16.930000,16.930000,9.163464,38500
2012-07-26,16.950001,17.150000,16.940001,17.120001,9.266307,44700
2012-07-27,17.010000,17.100000,16.910000,16.969999,9.222824,57400
2012-07-30,16.969999,16.969999,16.840000,16.889999,9.179350,21600
2012-07-31,16.809999,16.809999,16.610001,16.670000,9.059787,45000
2012-08-01,16.650000,16.840000,16.650000,16.770000,9.114131,24200
2012-08-02,16.809999,17.260000,16.709999,17.129999,9.309785,82700
2012-08-03,17.160000,17.180000,16.980000,17.030001,9.255435,31900
2012-08-06,16.980000,17.200001,16.980000,17.120001,9.304354,16400
2012-08-07,17.059999,17.190001,16.990000,16.990000,9.233696,48300
2012-08-08,16.959999,17.120001,16.440001,16.450001,8.940222,101000
2012-08-09,16.420000,16.540001,16.090000,16.139999,8.771738,73300
2012-08-10,16.059999,16.250000,16.049999,16.160000,8.782614,63100
2012-08-13,16.100000,16.260000,16.000000,16.139999,8.771738,48500
2012-08-14,16.080000,16.240000,16.010000,16.059999,8.728265,43700
2012-08-15,16.129999,16.209999,16.059999,16.209999,8.809783,38000
2012-08-16,16.250000,16.260000,16.080000,16.090000,8.744565,24800
2012-08-17,16.100000,16.219999,15.980000,16.090000,8.744565,68400
2012-08-20,16.139999,16.139999,16.040001,16.139999,8.771738,36500
2012-08-21,16.100000,16.190001,16.059999,16.110001,8.755437,57400
2012-08-22,16.020000,16.059999,15.720000,15.910000,8.646740,69500
2012-08-23,15.850000,15.920000,15.800000,15.810000,8.592394,75700
2012-08-24,15.750000,15.860000,15.710000,15.850000,8.614133,46900
2012-08-27,15.810000,16.000000,15.810000,16.000000,8.695651,45100
2012-08-28,16.000000,16.120001,15.990000,16.110001,8.755437,63100
2012-08-29,15.980000,16.309999,15.980000,16.280001,8.886437,36800
2012-08-30,16.330000,16.340000,16.240000,16.340000,8.919196,34800
2012-08-31,16.420000,16.430000,16.360001,16.430000,8.968322,20300
2012-09-04,16.500000,16.500000,16.350000,16.379999,8.941022,25000
2012-09-05,16.430000,16.430000,16.299999,16.389999,8.946483,25300
2012-09-06,16.420000,16.430000,16.240000,16.350000,8.924657,27100
2012-09-07,16.370001,16.430000,16.190001,16.420000,8.962859,43200
2012-09-10,16.420000,16.580000,16.379999,16.520000,9.017442,27600
2012-09-11,16.520000,16.600000,16.520000,16.580000,9.050195,42200
2012-09-12,16.639999,16.700001,16.620001,16.660000,9.093866,50400
2012-09-13,16.600000,16.840000,16.600000,16.770000,9.153905,36300
2012-09-14,16.750000,16.920000,16.639999,16.920000,9.235786,55500
2012-09-17,16.870001,17.180000,16.850000,17.080000,9.323116,44400
2012-09-18,17.100000,17.100000,16.840000,17.049999,9.306744,57300
2012-09-19,16.980000,17.150000,16.930000,17.030001,9.295827,38100
2012-09-20,16.959999,17.080000,16.889999,17.080000,9.323116,50600
2012-09-21,17.100000,17.160000,16.990000,17.160000,9.366786,48200
2012-09-24,17.180000,17.219999,17.000000,17.010000,9.284913,65400
2012-09-25,16.969999,17.240000,16.920000,17.139999,9.355871,60500
2012-09-26,17.000000,17.230000,17.000000,17.230000,9.443563,23400
2012-09-27,17.250000,17.250000,17.080000,17.110001,9.377804,50500
2012-09-28,17.059999,17.200001,16.950001,17.040001,9.339431,35400
2012-10-01,17.020000,17.170000,17.020000,17.080000,9.361349,34100
2012-10-02,17.030001,17.070000,16.940001,16.940001,9.284617,24200
2012-10-03,16.910000,17.000000,16.910000,16.980000,9.306544,35800
2012-10-04,17.010000,17.040001,16.920000,16.959999,9.295581,14600
2012-10-05,16.920000,17.129999,16.920000,16.950001,9.290102,51100
2012-10-08,16.940001,16.950001,16.910000,16.910000,9.268175,14800
2012-10-09,16.860001,16.889999,16.790001,16.790001,9.202405,10300
2012-10-10,16.719999,16.740000,16.559999,16.590000,9.092791,32200
2012-10-11,16.540001,16.639999,16.540001,16.620001,9.109232,14500
2012-10-12,16.600000,16.639999,16.500000,16.610001,9.103749,35900
2012-10-15,16.680000,16.889999,16.680000,16.730000,9.169519,35200
2012-10-16,16.680000,16.700001,16.450001,16.480000,9.032499,27500
2012-10-17,16.540001,16.629999,16.459999,16.610001,9.103749,21200
2012-10-18,16.559999,16.600000,16.480000,16.540001,9.065382,26500
2012-10-19,16.500000,16.570000,16.459999,16.540001,9.065382,15600
2012-10-22,16.480000,16.549999,16.459999,16.459999,9.021535,13500
2012-10-23,16.450001,16.600000,16.450001,16.600000,9.098269,13700
2012-10-24,16.549999,16.670000,16.549999,16.639999,9.120193,8900
2012-10-25,16.610001,16.639999,16.559999,16.639999,9.120193,20300
2012-10-26,16.639999,16.709999,16.600000,16.700001,9.153079,20900
2012-10-31,16.629999,16.629999,16.430000,16.430000,9.005095,32700
2012-11-01,16.530001,16.610001,16.500000,16.600000,9.098269,21500
2012-11-02,16.540001,16.540001,16.320000,16.450001,9.016061,24300
2012-11-05,16.360001,16.469999,16.309999,16.379999,8.977691,42800
2012-11-06,16.320000,16.570000,16.320000,16.370001,8.972212,55000
2012-11-07,16.400000,16.549999,16.400000,16.530001,9.059903,24500
2012-11-08,16.530001,16.730000,16.530001,16.730000,9.169519,19100
2012-11-09,16.650000,16.950001,16.650000,16.950001,9.290102,40700
2012-11-12,16.990000,17.040001,16.920000,16.980000,9.306544,35800
2012-11-13,17.030001,17.070000,16.940001,17.040001,9.339431,37400
2012-11-14,17.049999,17.190001,16.910000,17.010000,9.322986,91500
2012-11-15,17.010000,17.010000,16.620001,16.940001,9.284617,51500
2012-11-16,17.000000,17.190001,16.860001,16.990000,9.312025,41100
2012-11-19,17.160000,17.320000,17.059999,17.240000,9.449048,64400
2012-11-20,17.280001,17.360001,17.059999,17.299999,9.481932,49700
2012-11-21,17.330000,17.400000,17.320000,17.370001,9.520301,42800
2012-11-23,17.469999,17.530001,17.389999,17.500000,9.591549,14700
2012-11-26,17.559999,17.559999,16.959999,17.040001,9.339431,73400
2012-11-27,17.049999,17.250000,16.980000,17.100000,9.372318,39100
2012-11-28,17.129999,17.370001,17.030001,17.080000,9.399830,29100
2012-11-29,17.330000,17.500000,16.930000,16.940001,9.322780,56800
2012-11-30,17.299999,17.299999,16.870001,16.940001,9.322780,61000
2012-12-03,16.950001,17.020000,16.850000,16.900000,9.300766,28900
2012-12-04,16.950001,16.959999,16.590000,16.670000,9.174190,49000
2012-12-05,16.750000,16.790001,16.600000,16.719999,9.201705,33000
2012-12-06,16.690001,16.790001,16.580000,16.780001,9.234728,43100
2012-12-07,16.799999,16.799999,16.549999,16.610001,9.141172,24900
2012-12-10,16.650000,16.690001,16.299999,16.309999,8.976066,102800
2012-12-11,16.410000,16.540001,16.350000,16.480000,9.069627,65900
2012-12-12,16.420000,16.700001,16.330000,16.639999,9.157679,47100
2012-12-13,16.580000,16.650000,16.420000,16.650000,9.163186,32000
2012-12-14,16.629999,16.639999,16.150000,16.330000,8.987075,75600
2012-12-17,16.250000,16.290001,16.000000,16.240000,8.937546,93300
2012-12-18,16.110001,16.160000,15.960000,15.960000,8.783445,80400
2012-12-19,15.980000,16.219999,15.980000,16.139999,8.882508,62800
2012-12-20,16.190001,16.280001,16.000000,16.100000,8.860500,56200
2012-12-21,15.990000,16.559999,15.950000,16.430000,9.042110,54100
2012-12-24,16.450001,16.469999,16.170000,16.260000,8.948550,21600
2012-12-26,16.340000,16.410000,16.030001,16.219999,8.926535,29700
2012-12-27,16.150000,16.250000,15.910000,16.000000,8.843626,58000
2012-12-28,16.040001,16.129999,15.990000,16.000000,8.843626,24100
2012-12-31,15.830000,16.219999,15.630000,16.180000,8.943120,202000
2013-01-02,16.160000,16.379999,16.150000,16.379999,9.053662,47500
2013-01-03,16.440001,16.540001,16.410000,16.410000,9.070251,48400
2013-01-04,16.520000,16.730000,16.520000,16.730000,9.247120,26200
2013-01-07,16.680000,16.900000,16.610001,16.900000,9.341079,25700
2013-01-08,16.940001,16.940001,16.809999,16.879999,9.330028,32900
2013-01-09,16.940001,16.969999,16.830000,16.940001,9.363190,27800
2013-01-10,16.910000,16.940001,16.799999,16.920000,9.352136,19100
2013-01-11,16.990000,17.049999,16.900000,17.040001,9.418461,39200
2013-01-14,17.040001,17.040001,16.910000,16.920000,9.352136,32400
2013-01-15,17.059999,17.059999,16.760000,16.799999,9.285811,58200
2013-01-16,16.850000,16.850000,16.610001,16.840000,9.307920,36800
2013-01-17,16.879999,16.990000,16.870001,16.990000,9.390826,27900
2013-01-18,17.000000,17.000000,16.879999,16.900000,9.341079,53000
2013-01-22,16.980000,16.990000,16.930000,16.959999,9.374249,37700
2013-01-23,16.969999,17.000000,16.920000,16.980000,9.385301,30300
2013-01-24,17.000000,17.049999,16.940001,17.049999,9.423990,25900
2013-01-25,17.100000,17.100000,16.950001,17.049999,9.423990,24900
2013-01-28,17.160000,17.170000,16.850000,16.850000,9.313446,50500
2013-01-29,16.940001,16.940001,16.559999,16.660000,9.246845,38200
2013-01-30,16.799999,16.799999,16.480000,16.590000,9.207992,39100
2013-01-31,16.530001,16.660000,16.440001,16.570000,9.196888,34100
2013-02-01,16.610001,16.650000,16.430000,16.430000,9.119187,31900
2013-02-04,16.430000,16.530001,16.360001,16.379999,9.091434,21400
2013-02-05,16.459999,16.540001,16.450001,16.520000,9.169134,23100
2013-02-06,16.459999,16.540001,16.450001,16.469999,9.141384,35800
2013-02-07,16.540001,16.549999,16.379999,16.459999,9.135838,30300
2013-02-08,16.520000,16.559999,16.480000,16.480000,9.146941,24200
2013-02-11,16.559999,16.590000,16.410000,16.420000,9.113635,31200
2013-02-12,16.490000,16.530001,16.400000,16.490000,9.152482,20300
2013-02-13,16.510000,16.520000,16.270000,16.290001,9.041483,43000
2013-02-14,16.260000,16.280001,16.059999,16.059999,8.913820,52900
2013-02-15,16.030001,16.209999,16.020000,16.080000,8.924919,46200
2013-02-19,16.150000,16.209999,16.020000,16.040001,8.902719,32100
2013-02-20,16.090000,16.190001,16.020000,16.080000,8.924919,67100
2013-02-21,16.170000,16.440001,16.170000,16.240000,9.013731,33400
2013-02-22,16.320000,16.320000,16.129999,16.129999,8.952681,21500
2013-02-25,16.129999,16.170000,16.030001,16.100000,8.936023,47300
2013-02-26,16.040001,16.090000,15.940000,16.059999,8.952744,43600
2013-02-27,16.059999,16.080000,15.960000,16.080000,8.963896,54900
2013-02-28,16.090000,16.280001,16.030001,16.280001,9.075387,42900
2013-03-01,16.340000,16.389999,16.209999,16.389999,9.136705,28800
2013-03-04,16.420000,16.440001,16.350000,16.430000,9.159009,23100
2013-03-05,16.450001,16.469999,16.320000,16.440001,9.164581,26800
2013-03-06,16.480000,16.480000,16.299999,16.400000,9.142288,31900
2013-03-07,16.440001,16.440001,16.299999,16.420000,9.153433,33100
2013-03-08,16.420000,16.530001,16.299999,16.440001,9.164581,56300
2013-03-11,16.490000,16.490000,16.100000,16.309999,9.092113,57400
2013-03-12,16.340000,16.340000,15.990000,16.190001,9.025218,51800
2013-03-13,16.260000,16.299999,16.020000,16.299999,9.086535,32300
2013-03-14,16.290001,16.290001,15.940000,16.129999,8.991777,45900
2013-03-15,15.990000,16.180000,15.620000,15.700000,8.752063,145600
2013-03-18,15.560000,15.850000,15.360000,15.850000,8.835684,83600
2013-03-19,15.860000,16.010000,15.650000,15.840000,8.830109,50000
2013-03-20,16.049999,16.049999,15.840000,16.049999,8.947172,33500
2013-03-21,15.900000,16.030001,15.810000,15.950000,8.891428,64600
2013-03-22,15.830000,16.000000,15.780000,15.900000,8.863551,35100
2013-03-25,15.910000,15.910000,15.610000,15.820000,8.818960,39200
2013-03-26,15.770000,15.770000,15.590000,15.680000,8.779762,54000
2013-03-27,15.730000,15.890000,15.650000,15.890000,8.897350,63300
2013-03-28,15.920000,15.920000,15.570000,15.570000,8.718165,61000
2013-04-01,15.600000,15.730000,15.600000,15.690000,8.785362,24000
2013-04-02,15.770000,15.770000,15.620000,15.660000,8.768560,24200
2013-04-03,15.660000,15.690000,15.500000,15.680000,8.779762,43400
2013-04-04,15.760000,15.760000,15.560000,15.650000,8.762963,17800
2013-04-05,15.650000,15.950000,15.650000,15.950000,8.930946,51500
2013-04-08,15.890000,16.049999,15.720000,15.880000,8.891747,39000
2013-04-09,15.840000,15.890000,15.660000,15.690000,8.785362,41000
2013-04-10,15.820000,15.870000,15.750000,15.810000,8.852556,25700
2013-04-11,15.890000,15.960000,15.780000,15.950000,8.930946,40900
2013-04-12,15.960000,16.100000,15.900000,16.049999,8.986937,33900
2013-04-15,16.139999,16.160000,16.059999,16.120001,9.026132,42200
2013-04-16,16.170000,16.280001,16.070000,16.280001,9.115723,55500
2013-04-17,16.290001,16.410000,16.190001,16.240000,9.093326,29300
2013-04-18,16.330000,16.430000,16.230000,16.260000,9.104523,16600
2013-04-19,16.379999,16.440001,16.230000,16.340000,9.149322,29100
2013-04-22,16.400000,16.400000,16.290001,16.400000,9.182916,22900
2013-04-23,16.450001,16.450001,16.299999,16.340000,9.149322,16600
2013-04-24,16.459999,16.459999,16.139999,16.150000,9.042931,31300
2013-04-25,16.320000,16.350000,16.209999,16.330000,9.143725,29900
2013-04-26,16.270000,16.340000,16.180000,16.250000,9.138096,15400
2013-04-29,16.360001,16.389999,16.160000,16.260000,9.143722,38000
2013-04-30,16.299999,16.430000,16.299999,16.350000,9.194333,18800
2013-05-01,16.400000,16.400000,16.200001,16.200001,9.109980,34300
2013-05-02,16.260000,16.330000,16.219999,16.330000,9.183088,14000
2013-05-03,16.330000,16.330000,16.209999,16.299999,9.166212,12400
2013-05-06,16.299999,16.370001,16.230000,16.360001,9.199952,29200
2013-05-07,16.389999,16.440001,16.309999,16.440001,9.244940,12300
2013-05-08,16.469999,16.469999,16.350000,16.400000,9.222445,25000
2013-05-09,16.459999,16.620001,16.420000,16.600000,9.334915,33200
2013-05-10,16.610001,16.700001,16.520000,16.700001,9.391153,38800
2013-05-13,16.709999,16.790001,16.559999,16.620001,9.346166,23700
2013-05-14,16.690001,16.690001,16.299999,16.620001,9.346166,54900
2013-05-15,16.620001,16.790001,16.309999,16.389999,9.216824,49400
2013-05-16,16.480000,16.580000,16.330000,16.400000,9.222445,27400
2013-05-17,16.360001,16.590000,16.299999,16.370001,9.205578,18600
2013-05-20,16.430000,16.610001,16.410000,16.420000,9.233693,25100
2013-05-21,16.299999,16.440001,16.299999,16.440001,9.244940,39900
2013-05-22,16.400000,16.549999,16.400000,16.440001,9.244940,39900
2013-05-23,16.440001,16.510000,16.340000,16.410000,9.228069,21100
2013-05-24,16.450001,16.510000,16.330000,16.389999,9.216824,47800
2013-05-28,16.490000,16.490000,16.240000,16.350000,9.194333,62400
2013-05-29,16.280001,16.280001,15.500000,15.640000,8.832886,145600
2013-05-30,15.600000,15.640000,15.360000,15.500000,8.753814,73200
2013-05-31,15.400000,15.470000,15.090000,15.120000,8.539205,88400
2013-06-03,15.010000,15.080000,14.580000,14.840000,8.381076,152800
2013-06-04,14.870000,14.980000,14.750000,14.980000,8.460141,69100
2013-06-05,15.000000,15.120000,14.910000,15.090000,8.522264,62000
2013-06-06,15.110000,15.360000,15.070000,15.340000,8.663453,52100
2013-06-07,15.340000,15.340000,15.170000,15.170000,8.567443,46600
2013-06-10,15.220000,15.220000,14.850000,14.950000,8.443195,47600
2013-06-11,14.830000,14.880000,14.580000,14.630000,8.262475,93300
2013-06-12,14.720000,14.720000,14.290000,14.360000,8.109986,81500
2013-06-13,14.360000,14.420000,14.200000,14.420000,8.143874,121700
2013-06-14,14.480000,14.680000,14.460000,14.620000,8.256829,46100
2013-06-17,14.650000,14.790000,14.470000,14.510000,8.194702,106900
2013-06-18,14.450000,14.560000,14.310000,14.530000,8.205996,65800
2013-06-19,14.450000,14.550000,14.380000,14.410000,8.138227,53200
2013-06-20,14.360000,14.410000,14.120000,14.150000,7.991381,145300
2013-06-21,14.130000,14.210000,13.910000,14.110000,7.968797,70600
2013-06-24,14.000000,14.100000,13.610000,13.830000,7.810662,105700
2013-06-25,13.860000,14.120000,13.620000,14.120000,7.974440,97500
2013-06-26,14.100000,14.440000,14.050000,14.330000,8.133363,64600
2013-06-27,14.440000,14.560000,14.380000,14.490000,8.224177,54200
2013-06-28,14.540000,14.540000,14.330000,14.440000,8.195797,44700
2013-07-01,14.530000,14.600000,14.410000,14.490000,8.224177,55300
2013-07-02,14.410000,14.490000,14.330000,14.430000,8.190125,34300
2013-07-03,14.430000,14.470000,14.140000,14.140000,8.025524,56400
2013-07-05,14.140000,14.140000,13.830000,13.930000,7.906338,48500
2013-07-08,14.110000,14.250000,14.050000,14.120000,8.014174,81500
2013-07-09,14.180000,14.180000,14.040000,14.070000,7.985796,30900
2013-07-10,14.160000,14.160000,13.980000,13.980000,7.934718,38900
2013-07-11,14.040000,14.180000,14.030000,14.180000,8.048230,45800
2013-07-12,14.240000,14.240000,14.060000,14.100000,8.002822,48700
2013-07-15,14.100000,14.230000,14.100000,14.100000,8.002822,56500
2013-07-16,14.050000,14.070000,13.890000,13.910000,7.894983,73100
2013-07-17,13.910000,14.050000,13.910000,13.970000,7.929040,45700
2013-07-18,14.030000,14.050000,13.880000,13.880000,7.877959,44800
2013-07-19,13.930000,14.000000,13.760000,13.760000,7.809846,43200
2013-07-22,13.820000,13.820000,13.560000,13.610000,7.724713,66600
2013-07-23,13.710000,13.880000,13.710000,13.880000,7.877959,46100
2013-07-24,13.930000,13.930000,13.570000,13.600000,7.719031,87400
2013-07-25,13.520000,13.670000,13.500000,13.560000,7.696332,80700
2013-07-26,13.600000,13.700000,13.530000,13.620000,7.730390,36800
2013-07-29,13.570000,13.710000,13.510000,13.710000,7.821667,65600
2013-07-30,13.630000,13.700000,13.570000,13.700000,7.815959,39500
2013-07-31,13.650000,13.680000,13.570000,13.670000,7.798843,36600
2013-08-01,13.730000,13.740000,13.460000,13.500000,7.701865,77700
2013-08-02,13.510000,13.540000,13.440000,13.450000,7.673340,76900
2013-08-05,13.440000,13.460000,13.310000,13.330000,7.604874,64500
2013-08-06,13.330000,13.370000,13.180000,13.250000,7.559237,74500
2013-08-07,13.250000,13.250000,13.120000,13.180000,7.519300,90100
2013-08-08,13.150000,13.250000,13.140000,13.190000,7.525006,80100
2013-08-09,13.150000,13.240000,13.110000,13.240000,7.553529,50000
2013-08-12,13.230000,13.290000,13.190000,13.190000,7.525006,77400
2013-08-13,13.220000,13.290000,13.070000,13.230000,7.547824,70400
2013-08-14,13.210000,13.330000,13.160000,13.330000,7.604874,103100
2013-08-15,13.250000,13.350000,13.100000,13.240000,7.553529,109800
2013-08-16,13.240000,13.550000,13.090000,13.550000,7.730390,164800
2013-08-19,13.500000,13.500000,13.200000,13.200000,7.530707,63700
2013-08-20,13.250000,13.640000,13.130000,13.560000,7.736088,82400
2013-08-21,13.570000,13.820000,13.490000,13.720000,7.827372,122500
2013-08-22,13.700000,13.990000,13.700000,13.980000,7.975702,85100
2013-08-23,13.900000,13.940000,13.760000,13.860000,7.907245,69200
2013-08-26,13.910000,13.910000,13.600000,13.630000,7.776026,79300
2013-08-27,13.650000,13.760000,13.440000,13.740000,7.838783,104100
2013-08-28,13.690000,13.770000,13.450000,13.520000,7.752770,65200
2013-08-29,13.430000,13.640000,13.290000,13.640000,7.821580,58800
2013-08-30,13.620000,13.620000,13.360000,13.560000,7.775707,49700
2013-09-03,13.520000,13.630000,13.490000,13.560000,7.775707,72600
2013-09-04,13.570000,13.710000,13.440000,13.710000,7.861722,42600
2013-09-05,13.640000,13.670000,13.280000,13.280000,7.615147,74800
2013-09-06,13.320000,13.620000,13.210000,13.620000,7.810108,69600
2013-09-09,13.540000,13.660000,13.470000,13.640000,7.821580,53000
2013-09-10,13.660000,13.660000,13.470000,13.530000,7.758503,25100
2013-09-11,13.460000,13.480000,13.330000,13.470000,7.724095,31700
2013-09-12,13.390000,13.500000,13.390000,13.490000,7.735569,36300
2013-09-13,13.450000,13.650000,13.420000,13.650000,7.827314,31100
2013-09-16,13.670000,13.890000,13.580000,13.790000,7.907593,91500
2013-09-17,13.760000,14.460000,13.730000,14.260000,8.177108,66600
2013-09-18,14.260000,14.420000,13.910000,14.380000,8.245920,73400
2013-09-19,14.450000,14.450000,14.110000,14.250000,8.171374,58500
2013-09-20,14.160000,14.220000,13.940000,14.170000,8.125496,74200
2013-09-23,14.230000,14.230000,13.980000,14.140000,8.108294,51400
2013-09-24,14.200000,14.250000,14.020000,14.040000,8.050955,64500
2013-09-25,14.150000,14.230000,14.050000,14.230000,8.159902,73800
2013-09-26,14.060000,14.200000,14.040000,14.200000,8.182953,31300
2013-09-27,14.200000,14.200000,13.980000,14.110000,8.131093,31400
2013-09-30,14.040000,14.060000,13.970000,13.970000,8.050412,19300
2013-10-01,14.040000,14.100000,13.830000,14.100000,8.125330,71600
2013-10-02,14.070000,14.140000,13.850000,14.050000,8.096514,37300
2013-10-03,14.050000,14.070000,13.950000,14.070000,8.108042,18400
2013-10-04,13.980000,14.040000,13.880000,13.970000,8.050412,42200
2013-10-07,13.990000,13.990000,13.590000,13.620000,7.848722,59000
2013-10-08,13.690000,13.690000,13.440000,13.440000,7.744994,62000
2013-10-09,13.550000,13.590000,13.400000,13.580000,7.825668,41000
2013-10-10,13.500000,13.570000,13.470000,13.570000,7.819906,38500
2013-10-11,13.600000,13.600000,13.430000,13.500000,7.779572,37200
2013-10-14,13.600000,13.650000,13.470000,13.560000,7.814140,23400
2013-10-15,13.670000,13.740000,13.470000,13.510000,7.785333,61200
2013-10-16,13.640000,13.640000,13.490000,13.600000,7.837197,40000
2013-10-17,13.560000,13.860000,13.560000,13.860000,7.987027,62800
2013-10-18,13.920000,14.000000,13.900000,13.960000,8.044647,54400
2013-10-21,14.040000,14.040000,13.800000,13.870000,7.992786,36800
2013-10-22,13.930000,14.240000,13.900000,14.240000,8.206006,80900
2013-10-23,14.250000,14.410000,14.180000,14.360000,8.275152,54200
2013-10-24,14.490000,14.660000,14.300000,14.550000,8.384647,46600
2013-10-25,14.700000,14.700000,14.280000,14.400000,8.298212,37200
2013-10-28,14.490000,14.510000,14.370000,14.460000,8.332779,37200
2013-10-29,14.430000,14.440000,14.230000,14.290000,8.274878,42600
2013-10-30,14.230000,14.280000,14.010000,14.120000,8.176431,90800
2013-10-31,14.130000,14.130000,14.010000,14.100000,8.164850,46500
2013-11-01,14.150000,14.150000,13.940000,14.040000,8.130111,45300
2013-11-04,14.080000,14.140000,14.010000,14.140000,8.188020,52300
2013-11-05,14.200000,14.310000,14.130000,14.210000,8.228544,50000
2013-11-06,14.270000,14.330000,14.210000,14.330000,8.298040,46100
2013-11-07,14.360000,14.650000,14.260000,14.580000,8.442802,71800
2013-11-08,14.500000,14.670000,14.400000,14.670000,8.494919,61200
2013-11-11,14.600000,14.600000,14.320000,14.410000,8.344364,33000
2013-11-12,14.470000,14.480000,14.030000,14.110000,8.170644,44500
2013-11-13,14.610000,14.610000,14.020000,14.060000,8.141688,21100
2013-11-14,14.280000,14.280000,14.000000,14.030000,8.124321,53700
2013-11-15,14.000000,14.020000,13.900000,13.910000,8.054832,61500
2013-11-18,13.880000,13.900000,13.820000,13.860000,8.025879,40400
2013-11-19,13.930000,13.930000,13.860000,13.880000,8.037459,20400
2013-11-20,13.870000,13.870000,13.740000,13.800000,7.991133,47500
2013-11-21,14.040000,14.040000,13.770000,13.820000,8.002710,51300
2013-11-22,13.910000,13.930000,13.770000,13.780000,7.979552,91500
2013-11-25,13.730000,13.830000,13.640000,13.730000,7.950595,77900
2013-11-26,13.740000,13.780000,13.630000,13.660000,7.950594,94400
2013-11-27,13.780000,13.780000,13.650000,13.650000,7.944778,53200
2013-11-29,13.660000,13.700000,13.650000,13.660000,7.950594,20800
2013-12-02,13.650000,13.660000,13.530000,13.530000,7.874935,59600
2013-12-03,13.500000,13.710000,13.490000,13.670000,7.956415,55500
2013-12-04,13.950000,13.960000,13.750000,13.750000,8.002983,69200
2013-12-05,13.690000,14.010000,13.560000,13.910000,8.096107,60400
2013-12-06,13.930000,13.990000,13.700000,13.820000,8.043719,70500
2013-12-09,13.750000,13.760000,13.560000,13.560000,7.892396,63500
2013-12-10,13.530000,13.930000,13.420000,13.790000,8.026262,143700
2013-12-11,14.000000,14.000000,13.750000,13.950000,8.119388,65800
2013-12-12,14.000000,14.040000,13.960000,14.020000,8.160130,83400
2013-12-13,14.180000,14.310000,14.030000,14.230000,8.282354,60700
2013-12-16,14.110000,14.490000,14.110000,14.410000,8.387125,89600
2013-12-17,14.530000,14.530000,14.360000,14.490000,8.433684,147700
2013-12-18,14.800000,14.800000,14.500000,14.550000,8.468606,58700
2013-12-19,14.760000,14.760000,14.500000,14.500000,8.439510,69000
2013-12-20,14.500000,14.600000,14.450000,14.450000,8.410401,94900
2013-12-23,14.580000,14.730000,14.440000,14.490000,8.433684,89800
2013-12-24,14.780000,14.780000,14.260000,14.590000,8.491893,59000
2013-12-26,14.670000,14.670000,14.290000,14.350000,8.352206,36100
2013-12-27,14.260000,14.260000,13.950000,14.090000,8.241073,82600
2013-12-30,14.350000,14.350000,14.100000,14.230000,8.322953,89600
2013-12-31,14.150000,14.200000,13.950000,14.040000,8.211829,150800
2014-01-02,14.040000,14.250000,14.040000,14.080000,8.235224,102600
2014-01-03,14.070000,14.500000,14.000000,14.370000,8.404843,79200
2014-01-06,14.480000,14.500000,14.400000,14.460000,8.457480,27400
2014-01-07,14.490000,14.490000,14.310000,14.390000,8.416540,80400
2014-01-08,14.320000,14.320000,14.150000,14.150000,8.276165,51000
2014-01-09,14.170000,14.270000,14.120000,14.120000,8.258616,55800
2014-01-10,14.160000,14.240000,14.140000,14.210000,8.311258,88100
2014-01-13,14.220000,14.240000,14.110000,14.190000,8.299564,96300
2014-01-14,14.140000,14.200000,14.100000,14.190000,8.299564,23500
2014-01-15,14.230000,14.350000,14.200000,14.330000,8.381448,51400
2014-01-16,14.270000,14.400000,14.240000,14.340000,8.387295,49900
2014-01-17,14.320000,14.400000,14.260000,14.330000,8.381448,54200
2014-01-21,14.330000,14.460000,14.300000,14.360000,8.398993,66000
2014-01-22,14.320000,14.440000,14.300000,14.440000,8.445786,52800
2014-01-23,14.460000,14.550000,14.240000,14.300000,8.363900,72800
2014-01-24,14.310000,14.400000,14.240000,14.250000,8.334657,72400
2014-01-27,14.350000,14.430000,14.300000,14.300000,8.363900,92200
2014-01-28,14.270000,14.370000,14.240000,14.370000,8.404843,25800
2014-01-29,14.330000,14.490000,14.270000,14.490000,8.516515,28100
2014-01-30,14.520000,14.560000,14.460000,14.560000,8.557661,56100
2014-01-31,14.560000,14.560000,14.400000,14.460000,8.498880,24700
2014-02-03,14.440000,14.480000,14.320000,14.350000,8.434229,29600
2014-02-04,14.440000,14.440000,14.150000,14.150000,8.316685,46900
2014-02-05,14.160000,14.300000,14.110000,14.110000,8.293170,81300
2014-02-06,14.150000,14.230000,14.130000,14.160000,8.322556,59100
2014-02-07,14.210000,14.340000,14.160000,14.300000,8.404841,22300
2014-02-10,14.360000,14.680000,14.350000,14.570000,8.563531,110600
2014-02-11,14.650000,14.650000,14.500000,14.580000,8.569415,35400
2014-02-12,14.620000,14.730000,14.550000,14.710000,8.645823,84000
2014-02-13,14.830000,14.900000,14.640000,14.660000,8.616431,102200
2014-02-14,14.660000,14.810000,14.660000,14.810000,8.704599,22900
2014-02-18,14.770000,14.890000,14.720000,14.730000,8.657573,46300
2014-02-19,14.820000,14.980000,14.610000,14.610000,8.587037,45800
2014-02-20,14.740000,14.760000,14.670000,14.710000,8.645823,33500
2014-02-21,14.780000,14.800000,14.700000,14.700000,8.639942,29800
2014-02-24,14.680000,14.750000,14.610000,14.670000,8.622309,41700
2014-02-25,14.610000,14.650000,14.590000,14.630000,8.598803,63900
2014-02-26,14.550000,14.650000,14.540000,14.590000,8.616518,28200
2014-02-27,14.610000,14.610000,14.520000,14.530000,8.581079,24600
2014-02-28,14.500000,14.590000,14.450000,14.450000,8.533838,30400
2014-03-03,14.460000,14.640000,14.460000,14.570000,8.604706,39700
2014-03-04,14.590000,14.750000,14.550000,14.600000,8.622426,50400
2014-03-05,14.580000,14.630000,14.520000,14.590000,8.616518,47000
2014-03-06,14.590000,14.610000,14.450000,14.450000,8.533838,47400
2014-03-07,14.500000,14.500000,14.340000,14.380000,8.492496,37800
2014-03-10,14.440000,14.470000,14.390000,14.400000,8.504310,26300
2014-03-11,14.400000,14.410000,14.330000,14.340000,8.468872,21000
2014-03-12,14.360000,14.530000,14.340000,14.480000,8.551552,50500
2014-03-13,14.480000,14.580000,14.460000,14.550000,8.592895,33600
2014-03-14,14.550000,14.560000,14.440000,14.440000,8.527930,22900
2014-03-17,14.550000,14.580000,14.460000,14.460000,8.539743,39600
2014-03-18,14.520000,14.520000,14.410000,14.440000,8.527930,38400
2014-03-19,14.410000,14.580000,14.380000,14.380000,8.492496,49100
2014-03-20,14.380000,14.430000,14.310000,14.320000,8.457060,58500
2014-03-21,14.400000,14.450000,14.320000,14.350000,8.474775,20800
2014-03-24,14.430000,14.560000,14.390000,14.550000,8.592895,24000
2014-03-25,14.610000,14.610000,14.480000,14.550000,8.592895,23600
2014-03-26,14.610000,14.620000,14.550000,14.600000,8.622426,21400
2014-03-27,14.500000,14.600000,14.460000,14.600000,8.663964,25100
2014-03-28,14.580000,14.620000,14.500000,14.510000,8.610556,19600
2014-03-31,14.490000,14.500000,14.400000,14.490000,8.598683,25800
2014-04-01,14.460000,14.490000,14.420000,14.460000,8.580883,26000
2014-04-02,14.450000,14.470000,14.390000,14.420000,8.557148,26800
2014-04-03,14.450000,14.480000,14.400000,14.420000,8.557148,24300
2014-04-04,14.410000,14.520000,14.400000,14.430000,8.563085,35400
2014-04-07,14.470000,14.470000,14.390000,14.460000,8.580883,32000
2014-04-08,14.430000,14.460000,14.400000,14.400000,8.545282,35400
2014-04-09,14.460000,14.460000,14.390000,14.410000,8.551215,26800
2014-04-10,14.420000,14.480000,14.420000,14.460000,8.580883,23100
2014-04-11,14.460000,14.540000,14.460000,14.540000,8.628358,45100
2014-04-14,14.510000,14.520000,14.470000,14.490000,8.598683,26400
2014-04-15,14.530000,14.740000,14.510000,14.730000,8.741107,69200
2014-04-16,14.690000,14.790000,14.690000,14.790000,8.776711,70800
2014-04-17,14.740000,14.900000,14.740000,14.900000,8.841983,38100
2014-04-21,14.780000,14.910000,14.780000,14.910000,8.847919,29100
2014-04-22,14.860000,14.990000,14.860000,14.990000,8.895401,20200
2014-04-23,15.150000,15.150000,15.050000,15.130000,8.978478,47400
2014-04-24,15.130000,15.270000,15.060000,15.270000,9.061560,53200
2014-04-25,15.190000,15.430000,15.190000,15.340000,9.103094,32700
2014-04-28,15.220000,15.290000,15.130000,15.160000,9.037521,27800
2014-04-29,15.110000,15.170000,15.000000,15.010000,8.948098,40100
2014-04-30,15.110000,15.160000,14.990000,15.000000,8.942139,39800
2014-05-01,15.000000,15.180000,15.000000,15.140000,9.025594,20000
2014-05-02,15.120000,15.150000,15.040000,15.130000,9.019635,10600
2014-05-05,15.070000,15.190000,15.070000,15.130000,9.019635,28100
2014-05-06,15.160000,15.250000,15.140000,15.150000,9.031561,34000
2014-05-07,15.130000,15.330000,15.130000,15.330000,9.138860,22400
2014-05-08,15.250000,15.410000,15.200000,15.210000,9.067327,44100
2014-05-09,15.270000,15.300000,15.240000,15.240000,9.085214,10100
2014-05-12,15.300000,15.310000,15.240000,15.270000,9.103096,9500
2014-05-13,15.240000,15.370000,15.240000,15.320000,9.132900,16200
2014-05-14,15.350000,15.360000,15.270000,15.270000,9.103096,24200
2014-05-15,15.360000,15.390000,15.260000,15.290000,9.115014,36900
2014-05-16,15.290000,15.400000,15.290000,15.400000,9.180593,29600
2014-05-19,15.360000,15.660000,15.340000,15.350000,9.150794,26500
2014-05-20,15.340000,15.700000,15.320000,15.320000,9.132900,37300
2014-05-21,15.400000,15.520000,15.290000,15.360000,9.156748,44300
2014-05-22,15.360000,15.480000,15.360000,15.390000,9.174633,37800
2014-05-23,15.370000,15.450000,15.320000,15.320000,9.132900,45000
2014-05-27,15.330000,15.380000,15.300000,15.360000,9.156748,14400
2014-05-28,15.340000,15.470000,15.300000,15.470000,9.264544,47300
2014-05-29,15.420000,15.590000,15.370000,15.390000,9.216635,42000
2014-05-30,15.380000,15.400000,15.350000,15.370000,9.204659,10300
2014-06-02,15.420000,15.420000,15.300000,15.300000,9.162736,14500
2014-06-03,15.290000,15.310000,15.120000,15.130000,9.060928,24000
2014-06-04,15.080000,15.140000,14.990000,14.990000,8.977086,37700
2014-06-05,14.940000,15.040000,14.940000,15.000000,8.983075,65400
2014-06-06,15.010000,15.220000,15.010000,15.180000,9.090869,38400
2014-06-09,15.120000,15.230000,15.060000,15.060000,9.019010,34200
2014-06-10,15.050000,15.110000,14.990000,14.990000,8.977086,23200
2014-06-11,14.990000,15.140000,14.990000,15.140000,9.066917,31400
2014-06-12,15.070000,15.120000,15.070000,15.120000,9.054942,26000
2014-06-13,15.050000,15.130000,15.010000,15.100000,9.042959,34800
2014-06-16,15.140000,15.250000,15.070000,15.070000,9.024995,35400
2014-06-17,15.030000,15.060000,14.970000,15.040000,9.007030,23900
2014-06-18,14.960000,15.110000,14.960000,15.100000,9.042959,29300
2014-06-19,15.140000,15.180000,15.060000,15.130000,9.060928,37500
2014-06-20,15.060000,15.300000,15.060000,15.300000,9.162736,17700
2014-06-23,15.300000,15.380000,15.210000,15.300000,9.162736,25800
2014-06-24,15.260000,15.390000,15.180000,15.200000,9.102846,43200
2014-06-25,15.200000,15.340000,15.200000,15.340000,9.186694,14000
2014-06-26,15.240000,15.340000,15.210000,15.330000,9.222791,27200
2014-06-27,15.290000,15.450000,15.290000,15.440000,9.288968,45800
2014-06-30,15.400000,15.470000,15.350000,15.400000,9.264899,33800
2014-07-01,15.360000,15.400000,15.300000,15.330000,9.222791,42400
2014-07-02,15.290000,15.300000,15.120000,15.150000,9.114497,28400
2014-07-03,15.120000,15.120000,15.040000,15.060000,9.060355,16100
2014-07-07,15.050000,15.150000,14.950000,14.950000,8.994174,62800
2014-07-08,15.020000,15.050000,14.930000,14.990000,9.018237,46400
2014-07-09,14.950000,15.030000,14.940000,15.000000,9.024259,21600
2014-07-10,15.000000,15.020000,14.940000,14.990000,9.018237,44700
2014-07-11,14.970000,15.110000,14.960000,15.060000,9.060355,32400
2014-07-14,15.120000,15.150000,15.060000,15.130000,9.102464,23700
2014-07-15,15.140000,15.240000,15.070000,15.170000,9.126526,57700
2014-07-16,15.120000,15.250000,15.120000,15.200000,9.144584,24800
2014-07-17,15.230000,15.300000,14.920000,15.040000,9.048314,50300
2014-07-18,15.010000,15.170000,14.990000,15.170000,9.126526,22300
2014-07-21,15.140000,15.300000,15.140000,15.240000,9.168641,15400
2014-07-22,15.250000,15.280000,15.240000,15.280000,9.192709,18400
2014-07-23,15.230000,15.320000,15.230000,15.320000,9.216773,35700
2014-07-24,15.320000,15.320000,15.240000,15.290000,9.198725,19200
2014-07-25,15.250000,15.390000,15.250000,15.280000,9.192709,28900
2014-07-28,15.250000,15.300000,15.000000,15.060000,9.060355,60400
2014-07-29,15.040000,15.090000,14.940000,15.000000,9.066399,57600
2014-07-30,14.990000,15.010000,14.990000,15.000000,9.066399,36500
2014-07-31,14.910000,14.960000,14.860000,14.910000,9.011992,23500
2014-08-01,14.930000,14.980000,14.860000,14.960000,9.042219,46400
2014-08-04,14.910000,14.940000,14.900000,14.930000,9.024085,8000
2014-08-05,14.850000,14.900000,14.830000,14.830000,8.963650,21100
2014-08-06,14.840000,15.050000,14.730000,15.000000,9.066399,25400
2014-08-07,14.980000,15.040000,14.920000,15.040000,9.090573,17800
2014-08-08,15.000000,15.150000,15.000000,15.140000,9.151018,19000
2014-08-11,15.080000,15.150000,15.080000,15.110000,9.132885,12200
2014-08-12,15.110000,15.150000,14.930000,14.930000,9.024085,39800
2014-08-13,15.010000,15.010000,14.960000,15.000000,9.066399,17200
2014-08-14,14.970000,15.010000,14.910000,14.960000,9.042219,51300
2014-08-15,15.010000,15.010000,14.920000,14.930000,9.024085,36300
2014-08-18,14.920000,15.000000,14.920000,14.970000,9.048265,39500
2014-08-19,14.940000,15.030000,14.920000,14.980000,9.054310,36700
2014-08-20,14.950000,15.030000,14.950000,15.020000,9.078480,42200
2014-08-21,15.070000,15.100000,15.040000,15.040000,9.090573,34000
2014-08-22,15.030000,15.130000,14.950000,15.010000,9.072442,31900
2014-08-25,14.960000,15.000000,14.880000,14.880000,8.993865,42400
2014-08-26,14.880000,14.990000,14.880000,14.930000,9.024085,43200
2014-08-27,14.880000,14.950000,14.870000,14.880000,9.036236,42000
2014-08-28,14.900000,14.950000,14.890000,14.900000,9.048381,37800
2014-08-29,14.900000,14.960000,14.900000,14.910000,9.054448,37300
2014-09-02,14.870000,14.920000,14.870000,14.900000,9.048381,37000
2014-09-03,14.870000,14.940000,14.870000,14.910000,9.054448,37200
2014-09-04,14.870000,14.940000,14.860000,14.890000,9.042304,48000
2014-09-05,14.870000,14.910000,14.830000,14.850000,9.018016,44200
2014-09-08,14.850000,14.930000,14.830000,14.850000,9.018016,51100
2014-09-09,14.850000,14.940000,14.850000,14.900000,9.048381,40100
2014-09-10,14.830000,14.940000,14.830000,14.940000,9.072672,54700
2014-09-11,14.950000,15.040000,14.900000,15.040000,9.133398,47900
2014-09-12,15.010000,15.190000,14.970000,15.150000,9.200195,142700
2014-09-15,15.150000,15.200000,15.010000,15.040000,9.133398,72300
2014-09-16,14.960000,14.970000,14.890000,14.890000,9.042304,48200
2014-09-17,14.860000,14.930000,14.860000,14.890000,9.042304,33800
2014-09-18,14.870000,15.010000,14.870000,14.960000,9.084818,23300
2014-09-19,14.950000,15.060000,14.950000,15.060000,9.145544,25800
2014-09-22,15.020000,15.030000,14.960000,15.000000,9.109104,21300
2014-09-23,14.970000,15.050000,14.910000,14.970000,9.090888,47100
2014-09-24,14.980000,15.080000,14.980000,15.070000,9.151614,25300
2014-09-25,15.010000,15.140000,15.000000,15.110000,9.175907,51900
2014-09-26,15.030000,15.090000,15.030000,15.030000,9.169806,30600
2014-09-29,15.010000,15.100000,14.970000,14.980000,9.139297,39000
2014-09-30,14.970000,15.020000,14.880000,14.880000,9.078290,52100
2014-10-01,14.900000,15.040000,14.900000,14.930000,9.108794,47800
2014-10-02,14.900000,14.940000,14.770000,14.880000,9.078290,62500
2014-10-03,14.870000,15.070000,14.870000,15.010000,9.157601,31700
2014-10-06,14.980000,15.050000,14.980000,15.020000,9.163711,27000
2014-10-07,15.000000,15.100000,15.000000,15.100000,9.212515,25900
2014-10-08,15.100000,15.260000,15.100000,15.250000,9.304024,64400
2014-10-09,15.260000,15.340000,15.220000,15.310000,9.340631,57000
2014-10-10,15.310000,15.330000,15.250000,15.290000,9.328428,7600
2014-10-13,15.210000,15.300000,15.200000,15.290000,9.328428,27900
2014-10-14,15.260000,15.360000,15.240000,15.290000,9.328428,29300
2014-10-15,15.240000,15.560000,15.240000,15.560000,9.493158,79500
2014-10-16,15.540000,15.630000,15.430000,15.630000,9.535863,56400
2014-10-17,15.560000,15.620000,15.330000,15.330000,9.352834,45400
2014-10-20,15.330000,15.410000,15.310000,15.320000,9.346732,30900
2014-10-21,15.270000,15.340000,15.240000,15.340000,9.358934,21700
2014-10-22,15.280000,15.320000,15.210000,15.210000,9.279625,39900
2014-10-23,15.270000,15.300000,15.220000,15.220000,9.285723,62900
2014-10-24,15.200000,15.480000,15.200000,15.420000,9.407740,60500
2014-10-27,15.390000,15.470000,15.340000,15.340000,9.358934,39600
2014-10-28,15.340000,15.560000,15.340000,15.500000,9.456555,58600
2014-10-29,15.420000,15.500000,15.250000,15.280000,9.367659,36700
2014-10-30,15.310000,15.580000,15.240000,15.280000,9.367659,52600
2014-10-31,15.310000,15.450000,15.200000,15.420000,9.453485,42400
2014-11-03,15.350000,15.390000,15.290000,15.380000,9.428965,33000
2014-11-04,15.350000,15.430000,15.260000,15.380000,9.428965,36700
2014-11-05,15.340000,15.430000,15.280000,15.420000,9.453485,54900
2014-11-06,15.370000,15.430000,15.270000,15.420000,9.453485,38200
2014-11-07,15.360000,15.400000,15.260000,15.370000,9.422833,29200
2014-11-10,15.310000,15.360000,15.240000,15.350000,9.410573,37500
2014-11-11,15.290000,15.410000,15.240000,15.320000,9.392180,44500
2014-11-12,15.300000,15.350000,15.250000,15.320000,9.392180,29900
2014-11-13,15.360000,15.430000,15.320000,15.420000,9.453485,18700
2014-11-14,15.380000,15.480000,15.350000,15.400000,9.441227,25000
2014-11-17,15.430000,15.490000,15.360000,15.370000,9.422833,31300
2014-11-18,15.430000,15.490000,15.410000,15.490000,9.496399,30900
2014-11-19,15.480000,15.510000,15.400000,15.450000,9.471876,29100
2014-11-20,15.490000,15.490000,15.280000,15.310000,9.386051,27200
2014-11-21,15.330000,15.390000,15.260000,15.260000,9.355392,31200
2014-11-24,15.260000,15.410000,15.260000,15.290000,9.373783,45900
2014-11-25,15.210000,15.320000,15.210000,15.300000,9.426153,27600
2014-11-26,15.280000,15.310000,15.220000,15.240000,9.389191,31000
2014-11-28,15.250000,15.320000,15.250000,15.280000,9.413835,9300
2014-12-01,15.280000,15.360000,15.210000,15.230000,9.383028,30700
2014-12-02,15.210000,15.380000,15.210000,15.370000,9.469282,31000
2014-12-03,15.300000,15.520000,15.280000,15.520000,9.561694,44100
2014-12-04,15.540000,15.600000,15.520000,15.600000,9.610983,29400
2014-12-05,15.540000,15.660000,15.540000,15.600000,9.610983,24400
2014-12-08,15.570000,15.670000,15.510000,15.670000,9.654106,31000
2014-12-09,15.680000,15.710000,15.600000,15.670000,9.654106,40700
2014-12-10,15.740000,15.940000,15.720000,15.890000,9.789646,54000
2014-12-11,15.730000,15.740000,15.480000,15.480000,9.537055,57600
2014-12-12,15.460000,15.700000,15.460000,15.640000,9.635625,55700
2014-12-15,15.740000,15.790000,15.460000,15.470000,9.530883,41200
2014-12-16,15.430000,15.840000,15.430000,15.840000,9.758842,60900
2014-12-17,15.740000,15.820000,15.630000,15.770000,9.715718,38900
2014-12-18,15.820000,15.820000,15.620000,15.620000,9.623302,24500
2014-12-19,15.600000,15.830000,15.500000,15.810000,9.740360,37200
2014-12-22,16.049999,16.080000,15.780000,16.080000,9.906705,33500
2014-12-23,16.200001,16.200001,15.420000,15.420000,9.500084,106100
2014-12-24,15.520000,15.660000,15.510000,15.660000,9.647946,18200
2014-12-26,15.610000,15.680000,15.570000,15.680000,9.660270,11900
2014-12-29,15.590000,15.590000,15.420000,15.530000,9.613843,22600
2014-12-30,15.490000,15.560000,15.460000,15.550000,9.626219,27400
2014-12-31,15.590000,15.670000,15.560000,15.620000,9.669549,49300
2015-01-02,15.570000,15.640000,15.520000,15.520000,9.607650,26800
2015-01-05,15.460000,15.590000,15.390000,15.550000,9.626219,80700
2015-01-06,15.640000,15.720000,15.580000,15.640000,9.681933,42600
2015-01-07,15.720000,15.780000,15.660000,15.720000,9.731459,43000
2015-01-08,15.680000,15.750000,15.670000,15.670000,9.700504,39100
2015-01-09,15.700000,15.730000,15.620000,15.690000,9.712887,57500
2015-01-12,15.710000,15.740000,15.650000,15.670000,9.700504,51000
2015-01-13,15.630000,15.730000,15.620000,15.720000,9.731459,55300
2015-01-14,15.780000,15.820000,15.710000,15.810000,9.787175,50200
2015-01-15,15.880000,16.080000,15.860000,16.020000,9.917178,76900
2015-01-16,16.000000,16.010000,15.910000,15.920000,9.855272,27000
2015-01-20,15.970000,15.970000,15.790000,15.790000,9.774794,40700
2015-01-21,15.870000,15.900000,15.770000,15.820000,9.793365,38200
2015-01-22,15.870000,15.910000,15.790000,15.910000,9.849077,26000
2015-01-23,15.940000,16.000000,15.900000,15.970000,9.886220,48800
2015-01-26,15.970000,16.020000,15.960000,16.000000,9.904797,25600
2015-01-27,16.020000,16.059999,15.980000,16.049999,9.935739,40500
2015-01-28,16.030001,16.290001,16.020000,16.190001,10.069468,46500
2015-01-29,16.129999,16.200001,16.120001,16.129999,10.032147,23400
2015-01-30,16.059999,16.160000,16.059999,16.100000,10.013490,135500
2015-02-02,16.110001,16.160000,15.910000,16.059999,9.988612,145600
2015-02-03,16.040001,16.129999,15.990000,16.100000,10.013490,76300
2015-02-04,16.090000,16.150000,16.000000,16.090000,10.007272,30800
2015-02-05,16.110001,16.110001,15.930000,15.970000,9.932639,46700
2015-02-06,15.950000,15.950000,15.810000,15.810000,9.833119,18500
2015-02-09,15.870000,15.910000,15.740000,15.760000,9.802023,42800
2015-02-10,15.760000,15.790000,15.660000,15.660000,9.739830,36400
2015-02-11,15.710000,15.710000,15.520000,15.560000,9.677632,58600
2015-02-12,15.590000,15.600000,15.530000,15.560000,9.677632,47400
2015-02-13,15.590000,15.590000,15.440000,15.440000,9.602996,35300
2015-02-17,15.490000,15.490000,15.120000,15.170000,9.435073,104700
2015-02-18,15.220000,15.380000,15.170000,15.280000,9.503486,145200
2015-02-19,15.330000,15.450000,15.300000,15.330000,9.534582,51400
2015-02-20,15.380000,15.470000,15.370000,15.370000,9.559463,57300
2015-02-23,15.440000,15.460000,15.320000,15.350000,9.547022,66000
2015-02-24,15.400000,15.450000,15.320000,15.450000,9.609217,38000
2015-02-25,15.430000,15.540000,15.380000,15.500000,9.687346,53000
2015-02-26,15.500000,15.500000,15.330000,15.340000,9.587341,21800
2015-02-27,15.390000,15.550000,15.390000,15.550000,9.718594,20100
2015-03-02,15.490000,15.560000,15.490000,15.510000,9.693594,25100
2015-03-03,15.540000,15.640000,15.500000,15.630000,9.768593,29000
2015-03-04,15.660000,15.690000,15.560000,15.590000,9.743591,30500
2015-03-05,15.620000,15.670000,15.570000,15.670000,9.793589,17300
2015-03-06,15.630000,15.630000,15.340000,15.390000,9.618598,23200
2015-03-09,15.450000,15.500000,15.390000,15.450000,9.656094,24700
2015-03-10,15.420000,15.550000,15.310000,15.330000,9.581096,75000
2015-03-11,15.380000,15.390000,15.360000,15.380000,9.612346,15500
2015-03-12,15.410000,15.550000,15.410000,15.470000,9.668591,19800
2015-03-13,15.510000,15.540000,15.410000,15.490000,9.681089,22800
2015-03-16,15.500000,15.550000,15.440000,15.520000,9.699839,28700
2015-03-17,15.500000,15.510000,15.430000,15.450000,9.656094,41300
2015-03-18,15.500000,15.500000,15.310000,15.450000,9.656094,22400
2015-03-19,15.490000,15.490000,15.350000,15.470000,9.668591,51300
2015-03-20,15.500000,15.650000,15.480000,15.610000,9.756091,20600
2015-03-23,15.590000,15.620000,15.530000,15.620000,9.762342,21800
2015-03-24,15.670000,15.670000,15.500000,15.550000,9.718594,28800
2015-03-25,15.520000,15.550000,15.500000,15.510000,9.693594,20800
2015-03-26,15.460000,15.520000,15.460000,15.480000,9.674846,20800
2015-03-27,15.440000,15.490000,15.420000,15.480000,9.721946,10800
2015-03-30,15.470000,15.470000,15.390000,15.420000,9.684263,25200
2015-03-31,15.410000,15.550000,15.400000,15.550000,9.765904,38200
2015-04-01,15.530000,15.580000,15.450000,15.500000,9.734508,66100
2015-04-02,15.500000,15.500000,15.370000,15.370000,9.652864,30600
2015-04-06,15.470000,15.530000,15.450000,15.470000,9.715662,21600
2015-04-07,15.460000,15.650000,15.460000,15.580000,9.784748,29200
2015-04-08,15.560000,15.700000,15.550000,15.630000,9.816153,59400
2015-04-09,15.660000,15.660000,15.570000,15.580000,9.784748,24500
2015-04-10,15.630000,15.670000,15.570000,15.570000,9.778465,25800
2015-04-13,15.570000,15.620000,15.510000,15.520000,9.747067,35700
2015-04-14,15.530000,15.620000,15.470000,15.590000,9.791028,40600
2015-04-15,15.610000,15.800000,15.560000,15.710000,9.866388,74300
2015-04-16,15.660000,15.750000,15.580000,15.580000,9.784748,35500
2015-04-17,15.600000,15.740000,15.570000,15.660000,9.834991,32700
2015-04-20,15.730000,15.840000,15.680000,15.770000,9.904070,30400
2015-04-21,15.720000,15.800000,15.690000,15.730000,9.878952,29500
2015-04-22,15.780000,15.780000,15.630000,15.670000,9.841271,39200
2015-04-23,15.650000,15.790000,15.650000,15.730000,9.878952,35900
2015-04-24,15.700000,15.810000,15.670000,15.770000,9.904070,36600
2015-04-27,15.820000,15.820000,15.680000,15.720000,9.872671,21300
2015-04-28,15.590000,15.730000,15.550000,15.730000,9.926313,31800
2015-04-29,15.610000,15.870000,15.610000,15.850000,10.002035,41200
2015-04-30,15.820000,15.820000,15.610000,15.630000,9.863205,29100
2015-05-01,15.630000,15.660000,15.480000,15.480000,9.768549,26700
2015-05-04,15.480000,15.590000,15.380000,15.390000,9.711756,44000
2015-05-05,15.390000,15.480000,15.380000,15.410000,9.724380,45500
2015-05-06,15.350000,15.370000,15.220000,15.260000,9.629725,27100
2015-05-07,15.220000,15.280000,15.180000,15.190000,9.585550,38700
2015-05-08,15.260000,15.260000,15.120000,15.150000,9.560307,31600
2015-05-11,15.130000,15.180000,15.060000,15.080000,9.516134,34500
2015-05-12,15.090000,15.130000,14.980000,15.130000,9.547686,42300
2015-05-13,15.150000,15.150000,15.000000,15.050000,9.497201,45700
2015-05-14,15.110000,15.180000,15.000000,15.180000,9.579242,28600
2015-05-15,15.170000,15.370000,15.160000,15.370000,9.699134,50400
2015-05-18,15.300000,15.350000,15.260000,15.310000,9.661275,29300
2015-05-19,15.200000,15.320000,15.200000,15.280000,9.642345,53200
2015-05-20,15.200000,15.240000,15.150000,15.200000,9.591851,9900
2015-05-21,15.240000,15.390000,15.160000,15.340000,9.680204,33900
2015-05-22,15.290000,15.290000,15.180000,15.200000,9.591851,34000
2015-05-26,15.240000,15.250000,15.170000,15.250000,9.623409,19000
2015-05-27,15.140000,15.230000,15.110000,15.150000,9.607559,30600
2015-05-28,15.150000,15.160000,15.090000,15.160000,9.613897,11900
2015-05-29,15.130000,15.250000,15.060000,15.230000,9.658287,37300
2015-06-01,15.150000,15.210000,15.150000,15.150000,9.607559,26600
2015-06-02,15.160000,15.230000,15.090000,15.230000,9.658287,34100
2015-06-03,15.190000,15.200000,15.120000,15.140000,9.601215,43100
2015-06-04,15.140000,15.180000,14.940000,14.990000,9.506090,36700
2015-06-05,14.930000,14.960000,14.770000,14.950000,9.480723,40900
2015-06-08,14.890000,14.890000,14.700000,14.740000,9.347551,43700
2015-06-09,14.690000,14.700000,14.520000,14.700000,9.322182,67500
2015-06-10,14.640000,14.840000,14.640000,14.800000,9.385602,75400
2015-06-11,14.850000,14.910000,14.850000,14.890000,9.442672,17400
2015-06-12,14.890000,14.990000,14.820000,14.890000,9.442672,27500
2015-06-15,14.940000,14.970000,14.820000,14.830000,9.404624,28000
2015-06-16,14.860000,14.940000,14.850000,14.870000,9.429993,17900
2015-06-17,14.900000,14.960000,14.840000,14.920000,9.461701,27300
2015-06-18,14.930000,15.060000,14.930000,14.990000,9.506090,28300
2015-06-19,14.980000,15.150000,14.980000,15.140000,9.601215,24200
2015-06-22,15.080000,15.140000,15.020000,15.040000,9.537797,19200
2015-06-23,15.040000,15.120000,14.980000,15.100000,9.575852,29400
2015-06-24,15.130000,15.220000,15.050000,15.210000,9.645606,32700
2015-06-25,15.160000,15.250000,15.060000,15.060000,9.550482,27200
2015-06-26,14.980000,15.010000,14.900000,14.900000,9.496308,22400
2015-06-29,14.900000,14.980000,14.900000,14.910000,9.502679,23300
2015-06-30,14.970000,14.970000,14.900000,14.900000,9.496308,32100
2015-07-01,14.900000,15.010000,14.880000,14.920000,9.509059,32900
2015-07-02,14.970000,14.980000,14.890000,14.900000,9.496308,23600
2015-07-06,14.840000,14.940000,14.830000,14.830000,9.451695,25200
2015-07-07,14.900000,15.150000,14.900000,15.120000,9.636522,34500
2015-07-08,15.100000,15.280000,15.100000,15.280000,9.738497,12700
2015-07-09,15.200000,15.300000,15.000000,15.100000,9.623781,51700
2015-07-10,15.070000,15.080000,14.950000,15.080000,9.611030,14100
2015-07-13,14.970000,15.060000,14.930000,14.980000,9.547295,19200
2015-07-14,15.010000,15.020000,14.960000,15.020000,9.572790,26100
2015-07-15,15.030000,15.070000,14.910000,14.990000,9.553668,51900
2015-07-16,15.080000,15.170000,14.960000,15.040000,9.585534,91000
2015-07-17,15.040000,15.040000,14.970000,14.970000,9.540923,3500
2015-07-20,14.960000,15.000000,14.960000,14.970000,9.540923,18100
2015-07-21,14.960000,15.110000,14.960000,15.050000,9.591907,49600
2015-07-22,15.000000,15.120000,14.910000,15.060000,9.598282,37500
2015-07-23,15.130000,15.200000,14.910000,14.970000,9.540923,50200
2015-07-24,14.940000,15.020000,14.940000,15.020000,9.572790,30900
2015-07-27,14.980000,15.050000,14.980000,15.000000,9.560045,22100
2015-07-28,15.000000,15.090000,14.990000,15.070000,9.604654,12800
2015-07-29,14.950000,15.060000,14.950000,14.980000,9.595047,15800
2015-07-30,15.020000,15.080000,14.980000,15.050000,9.639883,11500
2015-07-31,15.030000,15.060000,14.890000,14.930000,9.563021,38500
2015-08-03,14.900000,15.060000,14.900000,15.060000,9.646289,44700
2015-08-04,15.060000,15.160000,15.020000,15.090000,9.665502,31600
2015-08-05,15.130000,15.130000,15.000000,15.020000,9.620670,35400
2015-08-06,15.050000,15.060000,15.000000,15.060000,9.646289,3700
2015-08-07,15.010000,15.010000,14.980000,14.980000,9.595047,5800
2015-08-10,14.970000,15.080000,14.970000,15.000000,9.607856,18300
2015-08-11,14.980000,15.160000,14.980000,15.120000,9.684720,39000
2015-08-12,15.180000,15.370000,15.180000,15.360000,9.838446,66500
2015-08-13,15.370000,15.470000,15.270000,15.380000,9.851257,27200
2015-08-14,15.370000,15.430000,15.260000,15.340000,9.825634,12900
2015-08-17,15.380000,15.480000,15.290000,15.340000,9.825634,27400
2015-08-18,15.270000,15.350000,15.210000,15.290000,9.793612,14700
2015-08-19,15.320000,15.410000,15.260000,15.400000,9.864066,38100
2015-08-20,15.380000,15.400000,15.220000,15.360000,9.838446,40300
2015-08-21,15.320000,15.480000,15.250000,15.390000,9.857664,32000
2015-08-24,15.200000,15.250000,15.050000,15.070000,9.652692,48200
2015-08-25,15.110000,15.200000,15.090000,15.180000,9.723151,12300
2015-08-26,15.100000,15.180000,14.990000,15.030000,9.627075,35900
2015-08-27,14.960000,15.130000,14.840000,15.010000,9.662481,94400
2015-08-28,14.960000,15.160000,14.960000,15.100000,9.720416,22400
2015-08-31,15.040000,15.050000,14.940000,14.950000,9.623857,17500
2015-09-01,14.950000,15.040000,14.900000,15.000000,9.656042,43300
2015-09-02,14.980000,15.050000,14.920000,14.980000,9.643168,30900
2015-09-03,15.040000,15.100000,15.020000,15.100000,9.720416,13500
2015-09-04,15.100000,15.220000,15.030000,15.180000,9.771913,50700
2015-09-08,15.210000,15.210000,15.120000,15.210000,9.791226,13400
2015-09-09,15.240000,15.350000,15.120000,15.310000,9.855598,52000
2015-09-10,15.300000,15.300000,15.160000,15.210000,9.791226,15600
2015-09-11,15.320000,15.320000,15.110000,15.260000,9.823412,44400
2015-09-14,15.270000,15.280000,15.100000,15.270000,9.829848,30800
2015-09-15,15.250000,15.270000,15.100000,15.230000,9.804096,37100
2015-09-16,15.220000,15.380000,15.190000,15.350000,9.881351,32700
2015-09-17,15.400000,15.450000,15.310000,15.430000,9.932850,32000
2015-09-18,15.370000,15.990000,15.280000,15.550000,10.010099,50400
2015-09-21,15.550000,15.550000,15.450000,15.520000,9.990785,19000
2015-09-22,15.520000,15.590000,15.460000,15.590000,10.035847,38300
2015-09-23,15.550000,15.650000,15.430000,15.520000,9.990785,43000
2015-09-24,15.470000,15.580000,15.320000,15.330000,9.868473,34200
2015-09-25,15.390000,15.450000,15.350000,15.410000,9.919974,9900
2015-09-28,15.360000,15.360000,15.270000,15.360000,9.936148,10400
2015-09-29,15.400000,15.480000,15.290000,15.390000,9.955551,42800
2015-09-30,15.360000,15.500000,15.240000,15.240000,9.858516,41100
2015-10-01,15.320000,15.450000,15.310000,15.450000,9.994362,13500
2015-10-02,15.430000,15.550000,15.430000,15.550000,10.059053,24200
2015-10-05,15.450000,15.550000,15.440000,15.470000,10.007297,9600
2015-10-06,15.460000,15.570000,15.410000,15.570000,10.071991,21000
2015-10-07,15.600000,15.780000,15.540000,15.540000,10.052585,24300
2015-10-08,15.550000,15.660000,15.460000,15.520000,10.039649,17100
2015-10-09,15.480000,15.550000,15.460000,15.490000,10.020238,26000
2015-10-12,15.550000,15.640000,15.380000,15.450000,9.994362,14300
2015-10-13,15.440000,15.590000,15.320000,15.460000,10.000831,28900
2015-10-14,15.490000,15.630000,15.490000,15.560000,10.065522,15500
2015-10-15,15.640000,15.700000,15.570000,15.590000,10.084931,35400
2015-10-16,15.620000,15.850000,15.530000,15.650000,10.123742,53800
2015-10-19,15.530000,15.570000,15.380000,15.380000,9.949084,24600
2015-10-20,15.350000,15.460000,15.350000,15.460000,10.000831,26700
2015-10-21,15.420000,15.590000,15.420000,15.590000,10.084931,27100
2015-10-22,15.620000,15.710000,15.570000,15.680000,10.143148,20100
2015-10-23,15.630000,15.930000,15.600000,15.890000,10.278996,17700
2015-10-26,15.770000,15.810000,15.570000,15.580000,10.078460,30300
2015-10-27,15.670000,15.670000,15.470000,15.530000,10.046116,32800
2015-10-28,15.480000,15.550000,15.410000,15.500000,10.075366,17200
2015-10-29,15.440000,15.540000,15.410000,15.530000,10.094870,19300
2015-10-30,15.530000,15.530000,15.430000,15.530000,10.094870,13600
2015-11-02,15.550000,15.700000,15.500000,15.700000,10.205375,26200
2015-11-03,15.620000,15.770000,15.530000,15.730000,10.224875,25600
2015-11-04,15.750000,15.750000,15.520000,15.680000,10.192372,17200
2015-11-05,15.720000,15.770000,15.630000,15.750000,10.237874,25400
2015-11-06,15.690000,15.690000,15.510000,15.590000,10.133867,28500
2015-11-09,15.550000,15.550000,15.240000,15.260000,9.919362,43700
2015-11-10,15.290000,15.590000,15.290000,15.470000,10.055861,20700
2015-11-11,15.500000,15.500000,15.350000,15.370000,9.990864,8200
2015-11-12,15.370000,15.470000,15.290000,15.410000,10.016865,39600
2015-11-13,15.340000,15.520000,15.320000,15.520000,10.088367,22600
2015-11-16,15.520000,15.750000,15.520000,15.750000,10.237874,27000
2015-11-17,15.700000,15.750000,15.570000,15.570000,10.120868,28200
2015-11-18,15.610000,15.610000,15.570000,15.600000,10.140368,9200
2015-11-19,15.580000,15.750000,15.560000,15.680000,10.192372,18900
2015-11-20,15.640000,15.680000,15.640000,15.660000,10.179370,12200
2015-11-23,15.660000,15.790000,15.570000,15.670000,10.185872,36100
2015-11-24,15.700000,15.760000,15.610000,15.710000,10.211871,32500
2015-11-25,15.600000,15.660000,15.520000,15.540000,10.149822,20900
2015-11-27,15.530000,15.610000,15.530000,15.550000,10.156355,5300
2015-11-30,15.560000,15.610000,15.310000,15.340000,10.019195,61900
2015-12-01,15.300000,15.440000,15.300000,15.350000,10.025728,73600
2015-12-02,15.340000,15.390000,15.270000,15.280000,9.980012,44000
2015-12-03,15.300000,15.330000,15.050000,15.150000,9.895097,73500
2015-12-04,15.130000,15.250000,15.120000,15.160000,9.901628,34800
2015-12-07,15.160000,15.220000,15.000000,15.050000,9.829782,68900
2015-12-08,15.030000,15.240000,15.030000,15.240000,9.953876,25200
2015-12-09,15.190000,15.310000,15.190000,15.310000,9.999599,16400
2015-12-10,15.330000,15.570000,15.230000,15.440000,10.084511,75700
2015-12-11,15.360000,15.550000,15.350000,15.450000,10.091044,68200
2015-12-14,15.350000,15.440000,15.150000,15.170000,9.908159,35000
2015-12-15,15.230000,15.350000,15.130000,15.280000,9.980012,33700
2015-12-16,15.250000,15.610000,15.210000,15.510000,10.130229,116800
2015-12-17,15.570000,15.650000,15.470000,15.560000,10.162889,43000
2015-12-18,15.620000,15.650000,15.480000,15.480000,10.110635,27100
2015-12-21,15.540000,15.590000,15.460000,15.460000,10.097571,26000
2015-12-22,15.460000,15.720000,15.450000,15.580000,10.175949,37800
2015-12-23,15.670000,15.670000,15.460000,15.660000,10.228199,43300
2015-12-24,15.660000,15.720000,15.570000,15.650000,10.221670,31600
2015-12-28,15.580000,15.670000,15.580000,15.590000,10.182476,13700
2015-12-29,15.540000,15.650000,15.520000,15.550000,10.205450,28900
2015-12-30,15.500000,15.660000,15.500000,15.650000,10.271081,25400
2015-12-31,15.690000,15.760000,15.670000,15.720000,10.317022,9400
2016-01-04,15.680000,15.830000,15.550000,15.740000,10.330148,48900
2016-01-05,15.800000,15.980000,15.700000,15.910000,10.441720,65900
2016-01-06,15.860000,15.920000,15.730000,15.900000,10.435155,33300
2016-01-07,15.870000,16.110001,15.870000,15.910000,10.441720,12900
2016-01-08,15.940000,15.940000,15.840000,15.840000,10.395776,26500
2016-01-11,15.880000,15.930000,15.720000,15.820000,10.382650,35300
2016-01-12,15.880000,15.950000,15.760000,15.950000,10.467974,34900
2016-01-13,15.960000,16.150000,15.860000,15.930000,10.454845,31200
2016-01-14,15.970000,16.000000,15.890000,16.000000,10.500788,21100
2016-01-15,16.000000,16.879999,15.830000,15.840000,10.395776,66500
2016-01-19,15.860000,16.059999,15.860000,15.970000,10.481101,41400
2016-01-20,15.870000,15.880000,15.600000,15.790000,10.362966,37700
2016-01-21,15.790000,15.840000,15.790000,15.830000,10.389212,22800
2016-01-22,15.840000,16.000000,15.840000,15.990000,10.494224,28500
2016-01-25,15.970000,15.970000,15.880000,15.880000,10.422029,19100
2016-01-26,15.960000,15.960000,15.870000,15.900000,10.435155,41800
2016-01-27,15.840000,15.870000,15.710000,15.710000,10.359324,40100
2016-01-28,15.710000,15.880000,15.710000,15.850000,10.451641,22400
2016-01-29,15.910000,16.049999,15.910000,16.010000,10.557152,15400
2016-02-01,15.950000,16.139999,15.950000,16.040001,10.576932,33300
2016-02-02,16.129999,16.150000,16.059999,16.059999,10.590118,29200
2016-02-03,16.120001,16.139999,16.049999,16.139999,10.642875,22600
2016-02-04,16.090000,16.190001,16.080000,16.170000,10.662651,48500
2016-02-05,16.190001,16.250000,16.170000,16.250000,10.715407,15300
2016-02-08,16.250000,16.280001,16.049999,16.190001,10.675841,31100
2016-02-09,16.100000,16.270000,16.100000,16.230000,10.702217,28600
2016-02-10,16.340000,16.370001,16.240000,16.270000,10.728591,45500
2016-02-11,16.350000,16.379999,16.209999,16.280001,10.735183,25000
2016-02-12,16.340000,16.370001,16.090000,16.180000,10.669249,26600
2016-02-16,16.190001,16.190001,15.960000,16.049999,10.583521,47800
2016-02-17,15.990000,16.139999,15.990000,16.100000,10.616494,15700
2016-02-18,16.070000,16.190001,16.070000,16.190001,10.675841,46100
2016-02-19,16.230000,16.309999,16.160000,16.299999,10.748375,47100
2016-02-22,16.320000,16.320000,16.180000,16.180000,10.669249,24600
2016-02-23,16.160000,16.420000,16.139999,16.370001,10.794533,25200
2016-02-24,16.389999,16.440001,16.290001,16.370001,10.794533,29300
2016-02-25,16.309999,16.430000,16.280001,16.379999,10.850843,50900
2016-02-26,16.360001,16.360001,16.230000,16.309999,10.804470,19200
2016-02-29,16.290001,16.370001,16.260000,16.370001,10.844221,35800
2016-03-01,16.350000,16.430000,16.080000,16.180000,10.718350,74400
2016-03-02,16.180000,16.240000,16.129999,16.160000,10.705105,34900
2016-03-03,16.120001,16.139999,16.020000,16.139999,10.691856,55300
2016-03-04,16.139999,16.160000,16.040001,16.129999,10.685230,32500
2016-03-07,16.100000,16.139999,16.049999,16.080000,10.652109,31200
2016-03-08,16.080000,16.209999,16.080000,16.180000,10.718350,35500
2016-03-09,16.209999,16.290001,16.180000,16.219999,10.744850,24200
2016-03-10,16.280001,16.280001,16.160000,16.170000,10.711726,16700
2016-03-11,16.299999,16.299999,16.170000,16.170000,10.711726,21900
2016-03-14,16.170000,16.270000,16.170000,16.270000,10.777971,15100
2016-03-15,16.280001,16.280001,16.190001,16.230000,10.751476,30400
2016-03-16,16.290001,16.330000,16.219999,16.330000,10.817722,17800
2016-03-17,16.350000,16.400000,16.299999,16.379999,10.850843,16000
2016-03-18,16.350000,16.440001,16.350000,16.360001,10.837590,12700
2016-03-21,16.410000,16.410000,16.299999,16.370001,10.844221,17400
2016-03-22,16.389999,16.410000,16.309999,16.350000,10.830967,16500
2016-03-23,16.400000,16.410000,16.309999,16.320000,10.811098,18900
2016-03-24,16.360001,16.410000,16.290001,16.290001,10.791224,26200
2016-03-28,16.280001,16.309999,16.160000,16.200001,10.731605,41000
2016-03-29,16.150000,16.200001,16.110001,16.150000,10.748237,36200
2016-03-30,16.200001,16.240000,16.110001,16.139999,10.741585,30200
2016-03-31,16.209999,16.260000,16.139999,16.209999,10.788169,48400
2016-04-01,16.170000,16.209999,16.100000,16.110001,10.721619,47200
2016-04-04,16.110001,16.200001,16.100000,16.170000,10.761548,39800
2016-04-05,16.180000,16.270000,16.170000,16.270000,10.828103,34400
2016-04-06,16.299999,16.389999,16.260000,16.340000,10.874688,53600
2016-04-07,16.360001,16.459999,16.280001,16.459999,10.954551,64800
2016-04-08,16.400000,16.549999,16.389999,16.549999,11.014448,37900
2016-04-11,16.530001,16.620001,16.520000,16.540001,11.007795,22800
2016-04-12,16.639999,16.660000,16.590000,16.620001,11.061040,22700
2016-04-13,16.629999,16.629999,16.530001,16.540001,11.007795,26200
2016-04-14,16.520000,16.600000,16.520000,16.590000,11.041068,18300
2016-04-15,16.590000,16.799999,16.580000,16.780001,11.167521,47700
2016-04-18,16.750000,16.969999,16.750000,16.969999,11.293972,86300
2016-04-19,16.900000,16.969999,16.799999,16.889999,11.240728,38900
2016-04-20,16.910000,16.910000,16.850000,16.900000,11.247384,19000
2016-04-21,16.940001,17.059999,16.850000,17.000000,11.313933,40500
2016-04-22,17.059999,17.070000,16.730000,16.750000,11.147556,83900
2016-04-25,16.820000,16.820000,16.650000,16.700001,11.114276,51300
2016-04-26,16.670000,16.730000,16.590000,16.600000,11.047729,49000
2016-04-27,16.540001,16.610001,16.459999,16.459999,11.004273,38700
2016-04-28,16.540001,16.540001,16.459999,16.540001,11.057756,17700
2016-04-29,16.580000,16.709999,16.570000,16.650000,11.131289,35100
2016-05-02,16.660000,16.730000,16.660000,16.670000,11.144666,24600
2016-05-03,16.760000,16.820000,16.629999,16.820000,11.244946,21900
2016-05-04,16.820000,16.830000,16.670000,16.770000,11.211520,54700
2016-05-05,16.790001,16.790001,16.650000,16.670000,11.144666,35200
2016-05-06,16.750000,16.750000,16.629999,16.629999,11.117922,28300
2016-05-09,16.690001,16.760000,16.570000,16.629999,11.117922,60300
2016-05-10,16.629999,16.700001,16.540001,16.610001,11.104552,87400
2016-05-11,16.639999,16.690001,16.580000,16.590000,11.091178,44000
2016-05-12,16.549999,16.680000,16.520000,16.520000,11.044382,53300
2016-05-13,16.530001,16.639999,16.530001,16.590000,11.091178,66600
2016-05-16,16.629999,16.719999,16.510000,16.570000,11.077810,80300
2016-05-17,16.570000,16.700001,16.540001,16.700001,11.164721,50700
2016-05-18,16.709999,16.709999,16.430000,16.440001,10.990898,72000
2016-05-19,16.410000,16.410000,16.139999,16.240000,10.857192,76300
2016-05-20,16.200001,16.299999,16.200001,16.290001,10.890618,48900
2016-05-23,16.340000,16.370001,16.260000,16.290001,10.890618,27400
2016-05-24,16.309999,16.389999,16.309999,16.320000,10.910674,15400
2016-05-25,16.400000,16.400000,16.209999,16.250000,10.863881,36400
2016-05-26,16.150000,16.270000,16.150000,16.240000,10.907535,22400
2016-05-27,16.219999,16.240000,16.190001,16.209999,10.887381,48100
2016-05-31,16.209999,16.209999,16.110001,16.110001,10.820219,44900
2016-06-01,16.120001,16.250000,16.120001,16.240000,10.907535,24900
2016-06-02,16.200001,16.320000,16.200001,16.299999,10.947829,35500
2016-06-03,16.350000,16.400000,16.290001,16.350000,10.981411,28900
2016-06-06,16.389999,16.389999,16.350000,16.379999,11.001566,12100
2016-06-07,16.389999,16.450001,16.389999,16.420000,11.028429,31500
2016-06-08,16.450001,16.480000,16.340000,16.340000,10.974696,43300
2016-06-09,16.360001,16.530001,16.360001,16.459999,11.055298,36800
2016-06-10,16.540001,16.580000,16.410000,16.580000,11.135893,36200
2016-06-13,16.530001,16.600000,16.500000,16.510000,11.088874,48300
2016-06-14,16.549999,16.620001,16.540001,16.610001,11.156043,71300
2016-06-15,16.670000,16.690001,16.530001,16.530001,11.102310,60400
2016-06-16,16.559999,16.590000,16.440001,16.440001,11.041859,50600
2016-06-17,16.379999,16.480000,16.379999,16.420000,11.028429,48800
2016-06-20,16.370001,16.500000,16.370001,16.450001,11.048576,57300
2016-06-21,16.440001,16.559999,16.420000,16.559999,11.122460,43200
2016-06-22,16.549999,16.650000,16.549999,16.580000,11.135893,95000
2016-06-23,16.650000,16.660000,16.570000,16.639999,11.176192,53600
2016-06-24,16.690001,16.750000,16.620001,16.709999,11.223208,81500
2016-06-27,16.790001,16.790001,16.730000,16.770000,11.263505,26500
2016-06-28,16.670000,16.760000,16.670000,16.719999,11.280375,32300
2016-06-29,16.719999,16.760000,16.719999,16.760000,11.307358,29100
2016-06-30,16.709999,16.830000,16.709999,16.770000,11.314106,65700
2016-07-01,16.799999,16.900000,16.799999,16.850000,11.368080,36800
2016-07-05,16.879999,16.879999,16.760000,16.760000,11.307358,28500
2016-07-06,16.770000,17.010000,16.770000,16.959999,11.442288,30900
2016-07-07,17.040001,17.059999,16.920000,17.059999,11.509758,46800
2016-07-08,17.020000,17.139999,16.990000,17.139999,11.563732,41400
2016-07-11,17.160000,17.230000,16.969999,16.969999,11.449039,78900
2016-07-12,16.990000,17.030001,16.750000,16.750000,11.300612,48800
2016-07-13,16.770000,16.840000,16.559999,16.580000,11.185921,70000
2016-07-14,16.580000,16.580000,16.370001,16.400000,11.064481,73300
2016-07-15,16.410000,16.650000,16.410000,16.650000,11.233143,45000
2016-07-18,16.680000,17.040001,16.680000,16.900000,11.401812,66400
2016-07-19,16.940001,17.080000,16.830000,16.950001,11.435548,102800
2016-07-20,17.000000,17.040001,16.910000,16.950001,11.435548,71800
2016-07-21,16.950001,17.049999,16.940001,17.040001,11.496264,68300
2016-07-22,17.010000,17.049999,16.910000,16.910000,11.408560,44400
2016-07-25,16.980000,17.020000,16.920000,16.940001,11.428798,22800
2016-07-26,17.000000,17.020000,16.920000,17.000000,11.469274,39600
2016-07-27,16.969999,16.969999,16.830000,16.830000,11.404901,42300
2016-07-28,16.809999,16.959999,16.809999,16.879999,11.438782,60100
2016-07-29,16.860001,16.940001,16.830000,16.930000,11.472668,38500
2016-08-01,16.910000,16.959999,16.910000,16.930000,11.472668,28700
2016-08-02,16.920000,16.980000,16.820000,16.969999,11.499770,52200
2016-08-03,17.000000,17.160000,16.940001,17.129999,11.608195,38900
2016-08-04,17.180000,17.180000,17.010000,17.110001,11.594650,81400
2016-08-05,17.139999,17.190001,17.080000,17.120001,11.601425,40800
2016-08-08,17.190001,17.270000,17.129999,17.270000,11.703069,29900
2016-08-09,17.270000,17.320000,17.219999,17.299999,11.723397,27200
2016-08-10,17.340000,17.530001,17.320000,17.510000,11.865709,62100
2016-08-11,17.459999,17.510000,17.309999,17.309999,11.730171,51900
2016-08-12,17.299999,17.309999,17.170000,17.170000,11.635299,51000
2016-08-15,17.230000,17.389999,17.110001,17.180000,11.642076,71900
2016-08-16,17.150000,17.230000,17.030001,17.120001,11.601425,29900
2016-08-17,17.070000,17.219999,17.030001,17.150000,11.621744,36800
2016-08-18,17.139999,17.290001,17.139999,17.230000,11.675961,23700
2016-08-19,17.230000,17.340000,17.180000,17.330000,11.743725,43600
2016-08-22,17.299999,17.420000,17.299999,17.420000,11.804710,37500
2016-08-23,17.350000,17.590000,17.350000,17.530001,11.879261,22000
2016-08-24,17.639999,17.639999,17.420000,17.510000,11.865709,51700
2016-08-25,17.500000,17.520000,17.080000,17.080000,11.574317,70400
2016-08-26,17.000000,17.090000,16.860001,16.870001,11.432006,96300
2016-08-29,16.930000,17.030001,16.809999,16.809999,11.442219,52900
2016-08-30,16.870001,16.940001,16.870001,16.930000,11.523900,40500
2016-08-31,16.940001,17.059999,16.900000,17.059999,11.612384,64800
2016-09-01,16.959999,17.080000,16.959999,16.980000,11.557935,21800
2016-09-02,17.040001,17.040001,16.920000,16.920000,11.517090,31400
2016-09-06,16.920000,17.070000,16.920000,17.049999,11.605581,31800
2016-09-07,17.059999,17.070000,17.020000,17.049999,11.605581,34700
2016-09-08,17.049999,17.049999,16.920000,16.969999,11.551126,27100
2016-09-09,16.920000,16.920000,16.610001,16.620001,11.312889,63200
2016-09-12,16.680000,16.680000,16.580000,16.610001,11.306078,52600
2016-09-13,16.639999,16.670000,16.559999,16.650000,11.333308,37500
2016-09-14,16.639999,16.790001,16.600000,16.790001,11.428602,57900
2016-09-15,16.790001,16.850000,16.680000,16.830000,11.455832,58400
2016-09-16,16.840000,16.840000,16.700001,16.700001,11.367341,19300
2016-09-19,16.790001,16.980000,16.610001,16.760000,11.408180,49700
2016-09-20,16.709999,16.820000,16.709999,16.799999,11.435412,26700
2016-09-21,16.740000,16.860001,16.740000,16.809999,11.442219,23600
2016-09-22,16.900000,17.070000,16.900000,17.030001,11.591968,79200
2016-09-23,16.990000,17.049999,16.940001,17.010000,11.578356,27000
2016-09-26,17.049999,17.049999,16.990000,17.049999,11.605581,18800
2016-09-27,17.030001,17.129999,17.030001,17.129999,11.660033,24500
2016-09-28,17.000000,17.110001,17.000000,17.040001,11.649776,40700
2016-09-29,17.070000,17.070000,16.620001,16.639999,11.376312,57500
2016-09-30,16.639999,16.660000,16.580000,16.600000,11.348966,34600
2016-10-03,16.650000,16.690001,16.559999,16.570000,11.328451,42100
2016-10-04,16.580000,16.620001,16.490000,16.500000,11.280595,51300
2016-10-05,16.520000,16.549999,16.420000,16.420000,11.225904,38200
2016-10-06,16.459999,16.549999,16.400000,16.530001,11.301107,34400
2016-10-07,16.530001,16.570000,16.510000,16.520000,11.294271,10000
2016-10-10,16.570000,16.610001,16.540001,16.549999,11.314776,22200
2016-10-11,16.540001,16.580000,16.469999,16.480000,11.266921,24800
2016-10-12,16.530001,16.530001,16.330000,16.340000,11.171206,26400
2016-10-13,16.340000,16.350000,16.150000,16.160000,11.048146,23300
2016-10-14,16.100000,16.139999,15.950000,15.970000,10.918247,34800
2016-10-17,16.010000,16.160000,15.710000,15.770000,10.781518,62000
2016-10-18,15.750000,16.000000,15.750000,15.990000,10.931925,42300
2016-10-19,16.000000,16.240000,15.950000,16.230000,11.096004,65900
2016-10-20,16.250000,16.260000,15.890000,15.920000,10.884067,70000
2016-10-21,15.920000,16.100000,15.910000,16.000000,10.938759,43500
2016-10-24,16.020000,16.049999,16.000000,16.000000,10.938759,28100
2016-10-25,15.950000,15.970000,15.890000,15.920000,10.884067,48600
2016-10-26,15.860000,15.950000,15.820000,15.860000,10.843045,40900
2016-10-27,15.760000,15.760000,15.550000,15.550000,10.681621,29800
2016-10-28,15.580000,15.580000,15.410000,15.410000,10.585454,56900
2016-10-31,15.490000,15.520000,15.340000,15.340000,10.537366,36400
2016-11-01,15.450000,15.690000,15.420000,15.660000,10.757178,44000
2016-11-02,15.670000,15.770000,15.650000,15.770000,10.832743,37000
2016-11-03,15.680000,15.840000,15.680000,15.820000,10.867086,28300
2016-11-04,15.780000,15.890000,15.770000,15.890000,10.915174,33800
2016-11-07,15.820000,15.930000,15.820000,15.930000,10.942649,30200
2016-11-08,15.950000,15.990000,15.950000,15.990000,10.983867,36300
2016-11-09,15.910000,15.910000,15.430000,15.470000,10.626665,80000
2016-11-10,15.450000,15.510000,15.080000,15.160000,10.413717,126200
2016-11-11,15.160000,15.170000,14.840000,14.850000,10.200777,183700
2016-11-14,14.610000,14.850000,14.370000,14.850000,10.200777,176600
2016-11-15,14.860000,15.250000,14.780000,15.240000,10.468673,102300
2016-11-16,15.270000,15.390000,15.090000,15.090000,10.365633,73000
2016-11-17,14.980000,15.150000,14.980000,15.080000,10.358768,31800
2016-11-18,15.200000,15.440000,15.000000,15.310000,10.516757,76600
2016-11-21,15.230000,15.670000,15.230000,15.400000,10.578581,68600
2016-11-22,15.400000,15.590000,15.320000,15.320000,10.523627,52800
2016-11-23,15.250000,15.250000,14.990000,15.070000,10.351894,75500
2016-11-25,15.060000,15.180000,14.960000,14.960000,10.276334,15100
2016-11-28,14.950000,15.040000,14.900000,14.950000,10.321213,38500
2016-11-29,14.900000,15.270000,14.900000,15.050000,10.390248,49300
2016-11-30,14.990000,15.030000,14.900000,14.990000,10.348824,36800
2016-12-01,14.910000,15.030000,14.810000,14.810000,10.224562,62500
2016-12-02,14.800000,14.920000,14.760000,14.920000,10.300497,44500
2016-12-05,14.780000,14.930000,14.780000,14.930000,10.307406,81200
2016-12-06,14.850000,15.110000,14.850000,15.060000,10.397151,56000
2016-12-07,15.130000,15.390000,15.050000,15.390000,10.624980,59000
2016-12-08,15.250000,15.260000,15.130000,15.210000,10.500709,56200
2016-12-09,15.180000,15.270000,15.030000,15.060000,10.397151,98900
2016-12-12,14.960000,15.080000,14.860000,14.970000,10.335022,58600
2016-12-13,15.020000,15.540000,15.020000,15.380000,10.618074,170300
2016-12-14,15.530000,15.680000,15.350000,15.600000,10.769958,145200
2016-12-15,15.550000,15.580000,15.200000,15.260000,10.535229,91500
2016-12-16,15.220000,15.470000,15.180000,15.400000,10.631881,74500
2016-12-19,15.430000,15.680000,15.330000,15.680000,10.825191,40100
2016-12-20,15.570000,15.690000,15.520000,15.690000,10.832095,55100
2016-12-21,15.690000,15.800000,15.610000,15.760000,10.880418,31800
2016-12-22,15.790000,15.870000,15.750000,15.800000,10.908035,62000
2016-12-23,15.750000,16.110001,15.750000,15.990000,11.039210,57900
2016-12-27,16.020000,16.020000,15.620000,15.630000,10.790674,36600
2016-12-28,15.480000,15.740000,15.300000,15.700000,10.891257,47400
2016-12-29,15.740000,16.379999,15.670000,16.250000,11.272799,50200
2016-12-30,16.200001,16.400000,16.030001,16.260000,11.279737,57200
2017-01-03,16.200001,16.250000,16.000000,16.080000,11.154873,40100
2017-01-04,16.160000,16.160000,16.000000,16.090000,11.161805,33800
2017-01-05,16.110001,16.270000,16.000000,16.000000,11.099373,45700
2017-01-06,16.010000,16.010000,15.810000,15.920000,11.043877,16700
2017-01-09,15.920000,16.070000,15.840000,15.930000,11.050811,23100
2017-01-10,15.950000,16.049999,15.770000,15.870000,11.009190,75100
2017-01-11,15.990000,15.990000,15.650000,15.660000,10.863510,37700
2017-01-12,15.780000,15.890000,15.690000,15.760000,10.932882,75000
2017-01-13,15.750000,16.020000,15.750000,15.950000,11.064686,61800
2017-01-17,16.100000,16.410000,15.880000,15.880000,11.016129,75700
2017-01-18,15.900000,15.900000,15.760000,15.770000,10.939822,49500
2017-01-19,15.780000,15.830000,15.700000,15.770000,10.939822,36300
2017-01-20,15.830000,15.830000,15.620000,15.660000,10.863510,47800
2017-01-23,15.790000,15.790000,15.680000,15.730000,10.912069,39300
2017-01-24,15.710000,15.730000,15.580000,15.580000,10.808015,75200
2017-01-25,15.580000,15.640000,15.560000,15.610000,10.828825,27100
2017-01-26,15.540000,15.660000,15.530000,15.650000,10.856574,34000
2017-01-27,15.560000,15.620000,15.540000,15.620000,10.887939,21200
2017-01-30,15.600000,15.620000,15.540000,15.620000,10.887939,24400
2017-01-31,15.570000,15.660000,15.560000,15.610000,10.880969,29000
2017-02-01,15.620000,15.640000,15.540000,15.600000,10.874003,23400
2017-02-02,15.590000,15.620000,15.520000,15.520000,10.818236,35300
2017-02-03,15.550000,15.640000,15.510000,15.520000,10.818236,44100
2017-02-06,15.590000,15.600000,15.520000,15.590000,10.867030,7200
2017-02-07,15.570000,15.610000,15.530000,15.560000,10.846119,15000
2017-02-08,15.580000,15.670000,15.580000,15.620000,10.887939,26600
2017-02-09,15.580000,15.620000,15.520000,15.540000,10.832178,42100
2017-02-10,15.620000,15.620000,15.520000,15.580000,10.860060,26400
2017-02-13,15.530000,15.540000,15.470000,15.490000,10.797325,28300
2017-02-14,15.470000,15.520000,15.330000,15.340000,10.692765,42200
2017-02-15,15.330000,15.410000,15.250000,15.300000,10.664886,41800
2017-02-16,15.310000,15.310000,15.110000,15.210000,10.602145,39800
2017-02-17,15.220000,15.300000,15.150000,15.150000,10.560325,34900
2017-02-21,15.280000,15.280000,15.180000,15.220000,10.609118,53700
2017-02-22,15.220000,15.230000,15.140000,15.160000,10.567297,62800
2017-02-23,15.170000,15.260000,15.170000,15.250000,10.630029,25200
2017-02-24,15.210000,15.270000,15.200000,15.200000,10.642634,42800
2017-02-27,15.200000,15.210000,15.170000,15.180000,10.628629,33100
2017-02-28,15.170000,15.220000,15.170000,15.220000,10.656637,25700
2017-03-01,15.140000,15.170000,15.100000,15.130000,10.593623,28900
2017-03-02,15.100000,15.110000,15.030000,15.090000,10.565616,40000
2017-03-03,15.060000,15.060000,14.950000,14.990000,10.495598,48900
2017-03-06,14.930000,14.970000,14.910000,14.970000,10.481592,60800
2017-03-07,14.880000,14.940000,14.880000,14.910000,10.439584,33200
2017-03-08,14.820000,14.950000,14.800000,14.870000,10.411578,137600
2017-03-09,14.820000,14.870000,14.680000,14.700000,10.292545,68900
2017-03-10,14.770000,14.770000,14.610000,14.740000,10.320555,100900
2017-03-13,14.720000,14.720000,14.650000,14.690000,10.285544,37500
2017-03-14,14.660000,14.830000,14.660000,14.750000,10.327555,45500
2017-03-15,14.800000,15.010000,14.740000,15.010000,10.509599,47700
2017-03-16,14.930000,15.160000,14.790000,14.890000,10.425579,54600
2017-03-17,14.890000,14.920000,14.760000,14.820000,10.376571,30100
2017-03-20,14.810000,14.900000,14.810000,14.820000,10.376571,47000
2017-03-21,14.830000,14.930000,14.800000,14.800000,10.362566,44100
2017-03-22,14.820000,14.910000,14.780000,14.840000,10.390573,25400
2017-03-23,14.820000,14.830000,14.770000,14.810000,10.369566,33700
2017-03-24,14.810000,14.840000,14.790000,14.790000,10.355566,6000
2017-03-27,14.890000,14.900000,14.820000,14.900000,10.432581,20300
2017-03-28,14.890000,14.930000,14.860000,14.890000,10.425579,32300
2017-03-29,14.830000,14.900000,14.810000,14.900000,10.480445,18500
2017-03-30,14.890000,14.910000,14.860000,14.860000,10.452307,17700
2017-03-31,14.870000,14.920000,14.830000,14.850000,10.445273,25600
2017-04-03,14.860000,14.940000,14.860000,14.940000,10.508580,15500
2017-04-04,14.950000,14.950000,14.860000,14.920000,10.494514,24600
2017-04-05,14.890000,14.930000,14.840000,14.900000,10.480445,42500
2017-04-06,14.870000,14.960000,14.870000,14.920000,10.494514,42000
2017-04-07,14.930000,15.020000,14.930000,14.990000,10.543750,16800
2017-04-10,15.000000,15.110000,14.980000,15.080000,10.607053,22500
2017-04-11,15.090000,15.220000,15.090000,15.130000,10.642226,43700
2017-04-12,15.120000,15.240000,15.120000,15.150000,10.656288,26400
2017-04-13,15.180000,15.230000,15.150000,15.230000,10.712559,12300
2017-04-17,15.230000,15.230000,15.090000,15.090000,10.614086,88500
2017-04-18,15.120000,15.150000,15.070000,15.150000,10.656288,35400
2017-04-19,15.100000,15.130000,15.030000,15.050000,10.585951,46300
2017-04-20,15.070000,15.080000,15.030000,15.050000,10.585951,35300
2017-04-21,15.050000,15.100000,15.010000,15.070000,10.600019,43800
2017-04-24,15.090000,15.090000,15.020000,15.060000,10.592985,34200
2017-04-25,15.030000,15.030000,14.950000,14.950000,10.515613,28500
2017-04-26,14.880000,14.980000,14.880000,14.890000,10.521268,30400
2017-04-27,14.870000,15.000000,14.870000,14.950000,10.563663,28100
2017-04-28,14.950000,15.000000,14.950000,14.980000,10.584860,14000
2017-05-01,14.990000,15.030000,14.960000,14.960000,10.570728,29100
2017-05-02,14.970000,15.040000,14.970000,15.040000,10.627257,29600
2017-05-03,15.040000,15.120000,15.040000,15.120000,10.683786,13400
2017-05-04,15.100000,15.120000,15.080000,15.090000,10.662586,34300
2017-05-05,15.110000,15.160000,15.080000,15.100000,10.669654,18600
2017-05-08,15.080000,15.110000,15.070000,15.070000,10.648454,7000
2017-05-09,15.070000,15.150000,15.040000,15.090000,10.662586,26500
2017-05-10,15.130000,15.130000,15.030000,15.040000,10.627257,15900
2017-05-11,15.040000,15.110000,15.020000,15.030000,10.620192,19700
2017-05-12,15.060000,15.160000,15.060000,15.130000,10.690854,45000
2017-05-15,15.170000,15.210000,15.130000,15.210000,10.747376,31200
2017-05-16,15.250000,15.250000,15.190000,15.210000,10.747376,38800
2017-05-17,15.230000,15.340000,15.180000,15.220000,10.754443,34800
2017-05-18,15.300000,15.310000,15.160000,15.190000,10.733248,85600
2017-05-19,15.290000,15.370000,15.110000,15.160000,10.712049,120800
2017-05-22,15.160000,15.220000,15.100000,15.210000,10.747376,63600
2017-05-23,15.250000,15.330000,15.220000,15.290000,10.803905,68100
2017-05-24,15.370000,15.370000,15.270000,15.290000,10.803905,26400
2017-05-25,15.320000,15.370000,15.260000,15.330000,10.832172,26700
2017-05-26,15.250000,15.340000,15.240000,15.300000,10.859145,22300
2017-05-30,15.350000,15.380000,15.260000,15.310000,10.866235,25300
2017-05-31,15.290000,15.390000,15.290000,15.360000,10.901727,21700
2017-06-01,15.380000,15.450000,15.370000,15.420000,10.944310,25000
2017-06-02,15.420000,15.480000,15.390000,15.480000,10.986897,31700
2017-06-05,15.480000,15.480000,15.430000,15.470000,10.979797,8800
2017-06-06,15.480000,15.480000,15.410000,15.430000,10.951411,9200
2017-06-07,15.400000,15.490000,15.400000,15.430000,10.951411,21600
2017-06-08,15.490000,15.490000,15.420000,15.420000,10.944310,15000
2017-06-09,15.410000,15.440000,15.370000,15.380000,10.915923,16400
2017-06-12,15.380000,15.410000,15.370000,15.370000,10.908821,17100
2017-06-13,15.380000,15.380000,15.340000,15.350000,10.894627,27600
2017-06-14,15.380000,15.470000,15.330000,15.350000,10.894627,38800
2017-06-15,15.400000,15.430000,15.300000,15.370000,10.908821,57200
2017-06-16,15.400000,15.530000,15.370000,15.530000,11.022382,27500
2017-06-19,15.510000,15.560000,15.430000,15.430000,10.951411,25600
2017-06-20,15.440000,15.520000,15.420000,15.490000,10.993992,42500
2017-06-21,15.530000,15.530000,15.440000,15.510000,11.008189,21200
2017-06-22,15.510000,15.570000,15.470000,15.570000,11.050774,17900
2017-06-23,15.570000,15.590000,15.510000,15.550000,11.036577,12100
2017-06-26,15.620000,15.640000,15.500000,15.500000,11.001089,23900
2017-06-27,15.500000,15.550000,15.450000,15.460000,10.972700,19500
2017-06-28,15.410000,15.440000,15.370000,15.400000,10.978405,8100
2017-06-29,15.360000,15.360000,15.250000,15.260000,10.878601,24200
2017-06-30,15.230000,15.350000,15.220000,15.220000,10.850081,18500
2017-07-03,15.310000,15.410000,15.310000,15.410000,10.985533,10000
2017-07-05,15.360000,15.500000,15.330000,15.410000,10.985533,48700
2017-07-06,15.440000,15.440000,15.330000,15.400000,10.978405,33600
2017-07-07,15.380000,15.460000,15.370000,15.400000,10.978405,31000
2017-07-10,15.460000,15.550000,15.390000,15.530000,11.071075,58200
2017-07-11,15.520000,15.530000,15.450000,15.510000,11.056825,23600
2017-07-12,15.560000,15.560000,15.440000,15.520000,11.063951,31900
2017-07-13,15.500000,15.540000,15.490000,15.520000,11.063951,30100
2017-07-14,15.540000,15.670000,15.520000,15.670000,11.170879,24700
2017-07-17,15.650000,15.700000,15.510000,15.510000,11.056825,38300
2017-07-18,15.510000,15.600000,15.510000,15.600000,11.120978,21000
2017-07-19,15.610000,15.610000,15.530000,15.560000,11.092465,15200
2017-07-20,15.580000,15.680000,15.550000,15.550000,11.085337,21800
2017-07-21,15.670000,15.670000,15.550000,15.550000,11.085337,31900
2017-07-24,16.000000,16.000000,15.540000,15.550000,11.085337,17900
2017-07-25,16.000000,16.000000,15.420000,15.420000,10.992660,35300
2017-07-26,15.870000,15.870000,15.430000,15.440000,11.006920,23600
2017-07-27,15.270000,15.370000,15.270000,15.300000,10.955369,57200
2017-07-28,15.380000,15.450000,15.340000,15.450000,11.062766,38200
2017-07-31,15.470000,15.550000,15.450000,15.550000,11.134377,24100
2017-08-01,15.630000,15.630000,15.550000,15.570000,11.148694,26300
2017-08-02,15.610000,15.680000,15.580000,15.610000,11.177338,28900
2017-08-03,15.740000,15.740000,15.590000,15.590000,11.163017,15500
2017-08-04,15.530000,15.660000,15.490000,15.490000,11.091413,28200
2017-08-07,15.440000,15.520000,15.440000,15.460000,11.069929,15800
2017-08-08,15.500000,15.510000,15.370000,15.400000,11.026967,28500
2017-08-09,15.480000,15.480000,15.280000,15.300000,10.955369,35000
2017-08-10,15.320000,15.340000,15.270000,15.300000,10.955369,42700
2017-08-11,15.250000,15.390000,15.180000,15.350000,10.991167,26600
2017-08-14,15.370000,15.430000,15.330000,15.400000,11.026967,9300
2017-08-15,15.400000,15.400000,15.300000,15.370000,11.005488,27100
2017-08-16,15.450000,15.450000,15.340000,15.430000,11.048454,27300
2017-08-17,15.490000,15.490000,15.390000,15.420000,11.041286,26300
2017-08-18,15.400000,15.440000,15.380000,15.380000,11.012649,19300
2017-08-21,15.400000,15.490000,15.400000,15.470000,11.077090,20000
2017-08-22,15.550000,15.550000,15.420000,15.470000,11.077090,35200
2017-08-23,15.530000,15.580000,15.520000,15.580000,11.155857,36600
2017-08-24,15.560000,15.590000,15.490000,15.540000,11.127213,25900
2017-08-25,15.570000,15.570000,15.540000,15.550000,11.134377,14400
2017-08-28,15.540000,15.580000,15.520000,15.560000,11.141533,45600
2017-08-29,15.500000,15.560000,15.490000,15.530000,11.168859,34000
2017-08-30,15.440000,15.530000,15.440000,15.480000,11.132903,24900
2017-08-31,15.600000,15.690000,15.460000,15.690000,11.283932,27800
2017-09-01,15.720000,15.720000,15.460000,15.540000,11.176053,26500
2017-09-05,15.590000,15.590000,15.460000,15.470000,11.125713,46900
2017-09-06,15.540000,15.540000,15.490000,15.540000,11.176053,14900
2017-09-07,15.590000,15.620000,15.490000,15.600000,11.219201,25000
2017-09-08,15.630000,15.760000,15.600000,15.690000,11.283932,35300
2017-09-11,15.720000,15.790000,15.670000,15.710000,11.298316,23700
2017-09-12,15.720000,15.730000,15.630000,15.640000,11.247976,24200
2017-09-13,15.660000,15.760000,15.640000,15.750000,11.327083,24000
2017-09-14,15.680000,15.800000,15.680000,15.740000,11.319889,26700
2017-09-15,15.850000,15.900000,15.760000,15.880000,11.420580,36700
2017-09-18,15.900000,15.900000,15.720000,15.730000,11.312697,28500
2017-09-19,15.790000,15.790000,15.590000,15.610000,11.226398,34100
2017-09-20,15.650000,15.650000,15.520000,15.520000,11.161674,17500
2017-09-21,15.650000,15.650000,15.460000,15.460000,11.118520,49600
2017-09-22,15.450000,15.490000,15.420000,15.420000,11.089748,24000
2017-09-25,15.610000,15.610000,15.480000,15.570000,11.197631,24000
2017-09-26,15.640000,15.740000,15.540000,15.740000,11.319889,32700
2017-09-27,15.600000,15.620000,15.510000,15.530000,11.168859,43400
2017-09-28,15.540000,15.540000,15.420000,15.450000,11.160194,50700
2017-09-29,15.560000,15.560000,15.360000,15.360000,11.095185,31400
2017-10-02,15.370000,15.480000,15.360000,15.360000,11.095185,17200
2017-10-03,15.480000,15.490000,15.360000,15.400000,11.124077,17100
2017-10-04,15.450000,15.460000,15.340000,15.440000,11.152968,36100
2017-10-05,15.520000,15.520000,15.370000,15.380000,11.109632,26900
2017-10-06,15.430000,15.470000,15.400000,15.470000,11.174642,30000
2017-10-09,15.470000,15.500000,15.420000,15.500000,11.196309,38600
2017-10-10,15.550000,15.550000,15.400000,15.480000,11.181867,30500
2017-10-11,15.500000,15.540000,15.450000,15.510000,11.203540,28000
2017-10-12,15.550000,15.550000,15.370000,15.450000,11.160194,29200
2017-10-13,15.460000,15.560000,15.400000,15.410000,11.131301,42200
2017-10-16,15.420000,15.450000,15.360000,15.360000,11.095185,28300
2017-10-17,15.350000,15.440000,15.250000,15.330000,11.073513,40800
2017-10-18,15.260000,15.290000,15.250000,15.280000,11.037396,14900
2017-10-19,15.330000,15.330000,15.260000,15.300000,11.051845,10700
2017-10-20,15.270000,15.290000,15.150000,15.200000,10.979609,31900
2017-10-23,15.220000,15.250000,15.140000,15.230000,11.001276,25200
2017-10-24,15.250000,15.290000,15.160000,15.220000,10.994050,29800
2017-10-25,15.210000,15.210000,14.990000,15.030000,10.856812,30500
2017-10-26,15.010000,15.090000,14.970000,15.000000,10.835134,26900
2017-10-27,14.990000,15.010000,14.900000,14.920000,10.777350,30900
2017-10-30,14.980000,15.000000,14.910000,15.000000,10.884748,29200
2017-10-31,14.920000,15.000000,14.920000,14.920000,10.826696,32300
2017-11-01,14.950000,15.000000,14.950000,14.980000,10.870237,13700
2017-11-02,14.960000,15.030000,14.950000,14.950000,10.848462,25500
2017-11-03,14.960000,14.960000,14.880000,14.900000,10.812181,17100
2017-11-06,14.950000,14.970000,14.920000,14.950000,10.848462,19900
2017-11-07,14.960000,15.050000,14.920000,15.050000,10.921031,25100
2017-11-08,15.080000,15.120000,15.040000,15.120000,10.971827,14900
2017-11-09,15.120000,15.120000,15.030000,15.060000,10.928289,25900
2017-11-10,15.070000,15.090000,14.980000,14.980000,10.870237,17500
2017-11-13,15.010000,15.080000,15.010000,15.050000,10.921031,14600
2017-11-14,15.160000,15.160000,15.000000,15.100000,10.957317,77400
2017-11-15,15.150000,15.300000,15.080000,15.110000,10.964567,55700
2017-11-16,15.110000,15.170000,15.090000,15.160000,11.000852,39400
2017-11-17,15.180000,15.180000,15.100000,15.120000,10.971827,27700
2017-11-20,15.100000,15.140000,14.990000,14.990000,10.877494,37700
2017-11-21,15.000000,15.140000,15.000000,15.000000,10.884748,60000
2017-11-22,15.000000,15.070000,14.990000,15.020000,10.899263,29900
2017-11-24,15.040000,15.110000,15.030000,15.100000,10.957317,5000
2017-11-27,15.120000,15.140000,15.060000,15.060000,10.928289,33400
2017-11-28,15.080000,15.110000,15.010000,15.070000,10.935545,30800
2017-11-29,15.020000,15.050000,14.880000,14.990000,10.926797,36900
2017-11-30,15.020000,15.020000,14.890000,14.910000,10.868484,33700
2017-12-01,14.960000,14.960000,14.860000,14.870000,10.839325,56000
2017-12-04,14.870000,14.870000,14.810000,14.820000,10.802878,35400
2017-12-05,14.760000,14.950000,14.760000,14.940000,10.890351,37500
2017-12-06,14.950000,15.020000,14.900000,14.940000,10.890351,82000
2017-12-07,14.940000,14.980000,14.840000,14.900000,10.861191,70600
2017-12-08,14.860000,14.880000,14.800000,14.870000,10.839325,77500
2017-12-11,14.860000,14.950000,14.830000,14.900000,10.861191,65100
2017-12-12,14.800000,14.860000,14.790000,14.830000,10.810164,71300
2017-12-13,14.850000,14.860000,14.750000,14.860000,10.832034,90500
2017-12-14,14.840000,14.960000,14.820000,14.960000,10.904924,49000
2017-12-15,14.930000,14.970000,14.830000,14.840000,10.817455,60900
2017-12-18,14.790000,14.860000,14.750000,14.770000,10.766430,84900
2017-12-19,14.810000,14.820000,14.690000,14.800000,10.788299,102800
2017-12-20,14.770000,14.970000,14.770000,14.800000,10.788299,65000
2017-12-21,14.800000,14.800000,14.700000,14.720000,10.729984,57300
2017-12-22,14.670000,14.760000,14.610000,14.750000,10.751850,119500
2017-12-26,14.790000,14.790000,14.650000,14.700000,10.715405,79400
2017-12-27,14.760000,14.780000,14.640000,14.750000,10.751850,108300
2017-12-28,14.720000,14.730000,14.540000,14.590000,10.684477,135100
2017-12-29,14.630000,14.790000,14.590000,14.790000,10.830942,76000
2018-01-02,14.770000,14.800000,14.720000,14.790000,10.830942,38800
2018-01-03,14.830000,14.840000,14.800000,14.800000,10.838265,29400
2018-01-04,14.830000,14.850000,14.780000,14.800000,10.838265,54200
2018-01-05,14.820000,14.880000,14.800000,14.840000,10.867558,50300
2018-01-08,14.880000,14.880000,14.830000,14.840000,10.867558,50200
2018-01-09,14.830000,14.850000,14.780000,14.780000,10.823616,30200
2018-01-10,14.750000,14.780000,14.700000,14.700000,10.765033,18800
2018-01-11,14.730000,14.790000,14.730000,14.760000,10.808974,21700
2018-01-12,14.800000,14.800000,14.700000,14.750000,10.801648,30400
2018-01-16,14.810000,14.840000,14.710000,14.750000,10.801648,56400
2018-01-17,14.760000,14.800000,14.750000,14.770000,10.816298,36800
2018-01-18,14.770000,14.810000,14.730000,14.730000,10.787002,40600
2018-01-19,14.780000,14.780000,14.700000,14.720000,10.779679,20900
2018-01-22,14.710000,14.760000,14.700000,14.700000,10.765033,48800
2018-01-23,14.710000,14.730000,14.660000,14.660000,10.735741,44100
2018-01-24,14.690000,14.730000,14.580000,14.580000,10.677154,34500
2018-01-25,14.600000,14.600000,14.520000,14.540000,10.647862,58100
2018-01-26,14.510000,14.560000,14.450000,14.490000,10.611249,56400
2018-01-29,14.460000,14.460000,14.240000,14.270000,10.450139,71900
2018-01-30,14.270000,14.270000,14.110000,14.120000,10.389801,30300
2018-01-31,14.240000,14.260000,14.050000,14.060000,10.345651,80300
2018-02-01,13.960000,14.080000,13.920000,14.000000,10.301502,149600
2018-02-02,13.900000,14.050000,13.810000,13.950000,10.264711,78800
2018-02-05,13.940000,13.960000,13.890000,13.900000,10.227918,38800
2018-02-06,13.900000,14.010000,13.900000,13.960000,10.272069,75100
2018-02-07,14.020000,14.100000,13.990000,14.040000,10.330935,62700
2018-02-08,14.080000,14.090000,14.020000,14.090000,10.367725,54500
2018-02-09,14.090000,14.090000,14.020000,14.030000,10.323576,24000
2018-02-12,14.120000,14.120000,14.010000,14.060000,10.345651,60100
2018-02-13,14.110000,14.130000,14.050000,14.110000,10.382440,35800
2018-02-14,14.140000,14.140000,14.010000,14.050000,10.338291,133500
2018-02-15,14.100000,14.140000,14.030000,14.110000,10.382440,56800
2018-02-16,14.090000,14.170000,14.080000,14.110000,10.382440,47700
2018-02-20,14.110000,14.120000,14.030000,14.040000,10.330935,82500
2018-02-21,14.050000,14.120000,14.030000,14.060000,10.345651,50800
2018-02-22,14.110000,14.110000,14.020000,14.020000,10.316219,42100
2018-02-23,14.080000,14.220000,14.030000,14.220000,10.463384,48700
2018-02-26,14.220000,14.650000,14.190000,14.420000,10.610547,67400
2018-02-27,14.390000,14.390000,14.200000,14.220000,10.512960,64200
2018-02-28,14.240000,14.270000,14.170000,14.270000,10.549923,44400
2018-03-01,14.290000,14.290000,13.900000,13.920000,10.291165,95100
2018-03-02,13.940000,13.990000,13.930000,13.960000,10.320739,42500
2018-03-05,13.980000,13.990000,13.910000,13.990000,10.342915,22900
2018-03-06,14.010000,14.040000,13.990000,13.990000,10.342915,19700
2018-03-07,13.990000,14.040000,13.950000,14.040000,10.379883,34000
2018-03-08,14.020000,14.060000,13.960000,13.980000,10.335525,28100
2018-03-09,13.950000,14.060000,13.930000,13.980000,10.335525,30100
2018-03-12,14.000000,14.010000,13.940000,13.950000,10.313348,32600
2018-03-13,13.950000,13.980000,13.850000,13.870000,10.254203,51900
2018-03-14,13.920000,13.950000,13.830000,13.940000,10.305957,43700
2018-03-15,13.910000,13.990000,13.830000,13.880000,10.261598,60900
2018-03-16,13.850000,13.900000,13.840000,13.870000,10.254203,45200
2018-03-19,13.830000,13.900000,13.810000,13.860000,10.246810,58500
2018-03-20,13.910000,13.910000,13.820000,13.870000,10.254203,56200
2018-03-21,13.880000,13.880000,13.840000,13.850000,10.239418,39600
2018-03-22,13.840000,13.960000,13.840000,13.920000,10.291165,118600
2018-03-23,13.990000,13.990000,13.820000,13.820000,10.217237,47500
2018-03-26,13.800000,13.830000,13.750000,13.750000,10.165483,23000
2018-03-27,13.830000,13.830000,13.760000,13.770000,10.180272,44400
2018-03-28,13.710000,13.770000,13.700000,13.720000,10.193646,24800
2018-03-29,13.780000,13.820000,13.750000,13.770000,10.230793,37100
2018-04-02,13.800000,13.860000,13.790000,13.800000,10.253081,21400
2018-04-03,13.840000,13.850000,13.780000,13.820000,10.267943,29300
2018-04-04,13.850000,13.890000,13.820000,13.890000,10.319947,25700
2018-04-05,13.880000,13.900000,13.840000,13.860000,10.297663,26800
2018-04-06,13.890000,13.930000,13.860000,13.860000,10.297663,22900
2018-04-09,13.850000,13.910000,13.810000,13.840000,10.282800,24400
2018-04-10,13.880000,13.880000,13.790000,13.820000,10.267943,23800
2018-04-11,13.820000,13.840000,13.800000,13.840000,10.282800,20300
2018-04-12,13.880000,13.880000,13.830000,13.830000,10.275368,7400
2018-04-13,13.870000,13.870000,13.810000,13.830000,10.275368,16200
2018-04-16,13.850000,14.240000,13.760000,13.770000,10.230793,73700
2018-04-17,13.720000,13.730000,13.690000,13.710000,10.186214,64600
2018-04-18,13.690000,13.700000,13.660000,13.680000,10.163925,34800
2018-04-19,13.670000,13.680000,13.610000,13.670000,10.156496,39900
2018-04-20,13.590000,13.690000,13.590000,13.670000,10.156496,38400
2018-04-23,13.660000,13.670000,13.650000,13.650000,10.141638,19500
2018-04-24,13.660000,13.670000,13.550000,13.590000,10.097054,57000
2018-04-25,13.590000,13.600000,13.510000,13.560000,10.074768,38400
2018-04-26,13.600000,13.600000,13.530000,13.550000,10.067334,58900
2018-04-27,13.530000,13.550000,13.420000,13.450000,10.038975,79900
2018-04-30,13.470000,13.530000,13.470000,13.530000,10.098685,39500
2018-05-01,13.540000,13.590000,13.540000,13.570000,10.128539,34700
2018-05-02,13.590000,13.660000,13.580000,13.630000,10.173329,36900
2018-05-03,13.650000,13.720000,13.620000,13.650000,10.188253,26700
2018-05-04,13.690000,13.700000,13.630000,13.630000,10.173329,14000
2018-05-07,13.660000,13.680000,13.640000,13.660000,10.195714,21000
2018-05-08,13.660000,13.660000,13.600000,13.660000,10.195714,22700
2018-05-09,13.650000,13.690000,13.640000,13.670000,10.203180,28700
2018-05-10,13.650000,13.720000,13.650000,13.670000,10.203180,23300
2018-05-11,13.700000,13.710000,13.640000,13.650000,10.188253,35700
2018-05-14,13.620000,13.680000,13.620000,13.650000,10.188253,23400
2018-05-15,13.660000,13.660000,13.590000,13.620000,10.165859,31300
2018-05-16,13.640000,13.660000,13.620000,13.640000,10.180789,49500
2018-05-17,13.620000,13.680000,13.580000,13.610000,10.158397,23400
2018-05-18,13.590000,13.630000,13.560000,13.560000,10.121074,34900
2018-05-21,13.580000,13.600000,13.530000,13.600000,10.150932,21100
2018-05-22,13.590000,13.660000,13.580000,13.580000,10.136007,65800
2018-05-23,13.650000,13.700000,13.580000,13.700000,10.225574,21300
2018-05-24,13.710000,13.750000,13.680000,13.680000,10.210644,35100
2018-05-25,13.690000,13.720000,13.670000,13.680000,10.210644,13000
2018-05-29,13.740000,13.800000,13.740000,13.790000,10.292748,14700
2018-05-30,13.830000,13.830000,13.660000,13.700000,10.271754,28400
2018-05-31,13.730000,13.780000,13.670000,13.750000,10.309244,35600
2018-06-01,13.750000,13.750000,13.680000,13.710000,10.279251,20900
2018-06-04,13.720000,13.720000,13.650000,13.680000,10.256761,27800
2018-06-05,13.660000,13.710000,13.660000,13.660000,10.241761,28100
2018-06-06,13.640000,13.670000,13.610000,13.640000,10.226768,31100
2018-06-07,13.660000,13.690000,13.620000,13.650000,10.234268,39400
2018-06-08,13.630000,13.710000,13.620000,13.670000,10.249262,74900
2018-06-11,13.680000,13.680000,13.500000,13.610000,10.204274,58800
2018-06-12,13.620000,13.620000,13.560000,13.600000,10.196776,42700
2018-06-13,13.610000,13.650000,13.560000,13.570000,10.174283,36500
2018-06-14,13.570000,13.600000,13.560000,13.560000,10.166784,26300
2018-06-15,13.610000,13.660000,13.560000,13.570000,10.174283,38800
2018-06-18,13.580000,13.660000,13.570000,13.660000,10.241761,49000
2018-06-19,13.660000,13.770000,13.660000,13.700000,10.271754,67600
2018-06-20,13.690000,13.720000,13.660000,13.690000,10.264255,64300
2018-06-21,13.710000,13.740000,13.670000,13.740000,10.301746,42200
2018-06-22,13.760000,13.760000,13.690000,13.730000,10.294250,30400
2018-06-25,13.750000,13.800000,13.730000,13.730000,10.294250,31100
2018-06-26,13.710000,13.830000,13.710000,13.730000,10.294250,27200
2018-06-27,13.760000,13.760000,13.690000,13.720000,10.286750,42400
2018-06-28,13.580000,13.660000,13.560000,13.560000,10.212938,52400
2018-06-29,13.570000,13.630000,13.570000,13.630000,10.265663,36100
2018-07-02,13.620000,13.680000,13.580000,13.580000,10.228000,29300
2018-07-03,13.580000,13.580000,13.570000,13.570000,10.220469,19100
2018-07-05,13.570000,13.590000,13.460000,13.530000,10.190345,46800
2018-07-06,13.580000,13.580000,13.500000,13.510000,10.175285,29900
2018-07-09,13.500000,13.540000,13.410000,13.410000,10.099968,40400
2018-07-10,13.430000,13.480000,13.400000,13.400000,10.092436,36800
2018-07-11,13.420000,13.450000,13.390000,13.400000,10.092436,55300
2018-07-12,13.450000,13.480000,13.400000,13.470000,10.145154,37700
2018-07-13,13.510000,13.540000,13.480000,13.540000,10.197877,36000
2018-07-16,13.490000,13.610000,13.490000,13.500000,10.167748,75800
2018-07-17,13.510000,13.570000,13.510000,13.560000,10.212938,38900
2018-07-18,13.530000,13.610000,13.530000,13.590000,10.235536,63000
2018-07-19,13.590000,13.630000,13.570000,13.580000,10.228000,33800
2018-07-20,13.590000,13.620000,13.580000,13.600000,10.243066,26200
2018-07-23,13.620000,13.620000,13.550000,13.560000,10.212938,98600
2018-07-24,13.570000,13.600000,13.540000,13.540000,10.197877,58100
2018-07-25,13.550000,13.590000,13.530000,13.540000,10.197877,30600
2018-07-26,13.570000,13.580000,13.520000,13.540000,10.197877,33300
2018-07-27,13.550000,13.630000,13.510000,13.510000,10.175285,80200
2018-07-30,13.480000,13.480000,13.400000,13.400000,10.138966,49900
2018-07-31,13.440000,13.480000,13.370000,13.450000,10.176790,77300
2018-08-01,13.500000,13.500000,13.450000,13.460000,10.184358,22200
2018-08-02,13.480000,13.510000,13.420000,13.430000,10.161660,47000
2018-08-03,13.440000,13.550000,13.440000,13.500000,10.214625,80800
2018-08-06,13.450000,13.550000,13.440000,13.470000,10.191925,61700
2018-08-07,13.470000,13.500000,13.430000,13.430000,10.161660,36200
2018-08-08,13.440000,13.460000,13.420000,13.450000,10.176790,42900
2018-08-09,13.440000,13.460000,13.410000,13.410000,10.146530,54000
2018-08-10,13.420000,13.610000,13.410000,13.500000,10.214625,31700
2018-08-13,13.530000,13.570000,13.510000,13.570000,10.267588,48000
2018-08-14,13.570000,13.590000,13.470000,13.570000,10.267588,74900
2018-08-15,13.610000,13.610000,13.420000,13.530000,10.237324,42500
2018-08-16,13.530000,13.540000,13.490000,13.500000,10.214625,35800
2018-08-17,13.530000,13.550000,13.520000,13.540000,10.244893,33000
2018-08-20,13.570000,13.600000,13.520000,13.560000,10.260023,39400
2018-08-21,13.560000,13.620000,13.560000,13.610000,10.297857,31100
2018-08-22,13.590000,13.640000,13.580000,13.580000,10.275156,31100
2018-08-23,13.600000,13.630000,13.590000,13.590000,10.282722,28600
2018-08-24,13.650000,13.650000,13.570000,13.650000,10.328124,46600
2018-08-27,13.700000,13.700000,13.650000,13.670000,10.343257,58500
2018-08-28,13.710000,13.710000,13.660000,13.690000,10.358382,26300
2018-08-29,13.680000,13.700000,13.650000,13.700000,10.365953,42000
2018-08-30,13.620000,13.620000,13.560000,13.600000,10.337074,35400
2018-08-31,13.620000,13.660000,13.620000,13.630000,10.359877,24500
2018-09-04,13.640000,13.650000,13.550000,13.550000,10.299066,47700
2018-09-05,13.550000,13.590000,13.540000,13.550000,10.299066,31600
2018-09-06,13.570000,13.580000,13.430000,13.430000,10.207859,59000
2018-09-07,13.430000,13.450000,13.360000,13.410000,10.192657,55900
2018-09-10,13.510000,13.520000,13.410000,13.520000,10.276267,60400
2018-09-11,13.520000,13.520000,13.470000,13.480000,10.245861,37700
2018-09-12,13.480000,13.510000,13.430000,13.450000,10.223057,43900
2018-09-13,13.490000,13.500000,13.430000,13.460000,10.230658,39000
2018-09-14,13.410000,13.470000,13.390000,13.460000,10.230658,72600
2018-09-17,13.520000,13.520000,13.410000,13.430000,10.207859,64200
2018-09-18,13.380000,13.500000,13.380000,13.490000,10.253466,63800
2018-09-19,13.490000,13.540000,13.490000,13.520000,10.276267,44800
2018-09-20,13.500000,13.570000,13.470000,13.520000,10.276267,55000
2018-09-21,13.500000,13.540000,13.480000,13.520000,10.276267,66400
2018-09-24,13.490000,13.540000,13.430000,13.540000,10.291467,26700
2018-09-25,13.560000,13.560000,13.430000,13.430000,10.207859,51000
2018-09-26,13.430000,13.470000,13.410000,13.450000,10.223057,36400
2018-09-27,13.340000,13.450000,13.320000,13.320000,10.171127,61400
2018-09-28,13.370000,13.450000,13.370000,13.450000,10.270401,33400
2018-10-01,13.440000,13.520000,13.440000,13.480000,10.293310,46900
2018-10-02,13.500000,13.510000,13.380000,13.400000,10.232223,50800
2018-10-03,13.370000,13.420000,13.280000,13.280000,10.140593,34300
2018-10-04,13.200000,13.310000,13.030000,13.030000,9.949689,70400
2018-10-05,13.030000,13.040000,12.840000,12.900000,9.850424,110900
2018-10-08,12.850000,12.960000,12.850000,12.960000,9.896236,36500
2018-10-09,12.920000,13.090000,12.920000,12.990000,9.919147,52700
2018-10-10,12.970000,13.020000,12.880000,12.880000,9.835155,54600
2018-10-11,12.970000,13.000000,12.850000,12.920000,9.865694,34000
2018-10-12,12.880000,12.920000,12.880000,12.880000,9.835155,18300
2018-10-15,12.940000,13.020000,12.880000,12.950000,9.888605,57600
2018-10-16,12.940000,13.000000,12.930000,12.970000,9.903873,58500
2018-10-17,13.000000,13.020000,12.910000,12.940000,9.880964,37800
2018-10-18,12.950000,12.970000,12.880000,12.920000,9.865694,71600
2018-10-19,12.990000,13.010000,12.900000,12.950000,9.888605,85900
2018-10-22,12.910000,13.150000,12.910000,13.070000,9.980234,55300
2018-10-23,13.090000,13.100000,12.980000,13.030000,9.949689,45200
2018-10-24,13.030000,13.120000,13.030000,13.040000,9.957325,41100
2018-10-25,12.970000,13.060000,12.840000,12.840000,9.804606,95400
2018-10-26,12.820000,12.910000,12.820000,12.860000,9.819877,33200
2018-10-29,12.870000,12.910000,12.780000,12.820000,9.789334,49300
2018-10-30,12.720000,12.750000,12.650000,12.660000,9.714137,67700
2018-10-31,12.690000,12.730000,12.620000,12.620000,9.683447,52000
2018-11-01,12.680000,12.740000,12.660000,12.690000,9.737161,16500
2018-11-02,12.770000,12.790000,12.720000,12.740000,9.775524,54900
2018-11-05,12.750000,12.830000,12.730000,12.820000,9.836909,25600
2018-11-06,12.770000,12.800000,12.750000,12.750000,9.783195,15700
2018-11-07,12.780000,12.860000,12.670000,12.670000,9.721810,125300
2018-11-08,12.690000,12.760000,12.670000,12.750000,9.783195,119500
2018-11-09,12.760000,12.850000,12.760000,12.850000,9.859926,37500
2018-11-12,12.840000,12.920000,12.800000,12.900000,9.898293,47900
2018-11-13,12.860000,12.930000,12.850000,12.920000,9.913638,30700
2018-11-14,12.960000,12.960000,12.860000,12.910000,9.905966,41900
2018-11-15,12.890000,12.970000,12.820000,12.820000,9.836909,56900
2018-11-16,12.830000,12.930000,12.780000,12.800000,9.821562,43100
2018-11-19,12.780000,12.860000,12.730000,12.730000,9.767851,58200
2018-11-20,12.730000,12.790000,12.660000,12.730000,9.767851,80000
2018-11-21,12.740000,12.810000,12.700000,12.760000,9.790868,56900
2018-11-23,12.770000,12.830000,12.710000,12.810000,9.829237,34900
2018-11-26,12.820000,12.820000,12.760000,12.760000,9.790868,34500
2018-11-27,12.780000,12.860000,12.780000,12.830000,9.844582,77200
2018-11-28,12.820000,12.900000,12.800000,12.850000,9.859926,110800
2018-11-29,12.820000,12.930000,12.760000,12.790000,9.861470,123900
2018-11-30,12.790000,12.900000,12.750000,12.800000,9.869184,103500
2018-12-03,12.810000,12.860000,12.810000,12.820000,9.884603,47400
2018-12-04,12.900000,12.990000,12.880000,12.940000,9.977124,56900
2018-12-06,12.890000,12.990000,12.880000,12.990000,10.015674,121300
2018-12-07,12.940000,12.970000,12.920000,12.920000,9.961700,58200
2018-12-10,12.970000,13.060000,12.920000,12.990000,10.015674,78500
2018-12-11,12.990000,13.040000,12.980000,12.990000,10.015674,101200
2018-12-12,13.000000,13.060000,12.840000,12.880000,9.930861,147400
2018-12-13,12.880000,12.900000,12.780000,12.810000,9.876889,152400
2018-12-14,12.800000,12.850000,12.730000,12.830000,9.892310,72300
2018-12-17,12.740000,12.870000,12.730000,12.790000,9.861470,132800
2018-12-18,12.720000,12.850000,12.720000,12.790000,9.861470,170600
2018-12-19,12.840000,12.850000,12.790000,12.800000,9.869184,77600
2018-12-20,12.800000,12.850000,12.710000,12.710000,9.799789,149800
2018-12-21,12.710000,12.770000,12.550000,12.630000,9.738106,253200
2018-12-24,12.700000,12.700000,12.560000,12.600000,9.714975,113100
2018-12-26,12.610000,12.690000,12.450000,12.580000,9.699550,263500
2018-12-27,12.590000,12.700000,12.480000,12.540000,9.668713,169500
2018-12-28,12.460000,12.580000,12.460000,12.540000,9.716754,178200
2018-12-31,12.520000,12.720000,12.520000,12.660000,9.809733,229300
2019-01-02,12.730000,12.960000,12.660000,12.960000,10.042195,69600
2019-01-03,12.910000,13.040000,12.910000,13.040000,10.104186,72700
2019-01-04,13.000000,13.020000,12.840000,12.990000,10.065439,119100
2019-01-07,13.050000,13.160000,13.040000,13.120000,10.166175,53600
2019-01-08,13.270000,13.330000,13.170000,13.170000,10.204915,70500
2019-01-09,13.290000,13.290000,13.170000,13.170000,10.204915,19200
2019-01-10,13.270000,13.290000,13.180000,13.220000,10.243658,45900
2019-01-11,13.340000,13.370000,13.220000,13.270000,10.282400,38700
2019-01-14,13.280000,13.360000,13.200000,13.280000,10.290148,33900
2019-01-15,13.390000,13.400000,13.250000,13.300000,10.305649,67600
2019-01-16,13.270000,13.400000,13.270000,13.300000,10.305649,77500
2019-01-17,13.380000,13.440000,13.310000,13.340000,10.336642,43000
2019-01-18,13.440000,13.460000,13.350000,13.390000,10.375390,75100
2019-01-22,13.420000,13.470000,13.380000,13.440000,10.414124,73500
2019-01-23,13.470000,13.750000,13.440000,13.630000,10.561355,152900
2019-01-24,14.000000,14.000000,13.620000,13.910000,10.778308,166000
2019-01-25,13.990000,14.190000,13.820000,14.180000,10.987523,108700
2019-01-28,14.200000,14.200000,13.640000,13.700000,10.615589,115600
2019-01-29,13.770000,13.800000,13.700000,13.790000,10.685328,33300
2019-01-30,13.780000,13.780000,13.610000,13.640000,10.616835,43800
2019-01-31,13.710000,13.800000,13.690000,13.790000,10.733590,52500
2019-02-01,13.860000,13.960000,13.810000,13.880000,10.803639,24400
2019-02-04,13.950000,13.990000,13.870000,13.950000,10.858127,22700
2019-02-05,14.000000,14.000000,13.690000,13.730000,10.686887,61400
2019-02-06,13.730000,13.840000,13.710000,13.800000,10.741370,20900
2019-02-07,13.820000,13.830000,13.690000,13.690000,10.655751,17200
2019-02-08,13.790000,13.800000,13.680000,13.730000,10.686887,36500
2019-02-11,13.760000,13.800000,13.650000,13.770000,10.718019,47300
2019-02-12,13.790000,13.800000,13.750000,13.770000,10.718019,25600
2019-02-13,13.770000,13.790000,13.740000,13.790000,10.733590,26700
2019-02-14,13.800000,13.800000,13.760000,13.800000,10.741370,48500
2019-02-15,13.870000,14.020000,13.790000,14.000000,10.897042,48200
2019-02-19,14.030000,14.080000,13.930000,14.000000,10.897042,39500
2019-02-20,13.990000,14.150000,13.990000,14.140000,11.006012,21100
2019-02-21,14.160000,14.190000,13.990000,14.030000,10.920397,29800
2019-02-22,14.030000,14.060000,13.980000,13.980000,10.881474,46100
2019-02-25,13.990000,14.060000,13.970000,14.060000,10.943743,21800
2019-02-26,14.060000,14.180000,14.040000,14.050000,10.935960,85700
2019-02-27,13.970000,14.000000,13.900000,13.900000,10.867164,34700
2019-02-28,13.900000,13.900000,13.820000,13.880000,10.851524,39800
2019-03-01,13.890000,13.970000,13.890000,13.900000,10.867164,19600
2019-03-04,13.910000,13.930000,13.860000,13.890000,10.859345,15700
2019-03-05,13.900000,13.930000,13.870000,13.920000,10.882796,28800
2019-03-06,13.930000,13.940000,13.930000,13.930000,10.890616,10600
2019-03-07,13.960000,14.040000,13.940000,14.040000,10.976612,36100
2019-03-08,14.080000,14.080000,13.990000,14.030000,10.968798,26100
2019-03-11,14.080000,14.120000,14.010000,14.120000,11.039161,32400
2019-03-12,14.120000,14.120000,14.000000,14.000000,10.945340,24300
2019-03-13,14.080000,14.090000,14.000000,14.000000,10.945340,22400
2019-03-14,14.050000,14.050000,13.990000,13.990000,10.937526,18200
2019-03-15,14.100000,14.120000,13.910000,13.910000,10.874979,39500
2019-03-18,13.960000,14.040000,13.880000,13.920000,10.882796,47000
2019-03-19,14.050000,14.070000,13.950000,14.070000,11.000071,41200
2019-03-20,14.090000,14.150000,14.030000,14.120000,11.039161,29800
2019-03-21,14.140000,14.200000,14.130000,14.160000,11.070433,35500
2019-03-22,14.200000,14.300000,14.190000,14.290000,11.172068,51900
2019-03-25,14.440000,14.600000,14.310000,14.560000,11.383156,71800
2019-03-26,14.560000,14.570000,14.450000,14.550000,11.375338,38100
2019-03-27,14.550000,14.550000,14.430000,14.490000,11.328428,18800
2019-03-28,14.550000,14.550000,14.370000,14.410000,11.314297,39300
2019-03-29,14.670000,14.670000,14.330000,14.350000,11.267188,47600
2019-04-01,14.380000,14.420000,14.340000,14.370000,11.282887,49000
2019-04-02,14.440000,14.480000,14.270000,14.300000,11.227927,38800
2019-04-03,14.310000,14.400000,14.200000,14.220000,11.165112,38600
2019-04-04,14.240000,14.300000,14.240000,14.300000,11.227927,19000
2019-04-05,14.370000,14.370000,14.230000,14.240000,11.180820,44000
2019-04-08,14.300000,14.340000,14.280000,14.280000,11.212227,23800
2019-04-09,14.350000,14.360000,14.260000,14.260000,11.196525,40900
2019-04-10,14.350000,14.360000,14.270000,14.330000,11.251483,14200
2019-04-11,14.420000,14.420000,14.330000,14.380000,11.290745,22200
2019-04-12,14.470000,14.480000,14.370000,14.420000,11.322152,28900
2019-04-15,14.490000,14.550000,14.440000,14.460000,11.353558,60300
2019-04-16,14.520000,14.550000,14.330000,14.440000,11.337854,42900
2019-04-17,14.440000,14.510000,14.440000,14.470000,11.361406,42200
2019-04-18,14.460000,14.510000,14.370000,14.370000,11.282887,41500
2019-04-22,14.480000,14.560000,14.450000,14.550000,11.424219,66900
2019-04-23,14.580000,14.640000,14.530000,14.640000,11.494884,57300
2019-04-24,14.620000,14.630000,14.540000,14.560000,11.432075,51300
2019-04-25,14.540000,14.600000,14.460000,14.460000,11.353558,122200
2019-04-26,14.540000,14.620000,14.520000,14.620000,11.479185,35600
2019-04-29,14.580000,14.590000,14.550000,14.550000,11.472875,24500
2019-04-30,14.570000,14.590000,14.510000,14.580000,11.496533,42300
2019-05-01,14.580000,14.620000,14.550000,14.550000,11.472875,52100
2019-05-02,14.550000,14.560000,14.500000,14.500000,11.433450,46600
2019-05-03,14.540000,14.580000,14.500000,14.540000,11.464988,47100
2019-05-06,14.530000,14.540000,14.500000,14.530000,11.457107,14900
2019-05-07,14.500000,14.630000,14.500000,14.620000,11.528074,23700
2019-05-08,14.700000,14.700000,14.500000,14.550000,11.472875,36800
2019-05-09,14.620000,14.660000,14.560000,14.620000,11.528074,41900
2019-05-10,14.570000,14.680000,14.570000,14.620000,11.528074,18000
2019-05-13,14.690000,14.710000,14.520000,14.550000,11.472875,44900
2019-05-14,14.500000,14.570000,14.440000,14.450000,11.394020,91800
2019-05-15,14.500000,14.590000,14.460000,14.500000,11.433450,62600
2019-05-16,14.480000,14.530000,14.470000,14.470000,11.409794,55500
2019-05-17,14.520000,14.560000,14.440000,14.490000,11.425563,89700
2019-05-20,14.500000,14.520000,14.420000,14.420000,11.370371,58100
2019-05-21,14.510000,14.510000,14.350000,14.360000,11.323058,44100
2019-05-22,14.390000,14.450000,14.350000,14.350000,11.315175,29100
2019-05-23,14.480000,14.480000,14.300000,14.300000,11.275745,86500
2019-05-24,14.280000,14.390000,14.280000,14.360000,11.323058,25900
2019-05-28,14.420000,14.440000,14.370000,14.400000,11.354598,49600
2019-05-29,14.440000,14.470000,14.370000,14.400000,11.354598,62400
2019-05-30,14.340000,14.360000,14.300000,14.310000,11.332424,78500
2019-05-31,14.340000,14.390000,14.290000,14.380000,11.387859,33000
2019-06-03,14.330000,14.390000,14.310000,14.320000,11.340345,58100
2019-06-04,14.340000,14.370000,14.280000,14.280000,11.308664,35000
2019-06-05,14.330000,14.340000,14.280000,14.280000,11.308664,30400
2019-06-06,14.320000,14.330000,14.250000,14.250000,11.284910,45400
2019-06-07,14.330000,14.390000,14.300000,14.390000,11.395778,122000
2019-06-10,14.400000,14.490000,14.350000,14.470000,11.459131,94000
2019-06-11,14.420000,14.470000,14.390000,14.410000,11.411616,61300
2019-06-12,14.390000,14.470000,14.380000,14.460000,11.451210,45600
2019-06-13,14.470000,14.510000,14.430000,14.490000,11.474970,47500
2019-06-14,14.520000,14.560000,14.500000,14.550000,11.522485,12400
2019-06-17,14.680000,14.690000,14.570000,14.570000,11.538321,40200
2019-06-18,14.650000,14.650000,14.480000,14.480000,11.467053,105200
2019-06-19,14.460000,14.520000,14.450000,14.490000,11.474970,35400
2019-06-20,14.510000,14.580000,14.500000,14.550000,11.522485,25100
2019-06-21,14.580000,14.680000,14.540000,14.650000,11.601678,50800
2019-06-24,14.730000,14.900000,14.670000,14.850000,11.760064,66600
2019-06-25,14.840000,14.910000,14.510000,14.590000,11.554161,131800
2019-06-26,14.660000,14.680000,14.610000,14.680000,11.625433,35000
2019-06-27,14.620000,14.680000,14.570000,14.650000,11.650882,40900
2019-06-28,14.650000,14.650000,14.580000,14.580000,11.595215,40100
2019-07-01,14.690000,14.790000,14.590000,14.660000,11.658839,51900
2019-07-02,14.740000,14.770000,14.680000,14.740000,11.722460,31400
2019-07-03,14.770000,14.790000,14.740000,14.790000,11.762221,12200
2019-07-05,14.730000,14.790000,14.690000,14.780000,11.754272,26700
2019-07-08,14.690000,14.790000,14.620000,14.680000,11.674742,41100
2019-07-09,14.650000,14.770000,14.600000,14.650000,11.650882,37200
2019-07-10,14.670000,14.710000,14.520000,14.550000,11.571355,109200
2019-07-11,14.600000,14.760000,14.600000,14.710000,11.698602,55400
2019-07-12,14.760000,14.850000,14.740000,14.840000,11.801987,25700
2019-07-15,14.960000,14.960000,14.850000,14.880000,11.833798,56000
2019-07-16,14.820000,14.900000,14.820000,14.900000,11.849706,43300
2019-07-17,14.900000,15.000000,14.860000,15.000000,11.929235,66200
2019-07-18,15.000000,15.000000,14.810000,14.850000,11.809940,44100
2019-07-19,14.850000,14.940000,14.850000,14.900000,11.849706,16700
2019-07-22,14.880000,14.980000,14.880000,14.980000,11.913326,56200
2019-07-23,15.000000,15.000000,14.860000,14.920000,11.865607,33500
2019-07-24,14.990000,15.050000,14.940000,14.940000,11.881518,38900
2019-07-25,15.000000,15.030000,14.950000,15.030000,11.953097,30300
2019-07-26,15.050000,15.090000,14.970000,15.070000,11.984903,40400
2019-07-29,15.110000,15.500000,15.110000,15.410000,12.255301,76200
2019-07-30,15.390000,15.440000,15.360000,15.370000,12.272863,74100
2019-07-31,15.390000,15.500000,15.330000,15.400000,12.296822,48200
2019-08-01,15.410000,15.500000,15.330000,15.400000,12.296822,42400
2019-08-02,15.420000,15.650000,15.370000,15.500000,12.376672,47300
2019-08-05,15.500000,15.580000,15.340000,15.440000,12.328759,53500
2019-08-06,15.470000,15.470000,15.330000,15.450000,12.336743,32800
2019-08-07,15.510000,15.600000,15.400000,15.430000,12.320776,32000
2019-08-08,15.460000,15.460000,15.200000,15.240000,12.169063,49500
2019-08-09,15.210000,15.290000,15.090000,15.180000,12.121153,26900
2019-08-12,15.260000,15.300000,15.180000,15.220000,12.153089,15100
2019-08-13,15.080000,15.330000,15.080000,15.320000,12.232944,38100
2019-08-14,15.380000,15.470000,15.320000,15.370000,12.272863,70300
2019-08-15,15.380000,15.650000,15.240000,15.240000,12.169063,54800
2019-08-16,15.260000,15.650000,15.260000,15.600000,12.456519,38400
2019-08-19,15.600000,15.710000,15.600000,15.620000,12.472490,53800
2019-08-20,15.690000,15.690000,15.550000,15.600000,12.456519,24500
2019-08-21,15.590000,15.630000,15.450000,15.470000,12.352715,19500
2019-08-22,15.460000,15.500000,15.350000,15.350000,12.256896,32000
2019-08-23,15.420000,15.440000,15.260000,15.400000,12.296822,73400
2019-08-26,15.360000,15.550000,15.360000,15.530000,12.400624,46100
2019-08-27,15.600000,15.780000,15.550000,15.740000,12.568309,44600
2019-08-28,15.780000,15.780000,15.570000,15.600000,12.456519,78900
2019-08-29,15.620000,15.660000,15.480000,15.520000,12.442089,71800
2019-08-30,15.540000,15.560000,15.460000,15.500000,12.426058,22600
2019-09-03,15.570000,15.570000,15.500000,15.570000,12.482171,14600
2019-09-04,15.530000,15.540000,15.440000,15.500000,12.426058,41500
2019-09-05,15.550000,15.550000,15.240000,15.300000,12.265723,33900
2019-09-06,15.550000,15.550000,15.250000,15.270000,12.241672,26800
2019-09-09,15.240000,15.310000,15.060000,15.240000,12.217623,67900
2019-09-10,15.430000,15.430000,15.130000,15.150000,12.145467,22600
2019-09-11,15.200000,15.200000,15.040000,15.060000,12.073316,48900
2019-09-12,15.060000,15.060000,14.870000,14.900000,11.945045,129800
2019-09-13,14.870000,15.010000,14.570000,14.680000,11.768677,68900
2019-09-16,14.720000,14.850000,14.700000,14.740000,11.816779,84200
2019-09-17,14.930000,15.100000,14.850000,15.000000,12.025217,42400
2019-09-18,15.160000,15.380000,15.160000,15.320000,12.281757,50600
2019-09-19,15.380000,15.560000,15.360000,15.540000,12.458118,52300
2019-09-20,15.560000,15.560000,15.470000,15.480000,12.410023,22200
2019-09-23,15.550000,15.570000,15.380000,15.390000,12.337872,16400
2019-09-24,15.470000,15.570000,15.380000,15.430000,12.369937,31300
2019-09-25,15.520000,15.570000,15.310000,15.360000,12.313818,40500
2019-09-26,15.420000,15.520000,15.370000,15.410000,12.353905,38800
2019-09-27,15.330000,15.430000,15.200000,15.430000,12.419907,27400
2019-09-30,15.430000,15.490000,15.410000,15.450000,12.436007,22700
2019-10-01,15.490000,15.530000,15.410000,15.500000,12.476251,46600
2019-10-02,15.520000,15.530000,15.460000,15.460000,12.444057,34500
2019-10-03,15.520000,15.520000,15.340000,15.340000,12.347464,52800
2019-10-04,15.370000,15.400000,15.340000,15.360000,12.363561,14900
2019-10-07,15.380000,15.570000,15.380000,15.560000,12.524549,34200
2019-10-08,15.570000,15.600000,15.530000,15.600000,12.556747,16100
2019-10-09,15.600000,15.600000,15.380000,15.440000,12.427955,13200
2019-10-10,15.540000,15.580000,15.500000,15.540000,12.508450,13300
2019-10-11,15.520000,15.650000,15.520000,15.550000,12.516500,25200
2019-10-14,15.660000,15.680000,15.570000,15.680000,12.621143,23000
2019-10-15,15.740000,15.750000,15.540000,15.580000,12.540647,34100
2019-10-16,15.620000,15.650000,15.380000,15.430000,12.419907,50600
2019-10-17,15.450000,15.450000,15.260000,15.270000,12.291121,42200
2019-10-18,15.330000,15.470000,15.190000,15.200000,12.234777,21600
2019-10-21,15.180000,15.260000,15.150000,15.260000,12.283072,24200
2019-10-22,15.600000,15.600000,15.350000,15.350000,12.355515,42500
2019-10-23,15.460000,15.590000,15.130000,15.130000,12.178433,41500
2019-10-24,15.210000,15.260000,15.080000,15.080000,12.138184,74100
2019-10-25,15.100000,15.200000,15.000000,15.000000,12.073795,41200
2019-10-28,15.000000,15.080000,14.930000,14.930000,12.017446,47500
2019-10-29,14.930000,15.120000,14.930000,15.060000,12.122086,40100
2019-10-30,15.000000,15.380000,15.000000,15.270000,12.341932,48700
2019-10-31,15.340000,15.580000,15.300000,15.570000,12.584406,36700
2019-11-01,15.560000,15.650000,15.280000,15.280000,12.350017,26300
2019-11-04,15.390000,15.490000,15.170000,15.200000,12.285355,36900
2019-11-05,15.230000,15.500000,15.230000,15.450000,12.487418,27300
2019-11-06,15.500000,15.740000,15.380000,15.660000,12.657149,88900
2019-11-07,15.740000,15.760000,15.330000,15.600000,12.608655,55600
2019-11-08,15.600000,15.750000,15.580000,15.750000,12.729889,27500
2019-11-11,15.670000,15.800000,15.670000,15.790000,12.762217,20700
2019-11-12,15.700000,15.800000,15.580000,15.650000,12.649065,16000
2019-11-13,15.830000,15.830000,15.320000,15.390000,12.438919,76800
2019-11-14,15.410000,15.460000,15.330000,15.390000,12.438919,27300
2019-11-15,15.420000,15.530000,15.330000,15.530000,12.552079,34700
2019-11-18,15.450000,15.530000,15.280000,15.280000,12.350017,41700
2019-11-19,15.340000,15.440000,15.280000,15.400000,12.447005,18800
2019-11-20,15.330000,15.530000,15.330000,15.450000,12.487418,26300
2019-11-21,15.410000,15.450000,15.340000,15.370000,12.422755,19600
2019-11-22,15.440000,15.790000,15.430000,15.700000,12.689479,49800
2019-11-25,15.690000,15.830000,15.660000,15.760000,12.737971,21300
2019-11-26,15.860000,16.370001,15.760000,15.860000,12.818797,70200
2019-11-27,15.930000,15.940000,15.670000,15.810000,12.828537,24400
2019-11-29,15.760000,15.950000,15.620000,15.620000,12.674368,9700
2019-12-02,15.730000,15.890000,15.530000,15.620000,12.674368,30700
2019-12-03,15.530000,15.850000,15.530000,15.570000,12.633793,28800
2019-12-04,15.630000,15.890000,15.400000,15.510000,12.585109,24000
2019-12-05,15.530000,15.640000,15.340000,15.550000,12.617567,34000
2019-12-06,15.440000,15.520000,15.380000,15.420000,12.512080,43700
2019-12-09,15.420000,15.500000,15.380000,15.400000,12.495853,60700
2019-12-10,15.350000,15.400000,15.290000,15.300000,12.414710,69700
2019-12-11,15.300000,15.360000,15.280000,15.290000,12.406596,42300
2019-12-12,15.280000,15.330000,15.210000,15.330000,12.439052,44000
2019-12-13,15.330000,15.450000,15.330000,15.440000,12.528309,47400
2019-12-16,15.450000,15.700000,15.410000,15.500000,12.576996,44600
2019-12-17,15.610000,15.610000,15.440000,15.490000,12.568881,50500
2019-12-18,15.510000,15.540000,15.430000,15.540000,12.609448,33200
2019-12-19,15.580000,15.640000,15.520000,15.550000,12.617567,36100
2019-12-20,15.550000,15.630000,15.500000,15.600000,12.658137,38300
2019-12-23,15.670000,15.670000,15.370000,15.540000,12.609448,42400
2019-12-24,15.640000,15.660000,15.560000,15.660000,12.706821,12000
2019-12-26,15.730000,15.730000,15.500000,15.520000,12.593227,19500
2019-12-27,15.540000,15.600000,15.460000,15.460000,12.544537,44000
2019-12-30,15.410000,15.440000,15.340000,15.340000,12.497286,33100
2019-12-31,15.350000,15.430000,15.310000,15.410000,12.554312,42200
2020-01-02,15.300000,15.380000,15.240000,15.300000,12.464696,80300
2020-01-03,15.410000,15.410000,15.310000,15.320000,12.480993,53100
2020-01-06,15.320000,15.330000,15.260000,15.270000,12.440256,32300
2020-01-07,15.350000,15.430000,15.300000,15.430000,12.570609,51200
2020-01-08,15.410000,15.500000,15.400000,15.500000,12.627633,18000
2020-01-09,15.530000,15.530000,15.460000,15.530000,12.652076,35800
2020-01-10,15.500000,15.710000,15.480000,15.710000,12.798721,44200
2020-01-13,15.700000,15.700000,15.610000,15.690000,12.782425,35600
2020-01-14,15.750000,15.800000,15.650000,15.800000,12.872042,50100
2020-01-15,15.930000,15.930000,15.730000,15.890000,12.945364,56100
2020-01-16,15.830000,16.020000,15.730000,15.890000,12.945364,54400
2020-01-17,15.900000,15.970000,15.700000,15.740000,12.823158,50700
2020-01-21,15.790000,16.000000,15.750000,16.000000,13.034979,33200
2020-01-22,15.950000,15.950000,15.800000,15.800000,12.872042,22700
2020-01-23,15.820000,15.950000,15.790000,15.810000,12.880192,23600
2020-01-24,15.840000,15.950000,15.820000,15.920000,12.969804,23600
2020-01-27,15.950000,16.010000,15.850000,16.010000,13.043126,30000
2020-01-28,15.960000,16.040001,15.900000,15.900000,12.953507,34100
2020-01-29,15.940000,16.000000,15.850000,15.900000,12.953507,41900
2020-01-30,15.850000,15.880000,15.800000,15.820000,12.938787,27800
2020-01-31,15.810000,15.840000,15.750000,15.770000,12.897894,29900
2020-02-03,15.770000,15.840000,15.670000,15.670000,12.816108,53000
2020-02-04,15.660000,15.740000,15.600000,15.650000,12.799752,33300
2020-02-05,15.650000,15.770000,15.530000,15.690000,12.832466,45400
2020-02-06,15.660000,15.770000,15.610000,15.640000,12.791572,15600
2020-02-07,15.680000,15.800000,15.680000,15.790000,12.914253,36200
2020-02-10,15.810000,15.860000,15.720000,15.740000,12.873357,40100
2020-02-11,15.740000,15.890000,15.620000,15.720000,12.857000,59100
2020-02-12,15.670000,15.860000,15.670000,15.750000,12.881535,34600
2020-02-13,15.770000,15.850000,15.750000,15.770000,12.897894,21300
2020-02-14,15.520000,15.730000,15.520000,15.690000,12.832466,56000
2020-02-18,15.710000,15.860000,15.710000,15.840000,12.955149,39900
2020-02-19,15.800000,15.930000,15.800000,15.900000,13.004220,23500
2020-02-20,15.900000,16.230000,15.900000,16.209999,13.257757,63800
2020-02-21,16.160000,16.430000,16.150000,16.400000,13.413159,69700
2020-02-24,16.440001,16.700001,16.100000,16.230000,13.274117,71800
2020-02-25,16.340000,16.549999,16.320000,16.510000,13.503125,71700
2020-02-26,16.580000,16.850000,16.330000,16.400000,13.413159,83700
2020-02-27,16.450001,16.450001,16.240000,16.260000,13.349125,89100
2020-02-28,16.260000,16.430000,15.620000,15.690000,12.881164,59900
2020-03-02,15.550000,16.230000,15.520000,16.150000,13.258812,42800
2020-03-03,15.810000,16.160000,15.810000,16.010000,13.143876,16600
2020-03-04,15.990000,16.040001,15.910000,16.010000,13.143876,40800
2020-03-05,16.030001,16.030001,15.910000,15.980000,13.119243,7700
2020-03-06,15.990000,15.990000,15.810000,15.860000,13.020728,34300
2020-03-09,15.510000,15.670000,15.290000,15.540000,12.758016,45200
2020-03-10,15.440000,15.540000,15.280000,15.310000,12.569190,51200
2020-03-11,15.290000,15.310000,14.750000,14.920000,12.249006,77500
2020-03-12,14.550000,14.820000,13.560000,13.900000,11.411608,82900
2020-03-13,13.800000,14.360000,13.540000,14.280000,11.723583,80900
2020-03-16,14.100000,14.430000,13.650000,13.850000,11.370562,50900
2020-03-17,13.660000,13.950000,13.310000,13.310000,10.927234,108900
2020-03-18,13.190000,13.190000,11.240000,12.300000,10.098042,87400
2020-03-19,12.300000,12.390000,12.020000,12.180000,9.999525,66800
2020-03-20,12.020000,12.980000,12.020000,12.160000,9.983108,120600
2020-03-23,12.060000,12.160000,11.150000,11.150000,9.153917,282300
2020-03-24,11.260000,11.950000,11.260000,11.790000,9.679346,58100
2020-03-25,11.810000,14.300000,11.810000,13.570000,11.140687,122000
2020-03-26,12.850000,13.940000,12.850000,13.670000,11.222783,58500
2020-03-27,13.670000,13.930000,13.270000,13.480000,11.066803,60300
2020-03-30,13.430000,14.300000,13.420000,14.300000,11.794245,89600
2020-03-31,14.400000,14.840000,14.400000,14.650000,12.082915,85000
2020-04-01,14.370000,14.370000,13.150000,13.190000,10.878753,92800
2020-04-02,13.300000,13.580000,12.730000,13.070000,10.779776,42200
2020-04-03,12.830000,13.110000,12.520000,12.650000,10.433373,44600
2020-04-06,12.860000,12.880000,12.530000,12.790000,10.548841,109700
2020-04-07,13.100000,13.130000,12.750000,12.850000,10.598327,50300
2020-04-08,13.300000,13.300000,12.910000,13.050000,10.763282,40000
2020-04-09,13.150000,13.720000,13.150000,13.520000,11.150927,43300
2020-04-13,13.400000,13.610000,13.400000,13.450000,11.093190,20600
2020-04-14,13.650000,13.700000,13.500000,13.530000,11.159171,25300
2020-04-15,13.790000,13.790000,13.460000,13.520000,11.150927,61300
2020-04-16,13.520000,13.780000,13.450000,13.510000,11.142676,57600
2020-04-17,13.540000,13.550000,13.430000,13.450000,11.093190,31000
2020-04-20,13.220000,13.700000,13.220000,13.530000,11.159171,102300
2020-04-21,13.410000,13.640000,13.410000,13.640000,11.249898,24800
2020-04-22,13.740000,13.940000,13.660000,13.850000,11.423100,45600
2020-04-23,13.790000,13.800000,13.350000,13.490000,11.126183,46600
2020-04-24,13.800000,13.800000,13.280000,13.280000,10.952979,30000
2020-04-27,13.390000,13.450000,13.280000,13.310000,10.977721,13800
2020-04-28,13.200000,13.330000,12.880000,13.260000,10.936488,26500
2020-04-29,13.230000,13.520000,13.180000,13.410000,11.112159,34800
2020-04-30,13.520000,13.520000,13.230000,13.520000,11.203312,22100
2020-05-01,13.510000,13.520000,13.270000,13.450000,11.145304,21900
2020-05-04,13.520000,13.670000,13.300000,13.490000,11.178448,21100
2020-05-05,13.490000,13.670000,13.230000,13.290000,11.012715,85400
2020-05-06,13.320000,13.550000,13.270000,13.310000,11.029295,33400
2020-05-07,13.460000,13.620000,13.400000,13.580000,11.253029,18100
2020-05-08,13.620000,13.620000,13.440000,13.580000,11.253029,25900
2020-05-11,13.610000,13.700000,13.450000,13.680000,11.335888,25100
2020-05-12,13.700000,13.780000,13.470000,13.750000,11.393899,19300
2020-05-13,13.800000,13.850000,13.490000,13.600000,11.269603,23400
2020-05-14,13.160000,13.480000,13.160000,13.220000,10.954718,33300
2020-05-15,13.370000,13.460000,13.210000,13.320000,11.037580,23900
2020-05-18,13.450000,13.800000,13.320000,13.590000,11.261315,59500
2020-05-19,13.540000,13.690000,13.540000,13.670000,11.327605,38700
2020-05-20,13.900000,13.940000,13.720000,13.900000,11.518193,32000
2020-05-21,13.840000,14.500000,13.810000,14.000000,11.601060,39600
2020-05-22,14.480000,14.480000,14.040000,14.250000,11.808222,49900
2020-05-26,13.630000,14.160000,13.520000,14.100000,11.683921,157300
2020-05-27,14.140000,14.220000,14.140000,14.160000,11.733642,76900
2020-05-28,14.170000,14.170000,13.980000,14.150000,11.776922,34900
2020-05-29,14.150000,14.160000,14.090000,14.130000,11.760277,53900
2020-06-01,14.170000,14.210000,14.110000,14.140000,11.768600,47400
2020-06-02,14.190000,14.190000,14.010000,14.130000,11.760277,36100
2020-06-03,14.140000,14.150000,13.980000,14.040000,11.685371,35300
2020-06-04,14.050000,14.050000,13.950000,14.050000,11.693692,28700
2020-06-05,14.000000,14.050000,13.960000,14.030000,11.677048,41700
2020-06-08,14.030000,14.030000,13.960000,14.000000,11.652081,54000
2020-06-09,14.010000,14.010000,13.950000,13.990000,11.643758,25700
2020-06-10,13.970000,13.980000,13.920000,13.980000,11.635431,60200
2020-06-11,14.030000,14.030000,13.800000,13.830000,11.510585,75000
2020-06-12,13.760000,13.870000,13.760000,13.850000,11.527237,70700
2020-06-15,13.930000,13.950000,13.850000,13.930000,11.593820,56100
2020-06-16,13.930000,14.130000,13.930000,14.130000,11.760277,45400
2020-06-17,14.080000,14.130000,13.980000,14.120000,11.751955,35900
2020-06-18,14.110000,14.210000,14.070000,14.130000,11.760277,28900
2020-06-19,14.240000,14.240000,14.130000,14.150000,11.776922,24700
2020-06-22,14.210000,14.230000,14.150000,14.170000,11.793571,29800
2020-06-23,14.150000,14.290000,14.150000,14.240000,11.851830,39400
2020-06-24,14.320000,14.390000,14.100000,14.160000,11.785245,49000
2020-06-25,14.240000,14.340000,14.030000,14.070000,11.710338,64100
2020-06-26,14.160000,14.170000,13.980000,14.030000,11.677048,36700
2020-06-29,13.970000,13.970000,13.900000,13.950000,11.661998,32300
2020-06-30,13.920000,13.970000,13.880000,13.880000,11.603480,39000
2020-07-01,13.960000,13.960000,13.840000,13.930000,11.645281,58300
2020-07-02,13.900000,14.020000,13.860000,13.900000,11.620199,53800
2020-07-06,13.900000,14.140000,13.900000,14.100000,11.787395,98000
2020-07-07,14.100000,14.500000,14.100000,14.410000,12.046554,111900
2020-07-08,14.470000,14.680000,14.410000,14.560000,12.171948,62200
2020-07-09,14.700000,14.800000,14.560000,14.800000,12.372587,43600
2020-07-10,14.870000,14.870000,14.600000,14.820000,12.389307,38800
2020-07-13,15.000000,15.000000,14.830000,14.830000,12.397667,20900
2020-07-14,14.830000,14.830000,14.650000,14.690000,12.280628,28100
2020-07-15,14.750000,15.580000,14.710000,15.010000,12.548144,51500
2020-07-16,14.850000,14.850000,14.720000,14.810000,12.380947,31900
2020-07-17,14.950000,14.950000,14.760000,14.860000,12.422745,29400
2020-07-20,14.910000,15.130000,14.880000,14.880000,12.439466,36300
2020-07-21,15.070000,15.080000,14.850000,14.850000,12.414387,21800
2020-07-22,14.940000,15.050000,14.910000,14.930000,12.481264,36500
2020-07-23,14.950000,15.100000,14.900000,14.990000,12.531425,42600
2020-07-24,15.000000,15.210000,15.000000,15.030000,12.564865,33600
2020-07-27,15.250000,15.250000,15.130000,15.210000,12.715343,51300
2020-07-28,15.250000,15.300000,15.020000,15.250000,12.748781,45500
2020-07-29,15.290000,15.580000,15.290000,15.570000,13.016295,31700
2020-07-30,15.550000,16.430000,15.550000,15.950000,13.387278,38800
2020-07-31,16.080000,16.080000,15.600000,15.610000,13.101908,22000
2020-08-03,16.180000,16.180000,15.640000,15.830000,13.286559,44100
2020-08-04,15.940000,15.940000,15.600000,15.650000,13.135483,24900
2020-08-05,15.650000,15.650000,15.290000,15.650000,13.135483,33400
2020-08-06,15.650000,15.650000,15.360000,15.380000,12.908861,47500
2020-08-07,15.600000,15.600000,15.400000,15.530000,13.034760,27700
2020-08-10,15.530000,15.600000,15.320000,15.320000,12.858502,30000
2020-08-11,15.350000,15.600000,15.120000,15.120000,12.690635,105700
2020-08-12,15.290000,15.430000,15.210000,15.410000,12.934042,54600
2020-08-13,15.600000,15.600000,15.170000,15.370000,12.900467,35500
2020-08-14,15.510000,15.560000,15.110000,15.280000,12.824931,54500
2020-08-17,15.600000,15.600000,15.090000,15.200000,12.757783,54200
2020-08-18,15.310000,15.350000,15.190000,15.300000,12.841715,30800
2020-08-19,15.230000,15.380000,15.180000,15.180000,12.740998,29800
2020-08-20,15.260000,15.320000,15.090000,15.150000,12.715816,27200
2020-08-21,15.300000,15.300000,15.060000,15.140000,12.707421,37200
2020-08-24,15.140000,15.430000,15.140000,15.280000,12.824931,37100
2020-08-25,15.600000,15.600000,15.250000,15.320000,12.858502,23100
2020-08-26,15.490000,15.490000,14.940000,14.960000,12.556342,45500
2020-08-27,15.010000,15.230000,14.740000,14.820000,12.438839,47100
2020-08-28,14.840000,15.000000,14.790000,14.930000,12.583808,26600
2020-08-31,14.880000,15.150000,14.880000,15.100000,12.727095,41800
2020-09-01,15.200000,15.470000,14.900000,15.440000,13.013662,39900
2020-09-02,15.490000,15.490000,15.230000,15.260000,12.861949,43600
2020-09-03,15.310000,15.490000,14.820000,15.030000,12.668096,37800
2020-09-04,15.130000,15.280000,14.800000,14.800000,12.474237,25500
2020-09-08,14.700000,14.980000,14.700000,14.700000,12.389954,33600
2020-09-09,14.810000,15.140000,14.810000,15.120000,12.743951,17300
2020-09-10,15.200000,15.640000,15.120000,15.640000,13.182237,47500
2020-09-11,15.600000,15.600000,15.390000,15.400000,12.979949,33700
2020-09-14,15.590000,15.600000,15.370000,15.370000,12.954665,16500
2020-09-15,15.600000,15.610000,15.420000,15.610000,13.156952,40400
2020-09-16,15.600000,15.620000,15.490000,15.620000,13.165379,16200
2020-09-17,15.600000,15.600000,15.290000,15.430000,13.005235,33400
2020-09-18,15.600000,15.600000,15.370000,15.400000,12.979949,21700
2020-09-21,15.550000,15.550000,15.400000,15.490000,13.055805,9300
2020-09-22,15.490000,15.550000,15.490000,15.490000,13.055805,16600
2020-09-23,15.600000,15.600000,15.490000,15.530000,13.089521,18100
2020-09-24,15.590000,15.590000,15.120000,15.390000,12.971525,43900
2020-09-25,15.570000,15.570000,15.260000,15.280000,12.878812,30200
2020-09-28,15.280000,15.600000,15.280000,15.470000,13.038953,20700
2020-09-29,15.390000,15.590000,15.300000,15.590000,13.192968,20600
2020-09-30,15.590000,15.630000,15.340000,15.400000,13.032180,33000
2020-10-01,15.600000,15.600000,15.310000,15.440000,13.066030,24700
2020-10-02,15.600000,15.600000,15.450000,15.490000,13.108340,9900
2020-10-05,15.600000,15.600000,15.250000,15.250000,12.905242,19400
2020-10-06,15.250000,15.550000,15.190000,15.200000,12.862930,29900
2020-10-07,15.500000,15.500000,15.110000,15.160000,12.829082,22100
2020-10-08,15.270000,15.430000,15.060000,15.090000,12.769844,18500
2020-10-09,15.170000,15.170000,15.020000,15.020000,12.710605,11000
2020-10-12,15.170000,15.170000,14.910000,14.910000,12.617518,22300
2020-10-13,14.980000,14.980000,14.770000,14.770000,12.499048,23500
2020-10-14,14.840000,14.910000,14.750000,14.800000,12.524433,22400
2020-10-15,14.870000,14.910000,14.700000,14.700000,12.439810,38800
2020-10-16,14.800000,14.870000,14.640000,14.650000,12.397494,24900
2020-10-19,14.740000,14.840000,14.700000,14.700000,12.439810,26400
2020-10-20,14.770000,15.000000,14.770000,14.910000,12.617518,27000
2020-10-21,14.880000,14.900000,14.810000,14.820000,12.541358,12800
2020-10-22,14.870000,14.880000,14.720000,14.750000,12.482123,17100
2020-10-23,14.770000,14.820000,14.680000,14.680000,12.422885,12000
2020-10-26,14.650000,14.740000,14.160000,14.270000,12.075925,130600
2020-10-27,14.250000,14.330000,14.140000,14.220000,12.033610,84600
2020-10-28,14.160000,14.280000,14.050000,14.250000,12.058998,64200
2020-10-29,14.130000,14.260000,14.110000,14.150000,12.026701,42300
2020-10-30,14.150000,14.180000,14.050000,14.150000,12.026701,31000
2020-11-02,14.250000,14.250000,14.120000,14.160000,12.035200,13700
2020-11-03,14.160000,14.270000,14.120000,14.230000,12.094698,25700
2020-11-04,14.340000,14.510000,14.250000,14.480000,12.307179,61100
2020-11-05,14.520000,14.660000,14.440000,14.660000,12.460174,57000
2020-11-06,14.650000,14.800000,14.640000,14.790000,12.570665,22200
2020-11-09,14.660000,14.910000,14.660000,14.910000,12.672657,46500
2020-11-10,14.900000,14.990000,14.880000,14.930000,12.689655,36000
2020-11-11,15.000000,15.000000,14.840000,14.910000,12.672657,31400
2020-11-12,14.930000,14.990000,14.720000,14.730000,12.519666,44500
2020-11-13,14.810000,14.880000,14.750000,14.870000,12.638659,24700
2020-11-16,14.950000,14.950000,14.700000,14.730000,12.519666,62100
2020-11-17,14.840000,14.980000,14.840000,14.920000,12.681157,40700
2020-11-18,14.920000,14.960000,14.730000,14.910000,12.672657,55400
2020-11-19,15.040000,15.130000,14.970000,15.040000,12.783151,28300
2020-11-20,15.170000,15.170000,15.050000,15.150000,12.876642,29300
2020-11-23,15.170000,15.210000,15.150000,15.210000,12.927641,51300
2020-11-24,15.200000,15.350000,15.200000,15.350000,13.046632,17000
2020-11-25,15.350000,15.520000,15.350000,15.450000,13.131627,19900
2020-11-27,15.450000,15.450000,15.300000,15.310000,13.065064,17800
2020-11-30,15.250000,15.340000,15.250000,15.340000,13.090667,9100
2020-12-01,15.380000,15.450000,15.290000,15.420000,13.158936,31100
2020-12-02,15.420000,15.450000,15.340000,15.450000,13.184534,22000
2020-12-03,15.450000,15.520000,15.010000,15.290000,13.047997,62000
2020-12-04,15.370000,15.380000,15.180000,15.240000,13.005326,24300
2020-12-07,15.260000,15.360000,15.260000,15.260000,13.022396,11100
2020-12-08,15.290000,15.320000,15.250000,15.310000,13.065064,22000
2020-12-09,15.340000,15.400000,15.270000,15.270000,13.030930,35900
2020-12-10,15.340000,15.400000,15.310000,15.310000,13.065064,11400
2020-12-11,15.390000,15.390000,15.350000,15.370000,13.116266,12100
2020-12-14,15.400000,15.400000,15.170000,15.210000,12.979726,37700
2020-12-15,15.300000,15.400000,15.140000,15.180000,12.954126,37200
2020-12-16,15.150000,15.290000,15.080000,15.080000,12.868791,42000
2020-12-17,15.170000,15.240000,14.840000,14.920000,12.732249,44600
2020-12-18,14.850000,14.970000,14.840000,14.920000,12.732249,34200
2020-12-21,14.960000,15.010000,14.900000,14.960000,12.766387,35800
2020-12-22,15.060000,15.090000,14.900000,14.920000,12.732249,29300
2020-12-23,15.170000,15.170000,14.840000,14.870000,12.689584,56600
2020-12-24,14.900000,14.920000,14.880000,14.920000,12.732249,46600
2020-12-28,15.200000,15.200000,14.860000,14.950000,12.757849,39300
2020-12-29,15.000000,15.030000,14.900000,15.030000,12.826122,31800
2020-12-30,15.200000,15.200000,14.920000,15.100000,12.939232,41400
2020-12-31,15.100000,15.200000,14.950000,15.200000,13.024923,50100
2021-01-04,15.250000,15.340000,15.240000,15.340000,13.144891,37000
2021-01-05,15.390000,15.400000,15.340000,15.400000,13.196301,15000
2021-01-06,15.350000,15.350000,15.260000,15.300000,13.110614,30100
2021-01-07,15.300000,15.300000,15.220000,15.300000,13.110614,18200
2021-01-08,15.650000,15.650000,15.400000,15.500000,13.281994,61200
2021-01-11,15.590000,16.000000,15.520000,15.960000,13.676170,58800
2021-01-12,15.950000,15.950000,15.450000,15.460000,13.247716,45200
2021-01-13,15.650000,15.800000,15.400000,15.500000,13.281994,23100
2021-01-14,15.500000,15.740000,15.210000,15.260000,13.076337,42300
2021-01-15,15.250000,15.250000,15.110000,15.110000,12.947803,47200
2021-01-19,15.250000,15.250000,15.120000,15.200000,13.024923,37600
2021-01-20,15.250000,15.250000,15.170000,15.240000,13.059200,16500
2021-01-21,15.250000,15.350000,15.190000,15.320000,13.127750,23200
2021-01-22,15.400000,15.480000,15.290000,15.390000,13.187736,35300
2021-01-25,15.430000,15.520000,15.300000,15.320000,13.127750,41600
2021-01-26,15.400000,15.510000,15.310000,15.460000,13.247716,39200
2021-01-27,15.360000,15.550000,15.340000,15.350000,13.153458,33000
2021-01-28,15.250000,15.350000,15.190000,15.200000,13.077744,38100
2021-01-29,15.270000,15.330000,15.190000,15.220000,13.094952,26800
2021-02-01,15.240000,15.310000,15.150000,15.200000,13.077744,38300
2021-02-02,15.160000,15.300000,15.160000,15.240000,13.112161,24200
2021-02-03,15.250000,15.280000,15.200000,15.220000,13.094952,38200
2021-02-04,15.240000,15.500000,15.240000,15.480000,13.318650,54100
2021-02-05,15.500000,15.830000,15.490000,15.830000,13.619782,43400
2021-02-08,15.880000,16.500000,15.850000,16.260000,13.989746,66900
2021-02-09,16.490000,16.650000,15.800000,16.650000,14.325293,54700
2021-02-10,16.700001,16.730000,16.500000,16.600000,14.282273,50500
2021-02-11,17.000000,17.000000,16.270000,16.430000,14.136009,48000
2021-02-12,16.570000,16.570000,16.330000,16.370001,14.084389,22600
2021-02-16,16.740000,16.740000,16.180000,16.260000,13.989746,42600
2021-02-17,16.020000,16.600000,16.010000,16.070000,13.826274,57500
2021-02-18,16.400000,16.400000,15.700000,15.800000,13.593973,40600
2021-02-19,16.190001,16.190001,15.640000,15.700000,13.507934,44800
2021-02-22,15.990000,16.000000,15.420000,15.490000,13.327253,32100
2021-02-23,15.800000,15.800000,15.300000,15.420000,13.267030,28900
2021-02-24,15.500000,15.500000,15.350000,15.420000,13.267030,28100
2021-02-25,15.420000,16.750000,15.350000,15.720000,13.579742,51700
2021-02-26,16.290001,16.500000,15.550000,15.620000,13.493355,48500
2021-03-01,15.890000,16.030001,15.520000,15.890000,13.726597,44900
2021-03-02,16.000000,16.180000,15.850000,16.150000,13.951197,29800
2021-03-03,16.240000,16.240000,15.710000,15.770000,13.622933,38800
2021-03-04,15.980000,16.200001,15.750000,15.980000,13.804342,17200
2021-03-05,16.110001,16.160000,15.950000,16.049999,13.864810,16700
2021-03-08,16.059999,16.059999,15.670000,15.710000,13.571103,26600
2021-03-09,15.820000,16.180000,15.820000,16.170000,13.968474,25700
2021-03-10,16.170000,16.170000,15.810000,16.139999,13.942555,10100
2021-03-11,16.170000,16.170000,15.850000,15.860000,13.700679,14600
2021-03-12,15.940000,15.990000,15.440000,15.580000,13.458801,33300
2021-03-15,15.750000,16.059999,15.550000,15.910000,13.743874,22200
2021-03-16,16.080000,16.090000,15.910000,16.090000,13.899366,23900
2021-03-17,16.170000,16.170000,15.960000,16.100000,13.908009,11400
2021-03-18,16.170000,16.190001,16.000000,16.000000,13.821620,20300
2021-03-19,16.049999,16.090000,15.880000,16.000000,13.821620,13600
2021-03-22,16.290001,16.290001,16.000000,16.190001,13.985750,16800
2021-03-23,16.230000,16.230000,15.800000,16.129999,13.933919,22100
2021-03-24,16.420000,16.420000,15.950000,15.990000,13.812985,23700
2021-03-25,16.200001,16.200001,15.900000,15.960000,13.787067,21000
2021-03-26,15.840000,16.360001,15.800000,16.100000,13.908009,14800
2021-03-29,16.190001,16.500000,16.170000,16.290001,14.072138,23300
2021-03-30,16.480000,16.480000,15.760000,15.940000,13.822397,42800
2021-03-31,16.020000,16.020000,15.860000,15.880000,13.770367,19200
2021-04-01,15.980000,16.190001,15.980000,16.120001,13.978484,5600
2021-04-05,16.120001,16.500000,16.010000,16.020000,13.891769,64700
2021-04-06,16.150000,16.400000,15.920000,16.030001,13.900443,35200
2021-04-07,16.020000,16.100000,15.900000,15.980000,13.857083,24100
2021-04-08,16.030001,16.030001,15.840000,15.930000,13.813726,24200
2021-04-09,15.930000,16.040001,15.850000,15.920000,13.805056,17800
2021-04-12,15.980000,15.980000,15.760000,15.830000,13.727011,12600
2021-04-13,15.870000,16.040001,15.800000,15.940000,13.822397,11000
2021-04-14,15.900000,15.990000,15.840000,15.980000,13.857083,27300
2021-04-15,16.110001,16.740000,15.860000,16.719999,14.498777,71900
2021-04-16,16.559999,16.559999,16.080000,16.260000,14.099888,24000
2021-04-19,16.360001,16.549999,15.800000,16.129999,13.987154,37500
2021-04-20,16.190001,16.389999,16.190001,16.270000,14.108556,23000
2021-04-21,16.320000,16.610001,16.170000,16.540001,14.342688,42900
2021-04-22,16.620001,16.620001,16.309999,16.410000,14.229960,18100
2021-04-23,16.549999,16.700001,16.400000,16.660000,14.446747,43000
2021-04-26,16.629999,16.690001,16.440001,16.660000,14.446747,24800
2021-04-27,16.580000,16.700001,16.549999,16.680000,14.464087,13900
2021-04-28,16.700001,16.700001,16.389999,16.600000,14.394718,15100
2021-04-29,16.600000,16.600000,16.430000,16.600000,14.448683,20200
2021-04-30,16.650000,16.690001,16.389999,16.670000,14.509607,8000
2021-05-03,16.700001,16.870001,16.430000,16.809999,14.631469,28900
2021-05-04,16.870001,16.900000,16.670000,16.879999,14.692400,20000
2021-05-05,16.830000,16.830000,16.389999,16.400000,14.274601,25700
2021-05-06,16.430000,16.440001,16.170000,16.200001,14.100521,11800
2021-05-07,16.200001,16.430000,16.180000,16.180000,14.083112,18200
2021-05-10,16.260000,16.290001,16.110001,16.280001,14.170156,27600
2021-05-11,16.139999,16.260000,16.110001,16.170000,14.074409,26600
2021-05-12,16.150000,16.370001,15.960000,16.020000,13.943850,24700
2021-05-13,16.040001,16.150000,15.750000,15.750000,13.708840,36700
2021-05-14,15.900000,16.000000,15.720000,15.870000,13.813286,15900
2021-05-17,15.790000,16.000000,15.720000,15.820000,13.769768,18800
2021-05-18,15.840000,15.960000,15.790000,15.840000,13.787176,25300
2021-05-19,15.830000,15.990000,15.820000,15.950000,13.882920,13900
2021-05-20,15.900000,15.980000,15.900000,15.910000,13.848105,13700
2021-05-21,15.910000,16.000000,15.910000,15.990000,13.917739,29000
2021-05-24,16.000000,16.000000,15.970000,15.990000,13.917739,30100
2021-05-25,16.000000,16.010000,15.970000,15.980000,13.909033,45700
2021-05-26,16.000000,16.100000,15.950000,16.090000,14.004776,17100
2021-05-27,15.990000,16.090000,15.900000,15.910000,13.901674,27600
2021-05-28,15.880000,16.020000,15.880000,16.020000,13.997787,30100
2021-06-01,15.980000,15.980000,15.840000,15.850000,13.849245,20700
2021-06-02,15.860000,15.860000,15.740000,15.750000,13.761868,31000
2021-06-03,15.730000,15.850000,15.670000,15.850000,13.849245,35200
2021-06-04,15.790000,15.820000,15.710000,15.760000,13.770605,30500
2021-06-07,15.830000,15.880000,15.720000,15.880000,13.875461,25200
2021-06-08,15.830000,15.850000,15.730000,15.730000,13.744391,30900
2021-06-09,15.740000,15.790000,15.710000,15.790000,13.796821,27800
2021-06-10,15.780000,15.920000,15.740000,15.840000,13.840509,49300
2021-06-11,15.850000,15.970000,15.800000,15.910000,13.901674,39700
2021-06-14,15.920000,15.950000,15.770000,15.930000,13.919148,27400
2021-06-15,15.940000,16.139999,15.870000,16.100000,14.067690,48300
2021-06-16,16.080000,16.100000,15.910000,16.030001,14.006524,29300
2021-06-17,16.040001,16.180000,16.040001,16.180000,14.137589,14800
2021-06-18,16.200001,16.389999,16.170000,16.379999,14.312345,32400
2021-06-21,16.379999,16.430000,16.190001,16.400000,14.329820,18800
2021-06-22,16.400000,16.600000,16.320000,16.580000,14.487099,49700
2021-06-23,16.510000,16.590000,16.430000,16.570000,14.478360,39900
2021-06-24,16.500000,16.590000,16.340000,16.570000,14.478360,24400
2021-06-25,16.510000,16.780001,16.510000,16.780001,14.661853,18200
2021-06-28,16.780001,16.889999,16.629999,16.860001,14.731753,35300
2021-06-29,16.799999,16.799999,16.230000,16.309999,14.303779,51700
2021-06-30,16.200001,16.200001,16.090000,16.090000,14.110841,37700
2021-07-01,16.160000,16.200001,16.150000,16.200001,14.207311,17300
2021-07-02,16.160000,16.170000,15.970000,16.000000,14.031913,36800
2021-07-06,16.010000,16.180000,16.010000,16.170000,14.181003,36800
2021-07-07,16.120001,16.150000,16.030001,16.110001,14.128383,27900
2021-07-08,16.100000,16.190001,16.100000,16.190001,14.198541,15500
2021-07-09,16.160000,16.200001,16.100000,16.110001,14.128383,88100
2021-07-12,16.150000,16.200001,16.080000,16.200001,14.207311,33500
2021-07-13,16.150000,16.240000,16.120001,16.129999,14.145920,38500
2021-07-14,16.129999,16.139999,16.010000,16.049999,14.075762,33900
2021-07-15,16.250000,16.250000,15.910000,15.930000,13.970523,61100
2021-07-16,15.950000,15.980000,15.760000,15.850000,13.900362,58600
2021-07-19,15.800000,15.830000,15.760000,15.800000,13.856515,39200
2021-07-20,15.790000,15.840000,15.720000,15.840000,13.891594,56900
2021-07-21,15.820000,15.840000,15.740000,15.780000,13.838972,48300
2021-07-22,15.750000,15.780000,15.640000,15.680000,13.751271,66000
2021-07-23,15.630000,15.750000,15.630000,15.720000,13.786352,47400
2021-07-26,15.710000,15.810000,15.690000,15.810000,13.865283,39700
2021-07-27,15.770000,15.810000,15.740000,15.810000,13.865283,57400
2021-07-28,15.790000,15.920000,15.780000,15.890000,13.935444,38900
2021-07-29,15.860000,15.940000,15.840000,15.890000,13.990030,31000
2021-07-30,15.950000,15.990000,15.890000,15.920000,14.016443,23700
2021-08-02,15.920000,15.980000,15.910000,15.940000,14.034051,18100
2021-08-03,15.980000,16.059999,15.960000,16.040001,14.122096,24800
2021-08-04,16.010000,16.010000,15.970000,15.990000,14.078076,23800
2021-08-05,16.000000,16.020000,15.900000,15.910000,14.007638,41400
2021-08-06,15.910000,15.970000,15.900000,15.970000,14.060467,34700
2021-08-09,15.970000,16.049999,15.950000,16.040001,14.122096,34600
2021-08-10,16.080000,16.120001,16.000000,16.100000,14.174921,33900
2021-08-11,16.090000,16.150000,16.070000,16.139999,14.210139,24900
2021-08-12,16.139999,16.139999,16.049999,16.120001,14.192529,19900
2021-08-13,16.120001,16.260000,16.120001,16.230000,14.289371,26000
2021-08-16,16.219999,16.309999,16.150000,16.309999,14.359808,37500
2021-08-17,16.299999,16.299999,16.170000,16.280001,14.333399,15400
2021-08-18,16.280001,16.450001,16.270000,16.410000,14.447852,55000
2021-08-19,16.500000,16.500000,16.340000,16.450001,14.483068,23600
2021-08-20,16.400000,16.500000,16.400000,16.490000,14.518288,26300
2021-08-23,16.500000,16.820000,16.400000,16.580000,14.597525,80200
2021-08-24,16.719999,16.860001,16.580000,16.860001,14.844047,24500
2021-08-25,16.809999,17.000000,16.790001,16.850000,14.835241,23800
2021-08-26,17.100000,17.180000,16.889999,17.070000,15.028938,55000
2021-08-27,17.100000,17.469999,17.049999,17.400000,15.319475,44300
2021-08-30,17.200001,17.219999,16.780001,16.910000,14.941311,47700
2021-08-31,16.840000,16.910000,16.780001,16.830000,14.870619,43900
2021-09-01,16.860001,16.950001,16.530001,16.700001,14.755754,19100
2021-09-02,16.680000,16.799999,16.600000,16.600000,14.667396,27000
2021-09-03,16.610001,16.730000,16.129999,16.200001,14.313966,40800
2021-09-07,16.200001,16.450001,16.200001,16.230000,14.340473,27200
2021-09-08,16.270000,16.389999,16.150000,16.190001,14.305129,33000
2021-09-09,16.250000,16.379999,16.090000,16.100000,14.225612,21500
2021-09-10,16.129999,16.250000,16.000000,16.219999,14.331639,36600
2021-09-13,16.129999,16.250000,16.030001,16.110001,14.234445,36100
2021-09-14,16.070000,16.170000,16.010000,16.170000,14.287462,40400
2021-09-15,16.170000,16.510000,16.170000,16.500000,14.579040,56800
2021-09-16,16.459999,16.639999,16.320000,16.370001,14.464174,30200
2021-09-17,16.430000,16.500000,16.370001,16.469999,14.552533,12300
2021-09-20,16.450001,16.590000,16.350000,16.500000,14.579040,15000
2021-09-21,16.500000,16.500000,16.260000,16.330000,14.428832,17100
2021-09-22,16.490000,16.790001,16.320000,16.790001,14.835276,26800
2021-09-23,16.790001,16.930000,16.590000,16.889999,14.923636,23900
2021-09-24,16.950001,16.950001,16.740000,16.930000,14.958977,13000
2021-09-27,16.840000,16.940001,16.700001,16.750000,14.799934,11900
2021-09-28,16.709999,16.780001,16.200001,16.219999,14.331639,30700
2021-09-29,16.250000,16.250000,15.980000,15.980000,14.173758,29400
2021-09-30,15.970000,16.049999,15.900000,16.049999,14.235844,30300
2021-10-01,15.980000,16.100000,15.900000,16.080000,14.262454,29900
2021-10-04,16.040001,16.170000,15.850000,15.980000,14.173758,19800
2021-10-05,16.010000,16.170000,15.800000,15.810000,14.022972,11300
2021-10-06,15.770000,16.059999,15.740000,15.740000,13.960884,16500
2021-10-07,15.750000,15.990000,15.560000,15.610000,13.845581,28800
2021-10-08,15.630000,15.790000,15.570000,15.770000,13.987495,22000
2021-10-11,15.770000,15.780000,15.620000,15.640000,13.872189,21200
2021-10-12,15.690000,15.720000,15.530000,15.540000,13.783495,28500
2021-10-13,15.520000,15.650000,15.450000,15.450000,13.703665,27000
2021-10-14,15.490000,15.650000,15.490000,15.650000,13.881056,32200
2021-10-15,15.650000,15.650000,15.360000,15.430000,13.685926,32100
2021-10-18,15.460000,15.620000,15.440000,15.620000,13.854449,48000
2021-10-19,15.680000,15.680000,15.530000,15.560000,13.801232,36000
2021-10-20,15.520000,15.630000,15.520000,15.520000,13.765752,16300
2021-10-21,15.540000,15.540000,15.270000,15.320000,13.588359,38300
2021-10-22,15.380000,15.380000,15.170000,15.290000,13.561748,36700
2021-10-25,15.150000,15.300000,15.110000,15.200000,13.481921,41000
2021-10-26,15.160000,15.200000,15.010000,15.170000,13.455311,70700
2021-10-27,15.120000,15.190000,15.080000,15.150000,13.437572,43200
2021-10-28,15.030000,15.170000,15.030000,15.170000,13.510602,19600
2021-10-29,15.150000,15.280000,15.140000,15.220000,13.555133,26800
2021-11-01,15.160000,15.310000,15.160000,15.240000,13.572947,24500
2021-11-02,15.260000,15.340000,15.210000,15.300000,13.626382,22100
2021-11-03,15.270000,15.350000,15.210000,15.270000,13.599665,35000
2021-11-04,15.270000,15.430000,15.240000,15.310000,13.635291,43400
2021-11-05,15.350000,15.540000,15.350000,15.520000,13.822318,47500
2021-11-08,15.600000,15.700000,15.560000,15.700000,13.982628,42600
2021-11-09,15.740000,15.790000,15.610000,15.790000,14.062782,17300
2021-11-10,15.790000,15.830000,15.310000,15.450000,13.759976,101100
2021-11-11,15.530000,15.600000,15.440000,15.580000,13.875755,24000
2021-11-12,15.740000,15.760000,15.520000,15.730000,14.009347,19500
2021-11-15,15.720000,15.830000,15.560000,15.680000,13.964817,29000
2021-11-16,15.830000,16.010000,15.800000,16.010000,14.258718,31400
2021-11-17,16.010000,16.370001,16.010000,16.370001,14.579342,22300
2021-11-18,16.410000,16.610001,16.250000,16.490000,14.686212,13600
2021-11-19,16.570000,16.570000,16.240000,16.299999,14.516995,24900
2021-11-22,16.389999,16.469999,16.260000,16.469999,14.668397,13200
2021-11-23,16.600000,16.639999,16.260000,16.430000,14.632776,24500
2021-11-24,16.450001,16.480000,16.209999,16.299999,14.516995,36500
2021-11-26,16.350000,16.459999,16.250000,16.440001,14.641686,4300
2021-11-29,16.500000,16.670000,16.080000,16.250000,14.527257,17500
2021-11-30,16.320000,16.320000,15.870000,16.209999,14.491493,13100
2021-12-01,16.309999,16.309999,15.400000,15.470000,13.829944,39900
2021-12-02,15.520000,15.540000,15.250000,15.300000,13.677967,28500
2021-12-03,15.300000,15.310000,15.160000,15.210000,13.597507,32600
2021-12-06,15.230000,15.360000,15.120000,15.130000,13.525991,29100
2021-12-07,15.340000,15.350000,15.150000,15.270000,13.651148,39300
2021-12-08,15.300000,15.390000,15.250000,15.390000,13.758426,29700
2021-12-09,15.360000,15.500000,15.360000,15.470000,13.829944,25900
2021-12-10,15.600000,15.600000,15.360000,15.480000,13.838884,22800
2021-12-13,15.490000,15.600000,15.430000,15.600000,13.946166,32600
2021-12-14,15.300000,15.580000,15.300000,15.580000,13.928283,23700
2021-12-15,15.550000,15.580000,15.450000,15.580000,13.928283,22700
2021-12-16,15.580000,15.800000,15.560000,15.710000,14.044500,25000
2021-12-17,15.770000,15.960000,15.600000,15.960000,14.267998,31000
2021-12-20,15.910000,16.190001,15.910000,16.139999,14.428917,25000
2021-12-21,16.120001,16.139999,16.010000,16.049999,14.348457,9100
2021-12-22,16.059999,16.200001,16.059999,16.200001,14.482554,27200
2021-12-23,16.200001,16.240000,15.960000,16.010000,14.312696,26000
2021-12-27,16.170000,16.170000,15.810000,15.830000,14.151779,29200
2021-12-28,15.970000,16.139999,15.780000,15.890000,14.205419,35500
2021-12-29,15.830000,15.880000,15.600000,15.610000,13.955105,20000
2021-12-30,15.690000,15.700000,15.370000,15.390000,13.813290,23700
2021-12-31,15.420000,15.550000,15.320000,15.320000,13.750460,32700
2022-01-03,15.370000,15.500000,15.290000,15.400000,13.822264,39000
2022-01-04,15.400000,15.450000,15.150000,15.210000,13.651729,58500
2022-01-05,15.250000,15.270000,14.990000,15.050000,13.508124,112200
2022-01-06,15.050000,15.130000,14.980000,14.990000,13.454268,27000
2022-01-07,15.040000,15.110000,14.970000,15.110000,13.561977,44900
2022-01-10,15.040000,15.220000,15.020000,15.060000,13.517101,59100
2022-01-11,15.110000,15.190000,15.020000,15.180000,13.624805,31300
2022-01-12,15.270000,15.370000,15.180000,15.350000,13.777386,38500
2022-01-13,15.370000,15.740000,15.330000,15.560000,13.965873,49600
2022-01-14,15.530000,15.580000,15.320000,15.400000,13.822264,18300
2022-01-18,15.320000,15.530000,15.170000,15.170000,13.615829,48000
2022-01-19,15.250000,15.290000,14.910000,14.970000,13.436318,42500
2022-01-20,14.930000,15.200000,14.930000,14.930000,13.400416,21300
2022-01-21,14.900000,14.910000,14.430000,14.900000,13.373491,48500
2022-01-24,14.890000,14.890000,14.510000,14.640000,13.140129,31600
2022-01-25,14.540000,15.010000,14.510000,15.010000,13.472222,76300
2022-01-26,15.030000,15.030000,14.700000,14.800000,13.283735,35500
2022-01-27,14.810000,14.820000,14.510000,14.580000,13.086277,21700
2022-01-28,14.490000,14.590000,14.150000,14.150000,12.754565,87900
2022-01-31,14.120000,14.290000,14.120000,14.290000,12.880760,45000
2022-02-01,14.290000,14.410000,14.290000,14.390000,12.970898,60700
2022-02-02,14.410000,14.500000,14.350000,14.400000,12.979910,34700
2022-02-03,14.320000,14.530000,14.200000,14.280000,12.871747,46000
2022-02-04,14.210000,14.280000,14.070000,14.100000,12.709496,73000
2022-02-07,14.100000,14.140000,14.060000,14.070000,12.682454,58100
2022-02-08,14.050000,14.140000,14.000000,14.060000,12.673440,29100
2022-02-09,14.120000,14.170000,14.020000,14.020000,12.637384,48800
2022-02-10,13.970000,14.030000,13.730000,13.770000,12.412040,72000
2022-02-11,13.830000,13.830000,13.650000,13.760000,12.403027,53100
2022-02-14,13.720000,13.740000,13.390000,13.460000,12.132611,94700
2022-02-15,13.560000,13.680000,13.470000,13.640000,12.294859,64100
2022-02-16,13.600000,13.710000,13.550000,13.680000,12.330916,36600
2022-02-17,13.730000,13.890000,13.630000,13.760000,12.403027,54100
2022-02-18,14.060000,14.060000,13.800000,13.800000,12.439081,27300
2022-02-22,13.830000,13.830000,13.660000,13.690000,12.339931,36100
2022-02-23,13.750000,13.800000,13.560000,13.570000,12.231763,38600
2022-02-24,13.520000,13.710000,13.520000,13.700000,12.348944,32300
2022-02-25,13.700000,13.810000,13.590000,13.800000,12.495630,50200
2022-02-28,13.820000,13.980000,13.820000,13.920000,12.604290,35000
2022-03-01,14.100000,14.200000,13.990000,14.120000,12.785382,42500
2022-03-02,14.200000,14.450000,14.020000,14.180000,12.839715,36200
2022-03-03,14.250000,14.250000,14.090000,14.240000,12.894042,45100
2022-03-04,14.050000,14.450000,13.950000,13.950000,12.631454,27800
2022-03-07,13.950000,13.960000,13.690000,13.700000,12.405083,24100
2022-03-08,13.800000,13.900000,13.580000,13.640000,12.350755,22900
2022-03-09,13.710000,13.730000,13.530000,13.580000,12.296426,60200
2022-03-10,13.520000,13.640000,13.420000,13.430000,12.160605,48900
2022-03-11,13.500000,13.510000,13.360000,13.370000,12.106276,52300
2022-03-14,13.500000,13.600000,13.370000,13.600000,12.314536,49900
2022-03-15,13.690000,14.060000,13.490000,13.910000,12.595237,55300
2022-03-16,13.920000,13.920000,13.420000,13.470000,12.196824,23300
2022-03-17,13.210000,13.570000,13.210000,13.490000,12.214931,44700
2022-03-18,13.600000,13.680000,13.520000,13.590000,12.305482,45900
2022-03-21,13.550000,13.760000,13.500000,13.650000,12.359809,18700
2022-03-22,13.840000,13.840000,13.490000,13.500000,12.223987,49600
2022-03-23,13.570000,13.750000,13.330000,13.460000,12.187767,11700
2022-03-24,13.450000,13.450000,13.210000,13.280000,12.024779,38900
2022-03-25,13.280000,13.280000,13.000000,13.010000,11.780301,31800
2022-03-28,13.010000,13.090000,13.000000,13.060000,11.825577,41800
2022-03-29,13.000000,13.330000,13.000000,13.200000,11.952344,37600
2022-03-30,13.210000,13.320000,13.040000,13.100000,11.917772,46300
2022-03-31,13.110000,13.280000,13.060000,13.280000,12.081527,26500
2022-04-01,13.250000,13.270000,13.050000,13.100000,11.917772,72200
2022-04-04,13.110000,13.210000,13.050000,13.110000,11.926870,135300
2022-04-05,13.050000,13.090000,12.950000,13.020000,11.844991,87000
2022-04-06,12.980000,13.130000,12.920000,13.000000,11.826797,64000
2022-04-07,12.970000,13.020000,12.850000,12.850000,11.690333,60300
2022-04-08,12.850000,12.970000,12.700000,12.740000,11.590261,43200
2022-04-11,12.740000,12.920000,12.550000,12.620000,11.481089,80800
2022-04-12,12.720000,12.720000,12.380000,12.400000,11.280944,59200
2022-04-13,12.440000,12.520000,12.380000,12.400000,11.280944,47000
2022-04-14,12.430000,12.430000,12.300000,12.350000,11.235457,50800
2022-04-18,12.340000,12.370000,12.200000,12.200000,11.098992,61200
2022-04-19,12.180000,12.180000,12.060000,12.070000,10.980724,139400
2022-04-20,12.070000,12.280000,12.050000,12.260000,11.153579,84300
2022-04-21,12.360000,12.360000,12.160000,12.160000,11.062603,40300
2022-04-22,12.160000,12.270000,12.030000,12.040000,10.953434,44300
2022-04-25,11.850000,12.050000,11.810000,11.930000,10.853362,79400
2022-04-26,11.950000,12.080000,11.940000,12.070000,10.980724,37100
2022-04-27,12.200000,12.360000,12.060000,12.090000,10.998922,45700
2022-04-28,12.040000,12.150000,11.860000,12.140000,11.090274,49800
2022-04-29,12.060000,12.140000,11.940000,11.970000,10.934975,89400
2022-05-02,12.030000,12.050000,11.760000,11.790000,10.770537,42200
2022-05-03,11.850000,11.890000,11.500000,11.560000,10.560428,73100
2022-05-04,11.840000,11.840000,11.570000,11.770000,10.752267,78000
2022-05-05,11.660000,11.730000,11.510000,11.570000,10.569561,55600
2022-05-06,11.600000,11.680000,11.540000,11.670000,10.660916,21500
2022-05-09,11.600000,11.730000,11.380000,11.380000,10.395991,61800
2022-05-10,11.480000,11.490000,11.160000,11.350000,10.368586,111400
2022-05-11,11.330000,11.360000,11.230000,11.260000,10.286366,83800
2022-05-12,11.210000,11.350000,11.150000,11.180000,10.213283,58500
2022-05-13,11.180000,11.220000,11.140000,11.140000,10.176745,54500
2022-05-16,11.140000,11.140000,11.030000,11.090000,10.131066,125500
2022-05-17,11.060000,11.120000,11.040000,11.100000,10.140201,142200
2022-05-18,11.040000,11.040000,10.990000,11.000000,10.048848,86000
2022-05-19,11.030000,11.100000,10.970000,11.100000,10.140201,123700
2022-05-20,11.100000,11.220000,11.100000,11.220000,10.249824,62900
2022-05-23,11.210000,11.410000,11.210000,11.380000,10.395991,55900
2022-05-24,11.380000,11.530000,11.290000,11.520000,10.523885,68000
2022-05-25,11.520000,11.760000,11.500000,11.700000,10.688317,36600
2022-05-26,11.740000,11.970000,11.740000,11.880000,10.852757,110700
2022-05-27,12.430000,12.430000,11.940000,12.050000,11.054584,59100
2022-05-31,12.100000,12.100000,11.910000,12.050000,11.054584,35400
2022-06-01,12.070000,12.070000,11.940000,11.970000,10.981191,53700
2022-06-02,11.940000,12.020000,11.910000,11.980000,10.990365,91400
2022-06-03,11.950000,11.960000,11.790000,11.910000,10.926147,35100
2022-06-06,11.940000,11.940000,11.800000,11.810000,10.834409,39600
2022-06-07,11.770000,11.880000,11.710000,11.850000,10.871104,32000
2022-06-08,11.850000,11.850000,11.750000,11.760000,10.788540,38800
2022-06-09,11.730000,11.780000,11.620000,11.620000,10.660104,31700
2022-06-10,11.590000,11.610000,11.500000,11.530000,10.577539,40800
2022-06-13,11.400000,11.440000,11.270000,11.340000,10.403233,76700
2022-06-14,11.370000,11.410000,11.290000,11.350000,10.412407,76500
2022-06-15,11.350000,11.420000,11.150000,11.190000,10.265624,51800
2022-06-16,11.190000,11.190000,10.840000,10.910000,10.008756,114000
2022-06-17,10.930000,11.220000,10.920000,10.950000,10.045448,73500
2022-06-21,11.040000,11.040000,10.710000,10.790000,9.898668,87300
2022-06-22,10.710000,10.830000,10.680000,10.770000,9.880319,166500
2022-06-23,10.830000,10.950000,10.800000,10.900000,9.999579,153100
2022-06-24,10.900000,11.000000,10.850000,11.000000,10.091321,115500
2022-06-27,10.960000,10.980000,10.860000,10.880000,9.981234,99900
2022-06-28,10.880000,11.010000,10.800000,10.970000,10.063797,111700
2022-06-29,10.950000,11.120000,10.870000,11.120000,10.248115,105000
2022-06-30,11.120000,11.270000,11.080000,11.190000,10.312629,136100
2022-07-01,11.240000,11.370000,11.180000,11.240000,10.358707,107200
2022-07-05,11.210000,11.390000,11.200000,11.390000,10.496947,127000
2022-07-06,11.440000,11.470000,11.300000,11.350000,10.460082,96900
2022-07-07,11.370000,11.400000,11.320000,11.360000,10.469299,55200
2022-07-08,11.350000,11.380000,11.320000,11.370000,10.478518,83900
2022-07-11,11.400000,11.530000,11.400000,11.470000,10.570675,83500
2022-07-12,11.450000,11.600000,11.430000,11.440000,10.543030,56500
2022-07-13,11.380000,11.520000,11.350000,11.510000,10.607539,66600
2022-07-14,11.380000,11.470000,11.380000,11.420000,10.524595,34300
2022-07-15,11.570000,11.570000,11.440000,11.460000,10.561460,30500
2022-07-18,11.540000,11.540000,11.380000,11.400000,10.506162,47800
2022-07-19,11.520000,11.520000,11.390000,11.430000,10.533813,49700
2022-07-20,11.460000,11.530000,11.410000,11.470000,10.570675,34700
2022-07-21,11.470000,11.520000,11.400000,11.400000,10.506162,9200
2022-07-22,11.440000,11.670000,11.440000,11.670000,10.754996,53600
2022-07-25,11.640000,11.640000,11.480000,11.480000,10.579889,29800
2022-07-26,11.470000,11.600000,11.460000,11.500000,10.598322,26300
2022-07-27,11.480000,11.600000,11.460000,11.480000,10.579889,56000
2022-07-28,11.470000,11.660000,11.470000,11.640000,10.774273,39400
2022-07-29,11.660000,11.830000,11.600000,11.740000,10.866836,53600
2022-08-01,11.780000,11.950000,11.780000,11.880000,10.996424,53500
2022-08-02,11.900000,11.950000,11.870000,11.930000,11.042703,57900
2022-08-03,11.930000,12.010000,11.810000,11.920000,11.033449,91600
2022-08-04,12.010000,12.010000,11.870000,11.920000,11.033449,44200
2022-08-05,11.910000,11.920000,11.690000,11.740000,10.866836,35000
2022-08-08,11.870000,11.870000,11.780000,11.830000,10.950141,44000
2022-08-09,11.830000,11.860000,11.750000,11.760000,10.885347,32700
2022-08-10,11.850000,11.950000,11.780000,11.940000,11.051959,60800
2022-08-11,11.990000,12.050000,11.890000,11.930000,11.042703,59900
2022-08-12,12.010000,12.010000,11.870000,11.910000,11.024191,50100
2022-08-15,11.910000,12.080000,11.900000,12.080000,11.181546,54800
2022-08-16,12.080000,12.090000,11.840000,11.900000,11.014933,69300
2022-08-17,11.890000,11.960000,11.700000,11.760000,10.885347,51300
2022-08-18,11.780000,11.950000,11.770000,11.940000,11.051959,25000
2022-08-19,11.920000,11.920000,11.670000,11.740000,10.866836,23300
2022-08-22,11.730000,12.050000,11.630000,11.730000,10.857577,35300
2022-08-23,11.730000,11.840000,11.720000,11.840000,10.959395,8900
2022-08-24,11.870000,12.120000,11.830000,11.950000,11.061217,28400
2022-08-25,11.970000,11.980000,11.840000,11.930000,11.042703,79200
2022-08-26,11.880000,11.980000,11.790000,11.790000,10.913116,39700
2022-08-29,11.710000,11.740000,11.420000,11.430000,10.579891,55900
2022-08-30,11.470000,11.530000,11.230000,11.270000,10.477625,74900
2022-08-31,11.240000,11.350000,11.170000,11.230000,10.440438,53400
2022-09-01,11.210000,11.210000,11.000000,11.060000,10.282393,112900
2022-09-02,11.110000,11.150000,10.980000,10.980000,10.208015,52900
2022-09-06,11.020000,11.320000,10.910000,11.040000,10.263796,96500
2022-09-07,11.060000,11.250000,11.060000,11.180000,10.393951,69900
2022-09-08,11.250000,11.250000,11.090000,11.090000,10.310279,31800
2022-09-09,11.140000,11.140000,11.020000,11.100000,10.319578,40100
2022-09-12,11.150000,11.270000,11.030000,11.030000,10.254500,58800
2022-09-13,10.940000,11.000000,10.930000,10.930000,10.161530,30200
2022-09-14,10.920000,10.960000,10.830000,10.890000,10.124344,56300
2022-09-15,10.920000,10.920000,10.710000,10.750000,9.994184,87500
2022-09-16,10.690000,10.740000,10.650000,10.650000,9.901215,63300
2022-09-19,10.640000,10.650000,10.600000,10.610000,9.864030,72100
2022-09-20,10.580000,10.600000,10.550000,10.580000,9.836138,47300
2022-09-21,10.640000,10.640000,10.580000,10.610000,9.864030,61600
2022-09-22,10.580000,10.590000,10.510000,10.510000,9.771058,34600
2022-09-23,10.500000,10.540000,10.380000,10.460000,9.724575,127700
2022-09-26,10.460000,10.540000,10.300000,10.320000,9.594418,49500
2022-09-27,10.330000,10.330000,10.200000,10.210000,9.492148,54400
2022-09-28,10.230000,10.380000,10.230000,10.300000,9.575825,93200
2022-09-29,10.190000,10.190000,10.040000,10.100000,9.435691,57300
2022-09-30,10.100000,10.120000,10.050000,10.120000,9.454374,82200
2022-10-03,10.120000,10.290000,10.110000,10.120000,9.454374,67100
2022-10-04,10.180000,10.430000,10.050000,10.250000,9.575824,116600
2022-10-05,10.160000,10.200000,10.100000,10.130000,9.463717,161200
2022-10-06,10.130000,10.230000,10.130000,10.220000,9.547798,57800
2022-10-07,10.200000,10.230000,10.150000,10.180000,9.510428,38100
2022-10-10,10.180000,10.200000,10.140000,10.190000,9.519768,45800
2022-10-11,10.220000,10.290000,10.150000,10.250000,9.575824,34800
2022-10-12,10.270000,10.270000,10.160000,10.190000,9.519768,81600
2022-10-13,10.050000,10.160000,9.980000,10.100000,9.435691,48100
2022-10-14,10.180000,10.180000,10.050000,10.070000,9.407664,57500
2022-10-17,10.250000,10.250000,10.050000,10.050000,9.388980,67100
2022-10-18,10.210000,10.210000,10.040000,10.080000,9.417007,45200
2022-10-19,10.050000,10.070000,9.990000,10.010000,9.351610,21900
2022-10-20,10.020000,10.100000,9.980000,10.090000,9.426348,82000
2022-10-21,10.090000,10.110000,10.000000,10.110000,9.445031,66500
2022-10-24,10.100000,10.100000,9.840000,9.960000,9.304898,94300
2022-10-25,9.980000,10.040000,9.870000,10.000000,9.342268,101800
2022-10-26,9.980000,10.050000,9.770000,9.830000,9.183448,115000
2022-10-27,9.810000,9.840000,9.700000,9.760000,9.118054,91900
2022-10-28,9.710000,9.760000,9.600000,9.750000,9.155613,142500
2022-10-31,9.700000,9.730000,9.610000,9.640000,9.052322,119200
2022-11-01,9.750000,9.750000,9.650000,9.730000,9.136833,158000
2022-11-02,9.730000,9.800000,9.660000,9.730000,9.136833,120100
2022-11-03,9.660000,9.720000,9.630000,9.710000,9.118054,112800
2022-11-04,9.750000,9.840000,9.700000,9.730000,9.136833,111300
2022-11-07,9.760000,9.850000,9.740000,9.800000,9.202566,154000
2022-11-08,9.840000,9.840000,9.700000,9.720000,9.127444,82700
2022-11-09,9.690000,9.770000,9.680000,9.680000,9.089881,54400
2022-11-10,9.820000,10.050000,9.820000,10.050000,9.437325,88500
2022-11-11,10.190000,10.270000,10.110000,10.270000,9.643914,92500
2022-11-14,10.230000,10.240000,10.050000,10.150000,9.531229,72900
2022-11-15,10.150000,10.470000,10.150000,10.260000,9.634523,104800
2022-11-16,10.280000,10.390000,10.280000,10.390000,9.756598,93900
2022-11-17,10.360000,10.480000,10.340000,10.380000,9.747209,84000
2022-11-18,10.430000,10.480000,10.410000,10.480000,9.841113,98500
2022-11-21,10.500000,10.650000,10.430000,10.650000,10.000750,53800
2022-11-22,10.630000,10.910000,10.630000,10.910000,10.244899,100100
2022-11-23,10.930000,11.020000,10.820000,10.980000,10.310631,88100
2022-11-25,10.950000,11.000000,10.890000,10.940000,10.273069,31700
2022-11-28,10.990000,10.990000,10.870000,10.940000,10.273069,66400
2022-11-29,10.950000,11.240000,10.780000,10.990000,10.367403,93500
2022-11-30,10.930000,11.280000,10.930000,11.150000,10.518338,148200
2022-12-01,11.190000,11.350000,11.190000,11.320000,10.678709,86000
2022-12-02,11.310000,11.380000,11.160000,11.340000,10.697575,111600
2022-12-05,11.300000,11.360000,11.230000,11.290000,10.650408,67900
2022-12-06,11.290000,11.390000,11.240000,11.380000,10.735310,111500
2022-12-07,11.380000,11.890000,11.370000,11.510000,10.857945,182000
2022-12-08,11.460000,11.590000,10.930000,10.930000,10.310803,146300
2022-12-09,10.960000,11.280000,10.960000,11.250000,10.612674,56000
2022-12-12,11.270000,11.300000,11.090000,11.140000,10.508908,97000
2022-12-13,11.260000,11.730000,11.140000,11.190000,10.556074,107000
2022-12-14,11.250000,11.300000,11.100000,11.200000,10.565508,58400
2022-12-15,11.390000,11.390000,11.090000,11.180000,10.546639,70200
2022-12-16,11.150000,11.210000,11.020000,11.050000,10.424005,51400
2022-12-19,11.070000,11.110000,10.890000,10.930000,10.310803,76700
2022-12-20,10.880000,10.890000,10.690000,10.700000,10.093833,77000
2022-12-21,10.700000,10.810000,10.620000,10.700000,10.093833,89500
2022-12-22,10.610000,10.730000,10.550000,10.580000,9.980632,82300
2022-12-23,10.590000,10.630000,10.520000,10.600000,9.999497,92700
2022-12-27,10.560000,10.600000,10.380000,10.520000,9.924031,120000
2022-12-28,10.500000,10.570000,10.260000,10.380000,9.791962,268300
2022-12-29,10.330000,10.480000,10.330000,10.350000,9.810918,175200
2022-12-30,10.350000,10.490000,10.320000,10.420000,9.877274,190400
2023-01-03,10.520000,10.640000,10.500000,10.560000,10.009981,75500
2023-01-04,10.760000,10.820000,10.630000,10.820000,10.256438,53800
2023-01-05,10.790000,10.790000,10.680000,10.690000,10.133210,77400
2023-01-06,10.860000,10.860000,10.720000,10.850000,10.284877,73400
2023-01-09,10.970000,11.010000,10.840000,10.980000,10.408108,57700
2023-01-10,10.980000,11.030000,10.940000,10.940000,10.370192,42600
2023-01-11,10.990000,11.130000,10.720000,11.120000,10.540813,91500
2023-01-12,11.170000,11.230000,11.110000,11.170000,10.588211,95800
2023-01-13,11.160000,11.280000,11.090000,11.130000,10.550293,78200
2023-01-17,11.170000,11.250000,11.000000,11.050000,10.474461,44400
2023-01-18,11.110000,11.220000,11.100000,11.220000,10.635605,66500
2023-01-19,11.190000,11.530000,11.190000,11.370000,10.777793,190700
2023-01-20,11.430000,11.530000,11.420000,11.520000,10.919981,56000
2023-01-23,11.560000,11.810000,11.530000,11.800000,11.185396,82500
2023-01-24,11.800000,12.160000,11.700000,12.140000,11.507689,136500
2023-01-25,12.040000,12.040000,11.600000,11.770000,11.156960,58900
2023-01-26,11.670000,12.060000,11.400000,11.530000,10.929459,89900
2023-01-27,11.470000,11.560000,11.400000,11.410000,10.815708,66500
2023-01-30,11.350000,11.390000,11.090000,11.210000,10.672895,128300
2023-01-31,11.230000,11.280000,11.150000,11.220000,10.682416,67300
2023-02-01,11.190000,11.350000,11.140000,11.300000,10.758585,73100
2023-02-02,11.410000,11.470000,11.280000,11.290000,10.749063,56600
2023-02-03,11.160000,11.260000,11.100000,11.100000,10.568167,132900
2023-02-06,11.110000,11.130000,11.000000,11.030000,10.501520,59400
2023-02-07,11.020000,11.360000,11.020000,11.360000,10.815709,108300
2023-02-08,11.480000,11.670000,11.430000,11.440000,10.891876,94600
2023-02-09,11.540000,11.620000,11.500000,11.500000,10.949001,32700
2023-02-10,11.490000,11.700000,11.490000,11.620000,11.063252,21900
2023-02-13,11.810000,11.810000,11.620000,11.620000,11.063252,29400
2023-02-14,11.750000,11.750000,11.550000,11.590000,11.034689,43100
2023-02-15,11.650000,11.650000,11.480000,11.480000,10.929959,53900
2023-02-16,11.130000,11.200000,10.550000,10.630000,10.120687,244800
2023-02-17,10.740000,10.740000,10.260000,10.450000,9.949311,300500
2023-02-21,10.450000,10.460000,10.290000,10.310000,9.816019,54900
2023-02-22,10.380000,10.380000,10.310000,10.310000,9.816019,35600
2023-02-23,10.350000,10.370000,10.310000,10.310000,9.816019,60500
2023-02-24,10.490000,10.490000,10.240000,10.360000,9.863622,61000
2023-02-27,10.390000,10.440000,10.270000,10.270000,9.813933,73300
2023-02-28,10.340000,10.350000,10.300000,10.350000,9.890378,33300
2023-03-01,10.430000,10.430000,10.310000,10.340000,9.880822,35200
2023-03-02,10.340000,10.340000,10.270000,10.330000,9.871268,49600
2023-03-03,10.390000,10.420000,10.270000,10.360000,9.899934,55600
2023-03-06,10.360000,10.390000,10.240000,10.240000,9.785262,95800
2023-03-07,10.310000,10.380000,10.260000,10.310000,9.852156,40000
2023-03-08,10.330000,10.370000,10.310000,10.370000,9.909490,19000
2023-03-09,10.490000,10.490000,10.370000,10.390000,9.928602,15300
2023-03-10,10.410000,10.520000,10.330000,10.360000,9.899934,45700
2023-03-13,10.360000,10.460000,10.320000,10.390000,9.928602,77000
2023-03-14,10.400000,10.470000,10.390000,10.410000,9.947712,35400
2023-03-15,10.580000,10.590000,10.340000,10.460000,9.995493,35900
2023-03-16,10.460000,10.630000,10.450000,10.620000,10.148388,40800
2023-03-17,10.680000,10.680000,10.490000,10.530000,10.062386,35000
2023-03-20,10.480000,10.540000,10.430000,10.510000,10.043274,17400
2023-03-21,10.530000,10.530000,10.350000,10.420000,9.957271,22000
2023-03-22,10.460000,10.520000,10.380000,10.460000,9.995493,11900
2023-03-23,10.530000,10.530000,10.380000,10.390000,9.928602,16600
2023-03-24,10.430000,10.500000,10.430000,10.470000,10.005050,18000
2023-03-27,10.520000,10.550000,10.360000,10.410000,9.947712,34900
2023-03-28,10.410000,10.520000,10.350000,10.480000,10.014606,40200
2023-03-29,10.440000,10.590000,10.440000,10.540000,10.071940,31300
2023-03-30,10.560000,10.760000,10.480000,10.730000,10.290605,27100
2023-03-31,10.700000,10.980000,10.700000,10.950000,10.501595,33600
2023-04-03,10.940000,11.010000,10.890000,10.940000,10.492003,63900
2023-04-04,10.910000,10.920000,10.600000,10.670000,10.233061,79100
2023-04-05,10.710000,10.750000,10.690000,10.700000,10.261833,15200
2023-04-06,10.810000,10.820000,10.600000,10.630000,10.194699,92400
2023-04-10,10.750000,10.750000,10.600000,10.640000,10.204290,21600
2023-04-11,10.690000,10.750000,10.680000,10.740000,10.300195,19100
2023-04-12,10.740000,10.770000,10.700000,10.750000,10.309785,19000
2023-04-13,10.830000,10.830000,10.610000,10.670000,10.233061,43100
2023-04-14,10.730000,10.730000,10.610000,10.640000,10.204290,21500
2023-04-17,10.630000,10.650000,10.570000,10.570000,10.137156,31300
2023-04-18,10.540000,10.590000,10.450000,10.450000,10.022072,32600
2023-04-19,10.410000,10.480000,10.360000,10.370000,9.945347,16400
2023-04-20,10.350000,10.450000,10.350000,10.420000,9.993299,29100
2023-04-21,10.450000,10.510000,10.440000,10.510000,10.079613,14000
2023-04-24,10.800000,10.800000,10.530000,10.590000,10.156338,52500
2023-04-25,10.590000,10.640000,10.570000,10.630000,10.194699,15200
2023-04-26,10.610000,10.750000,10.610000,10.730000,10.290605,15900
2023-04-27,10.680000,10.700000,10.570000,10.660000,10.259807,41000
2023-04-28,10.670000,10.720000,10.610000,10.640000,10.240557,46900
2023-05-01,10.600000,10.610000,10.280000,10.340000,9.951819,82900
2023-05-02,10.530000,10.530000,10.310000,10.360000,9.971068,38900
2023-05-03,10.310000,10.390000,10.310000,10.320000,9.932569,44600
2023-05-04,10.270000,10.370000,10.270000,10.350000,9.961444,52500
2023-05-05,10.350000,10.440000,10.330000,10.420000,10.028816,49500
2023-05-08,10.360000,10.400000,10.300000,10.310000,9.922947,57300
2023-05-09,10.380000,10.380000,10.280000,10.310000,9.922947,44700
2023-05-10,10.320000,10.370000,10.320000,10.320000,9.932569,40300
2023-05-11,10.330000,10.370000,10.300000,10.300000,9.913321,58800
2023-05-12,10.310000,10.340000,10.260000,10.270000,9.884448,33500
2023-05-15,10.290000,10.360000,10.280000,10.360000,9.971068,49300
2023-05-16,10.340000,10.350000,10.280000,10.310000,9.922947,27800
2023-05-17,10.280000,10.310000,10.270000,10.280000,9.894071,28300
2023-05-18,10.280000,10.280000,10.160000,10.160000,9.778577,25000
2023-05-19,10.170000,10.170000,10.100000,10.100000,9.720829,34000
2023-05-22,10.140000,10.160000,10.020000,10.080000,9.701580,50300
2023-05-23,10.060000,10.080000,10.020000,10.020000,9.643832,41200
2023-05-24,10.020000,10.020000,9.950000,9.970000,9.595710,12500
2023-05-25,9.990000,10.000000,9.970000,10.000000,9.624584,33200
2023-05-26,9.930000,10.020000,9.930000,10.020000,9.643832,18300
2023-05-30,9.990000,10.050000,9.980000,10.000000,9.661223,80500
2023-05-31,10.130000,10.130000,10.050000,10.070000,9.728850,30300
2023-06-01,10.090000,10.160000,10.090000,10.100000,9.757834,39000
2023-06-02,10.110000,10.120000,10.070000,10.080000,9.738513,61700
2023-06-05,10.140000,10.150000,10.110000,10.150000,9.806140,9400
2023-06-06,10.120000,10.270000,10.030000,10.220000,9.873771,38800
2023-06-07,10.230000,10.260000,10.180000,10.200000,9.854447,27600
2023-06-08,10.230000,10.350000,10.230000,10.350000,9.999365,61500
2023-06-09,10.340000,10.430000,10.300000,10.430000,10.076654,23800
2023-06-12,10.420000,10.420000,10.300000,10.300000,9.951059,35900
2023-06-13,10.350000,10.350000,10.230000,10.230000,9.883430,37100
2023-06-14,10.270000,10.270000,10.200000,10.250000,9.902752,28100
2023-06-15,10.250000,10.310000,10.220000,10.260000,9.912415,55800
2023-06-16,10.230000,10.250000,10.180000,10.180000,9.835126,29500
2023-06-20,10.170000,10.280000,10.170000,10.210000,9.864108,62500
2023-06-21,10.180000,10.240000,10.180000,10.240000,9.893090,41600
2023-06-22,10.210000,10.250000,10.200000,10.240000,9.893090,22200
2023-06-23,10.300000,10.310000,10.250000,10.290000,9.941398,42200
2023-06-26,10.270000,10.370000,10.270000,10.350000,9.999365,20900
2023-06-27,10.310000,10.430000,10.310000,10.420000,10.066995,52500
2023-06-28,10.450000,10.460000,10.400000,10.460000,10.105638,32900
2023-06-29,10.400000,10.450000,10.270000,10.310000,9.997040,78800
2023-06-30,10.310000,10.420000,10.280000,10.280000,9.967949,54700
2023-07-03,10.270000,10.320000,10.270000,10.310000,9.997040,20100
2023-07-05,10.330000,10.330000,10.210000,10.210000,9.900074,45200
2023-07-06,10.200000,10.200000,10.090000,10.150000,9.841895,53400
2023-07-07,10.180000,10.220000,10.130000,10.180000,9.870986,50100
2023-07-10,10.180000,10.240000,10.180000,10.240000,9.929163,18300
2023-07-11,10.230000,10.250000,10.210000,10.220000,9.909771,45500
2023-07-12,10.260000,10.410000,10.260000,10.280000,9.967949,60900
2023-07-13,10.340000,10.440000,10.320000,10.350000,10.035826,28600
2023-07-14,10.330000,10.380000,10.330000,10.370000,10.055218,17700
2023-07-17,10.420000,10.420000,10.350000,10.380000,10.064914,42100
2023-07-18,10.380000,10.460000,10.380000,10.400000,10.084307,15300
2023-07-19,10.390000,10.480000,10.390000,10.420000,10.103700,21700
2023-07-20,10.390000,10.420000,10.370000,10.370000,10.055218,52700
2023-07-21,10.420000,10.430000,10.400000,10.400000,10.084307,46600
2023-07-24,10.390000,10.480000,10.390000,10.410000,10.094003,44600
2023-07-25,10.400000,10.410000,10.340000,10.340000,10.026129,34600
2023-07-26,10.380000,10.390000,10.340000,10.350000,10.035826,49300
2023-07-27,10.330000,10.410000,10.310000,10.340000,10.026129,72400
2023-07-28,10.350000,10.430000,10.280000,10.340000,10.063111,109500
2023-07-31,10.330000,10.360000,10.310000,10.320000,10.043647,62600
2023-08-01,10.290000,10.330000,10.260000,10.270000,9.994985,36100
2023-08-02,10.260000,10.260000,10.190000,10.210000,9.936591,65600
2023-08-03,10.150000,10.150000,10.020000,10.020000,9.751680,67200
2023-08-04,10.030000,10.100000,10.030000,10.070000,9.800341,54700
2023-08-07,10.000000,10.060000,10.000000,10.020000,9.751680,53400
2023-08-08,10.050000,10.050000,10.020000,10.020000,9.751680,40800
2023-08-09,10.000000,10.130000,10.000000,10.110000,9.839270,79200
2023-08-10,10.140000,10.190000,10.090000,10.090000,9.819806,21500
2023-08-11,10.200000,10.200000,10.080000,10.080000,9.810073,46400
2023-08-14,10.090000,10.110000,10.080000,10.110000,9.839270,49800
2023-08-15,10.110000,10.140000,10.090000,10.090000,9.819806,35600
2023-08-16,10.070000,10.120000,10.000000,10.000000,9.732216,64000
2023-08-17,10.050000,10.070000,9.990000,10.000000,9.732216,32800
2023-08-18,10.090000,10.090000,10.010000,10.020000,9.751680,48400
2023-08-21,9.990000,9.990000,9.920000,9.970000,9.703019,30600
2023-08-22,9.990000,10.030000,9.940000,9.960000,9.693286,34600
2023-08-23,9.950000,10.000000,9.780000,9.950000,9.683554,26000
2023-08-24,9.860000,9.910000,9.860000,9.900000,9.634892,41000
2023-08-25,9.900000,9.910000,9.850000,9.850000,9.586232,29400
2023-08-28,9.870000,9.890000,9.850000,9.850000,9.586232,69300
2023-08-29,9.870000,9.950000,9.860000,9.940000,9.673822,33500
2023-08-30,9.920000,9.940000,9.880000,9.890000,9.662098,73100
2023-08-31,9.900000,9.940000,9.870000,9.900000,9.671867,41600
2023-09-01,9.930000,9.930000,9.890000,9.900000,9.671867,39400
2023-09-05,9.850000,9.900000,9.850000,9.860000,9.632790,47800
2023-09-06,9.880000,9.880000,9.820000,9.830000,9.603480,59200
2023-09-07,9.810000,9.840000,9.750000,9.780000,9.554633,49200
2023-09-08,9.800000,9.820000,9.720000,9.730000,9.505783,35300
2023-09-11,9.730000,9.760000,9.710000,9.740000,9.515555,50000
2023-09-12,9.710000,9.740000,9.710000,9.710000,9.486245,30200
2023-09-13,9.710000,9.740000,9.680000,9.720000,9.496017,437400
2023-09-14,9.700000,9.710000,9.690000,9.710000,9.486245,32200
2023-09-15,9.720000,9.750000,9.700000,9.700000,9.476477,42900
2023-09-18,9.700000,9.730000,9.690000,9.720000,9.496017,30600
2023-09-19,9.680000,9.690000,9.640000,9.680000,9.456938,27800
2023-09-20,9.720000,9.790000,9.720000,9.750000,9.525323,46700
2023-09-21,9.710000,9.720000,9.640000,9.660000,9.437397,20400
2023-09-22,9.660000,9.730000,9.660000,9.690000,9.466706,35300
2023-09-25,9.680000,9.680000,9.480000,9.520000,9.300624,63600
2023-09-26,9.500000,9.500000,9.310000,9.410000,9.193160,83400
2023-09-27,9.400000,9.460000,9.310000,9.340000,9.124773,30400
2023-09-28,9.280000,9.340000,9.200000,9.240000,9.063953,45200
2023-09-29,9.200000,9.320000,9.200000,9.210000,9.034524,63200
2023-10-02,9.230000,9.270000,9.170000,9.190000,9.014905,45000
2023-10-03,9.180000,9.230000,9.120000,9.200000,9.024715,73800
2023-10-04,9.190000,9.290000,9.160000,9.180000,9.005097,108800
2023-10-05,9.200000,9.270000,9.150000,9.150000,8.975667,44600
2023-10-06,9.130000,9.220000,9.120000,9.150000,8.975667,52300
2023-10-09,9.170000,9.210000,9.140000,9.200000,9.024715,35500
2023-10-10,9.190000,9.270000,9.190000,9.260000,9.083572,45000
2023-10-11,9.310000,9.340000,9.270000,9.310000,9.132620,48200
2023-10-12,9.340000,9.340000,9.180000,9.210000,9.034524,48000
2023-10-13,9.240000,9.240000,9.150000,9.190000,9.014905,50100
2023-10-16,9.160000,9.160000,9.100000,9.120000,8.946239,61700
2023-10-17,9.060000,9.100000,9.010000,9.010000,8.838336,82300
2023-10-18,9.000000,9.020000,8.970000,8.990000,8.818716,111700
2023-10-19,8.960000,8.990000,8.920000,8.960000,8.789288,83800
2023-10-20,8.950000,8.960000,8.900000,8.900000,8.730430,61100
2023-10-23,8.890000,8.980000,8.880000,8.880000,8.710812,83000
2023-10-24,8.920000,9.000000,8.910000,8.970000,8.799098,100000
2023-10-25,8.890000,8.920000,8.780000,8.820000,8.651956,105600
2023-10-26,8.800000,8.870000,8.750000,8.870000,8.701003,116500
2023-10-27,8.820000,8.870000,8.760000,8.850000,8.681384,82600
2023-10-30,8.800000,8.860000,8.800000,8.840000,8.708968,69200
2023-10-31,8.800000,8.880000,8.770000,8.860000,8.728671,99100
2023-11-01,8.810000,9.040000,8.810000,9.010000,8.876449,109700
2023-11-02,9.010000,9.170000,9.010000,9.150000,9.014374,207900
2023-11-03,9.200000,9.430000,9.200000,9.400000,9.260667,182800
2023-11-06,9.310000,9.410000,9.230000,9.370000,9.231113,118100
2023-11-07,9.380000,9.450000,9.350000,9.440000,9.300076,93300
2023-11-08,9.440000,9.500000,9.430000,9.460000,9.319779,59100
2023-11-09,9.480000,9.490000,9.350000,9.440000,9.300076,118900
2023-11-10,9.490000,9.500000,9.410000,9.440000,9.300076,115900
2023-11-13,9.420000,9.500000,9.410000,9.490000,9.349334,111000
2023-11-14,9.500000,9.700000,9.500000,9.570000,9.428149,167900
2023-11-15,9.620000,9.630000,9.560000,9.590000,9.447853,67100
2023-11-16,9.630000,9.730000,9.630000,9.690000,9.546369,108600
2023-11-17,9.720000,9.740000,9.690000,9.730000,9.585775,193000
2023-11-20,9.710000,9.790000,9.710000,9.740000,9.595629,165300
2023-11-21,9.740000,9.790000,9.740000,9.790000,9.644887,99200
2023-11-22,9.790000,9.830000,9.740000,9.750000,9.605479,83300
2023-11-24,9.620000,9.750000,9.620000,9.700000,9.556221,89700
2023-11-27,9.740000,9.760000,9.710000,9.740000,9.595629,105700
2023-11-28,9.740000,9.850000,9.730000,9.820000,9.674442,121100
2023-11-29,9.800000,9.890000,9.800000,9.860000,9.751584,116400
2023-11-30,9.860000,9.900000,9.830000,9.900000,9.791144,74200
2023-12-01,9.920000,10.060000,9.900000,10.060000,9.949387,126800
2023-12-04,10.020000,10.090000,9.920000,9.920000,9.810925,135800
2023-12-05,9.910000,10.060000,9.910000,10.020000,9.909826,120900
2023-12-06,10.010000,10.310000,10.010000,10.040000,9.929606,91900
2023-12-07,10.060000,10.110000,10.050000,10.070000,9.959276,102800
2023-12-08,10.060000,10.090000,10.040000,10.060000,9.949387,89700
2023-12-11,10.060000,10.070000,10.030000,10.050000,9.939496,104600
2023-12-12,10.030000,10.100000,10.030000,10.050000,9.939496,141400
2023-12-13,10.050000,10.150000,10.040000,10.120000,10.008725,140300
2023-12-14,10.150000,10.490000,10.150000,10.350000,10.236197,156300
2023-12-15,10.350000,10.410000,10.300000,10.320000,10.206527,117200
2023-12-18,10.310000,10.310000,10.260000,10.260000,10.147187,71000
2023-12-19,10.240000,10.480000,10.240000,10.470000,10.354877,222000
2023-12-20,10.460000,10.460000,10.350000,10.400000,10.285646,149800
2023-12-21,10.390000,10.420000,10.270000,10.290000,10.176856,98300
2023-12-22,10.300000,10.390000,10.300000,10.350000,10.236197,100400
2023-12-26,10.310000,10.450000,10.310000,10.350000,10.236197,130600
2023-12-27,10.330000,10.400000,10.310000,10.360000,10.246087,199000
2023-12-28,10.360000,10.380000,10.250000,10.250000,10.174617,276200
2023-12-29,10.210000,10.350000,10.210000,10.350000,10.273882,243000
2024-01-02,10.370000,10.400000,10.310000,10.370000,10.293734,53600
2024-01-03,10.350000,10.430000,10.320000,10.430000,10.353293,79300
2024-01-04,10.370000,10.390000,10.350000,10.360000,10.283808,97700
2024-01-05,10.310000,10.390000,10.300000,10.310000,10.234176,47100
2024-01-08,10.350000,10.460000,10.330000,10.450000,10.373146,82100
2024-01-09,10.440000,10.490000,10.390000,10.390000,10.313588,65400
2024-01-10,10.400000,10.430000,10.370000,10.390000,10.313588,43300
2024-01-11,10.420000,10.450000,10.410000,10.440000,10.363219,79100
2024-01-12,10.440000,10.470000,10.400000,10.400000,10.323513,24600
2024-01-16,10.390000,10.480000,10.390000,10.460000,10.383072,130500
2024-01-17,10.400000,10.420000,10.310000,10.340000,10.263955,50500
2024-01-18,10.360000,10.360000,10.250000,10.260000,10.184544,57100
2024-01-19,10.270000,10.270000,10.160000,10.220000,10.144837,67000
2024-01-22,10.280000,10.340000,10.210000,10.280000,10.204396,41200
2024-01-23,10.280000,10.320000,10.230000,10.310000,10.234176,70100
2024-01-24,10.310000,10.340000,10.210000,10.210000,10.134911,60200
2024-01-25,10.220000,10.520000,10.200000,10.240000,10.164690,103500
2024-01-26,10.200000,10.260000,10.160000,10.200000,10.124985,91900
2024-01-29,10.200000,10.270000,10.170000,10.270000,10.194469,64900
2024-01-30,10.220000,10.250000,10.170000,10.180000,10.142660,120700
2024-01-31,10.190000,10.300000,10.190000,10.240000,10.202440,160500
2024-02-01,10.260000,10.390000,10.260000,10.350000,10.312037,92500
2024-02-02,10.270000,10.290000,10.220000,10.290000,10.252256,77400
2024-02-05,10.200000,10.260000,10.180000,10.250000,10.212403,101700
2024-02-06,10.240000,10.310000,10.240000,10.290000,10.252256,64200
2024-02-07,10.280000,10.330000,10.280000,10.300000,10.262220,129200
2024-02-08,10.300000,10.330000,10.290000,10.330000,10.292110,61900
2024-02-09,10.310000,10.390000,10.310000,10.360000,10.322000,94800
2024-02-12,10.390000,10.440000,10.390000,10.410000,10.371817,51100
2024-02-13,10.290000,10.350000,10.290000,10.310000,10.272183,65000
2024-02-14,10.340000,10.360000,10.320000,10.350000,10.312037,47400
2024-02-15,10.380000,10.460000,10.380000,10.450000,10.411670,59900
2024-02-16,10.420000,10.420000,10.390000,10.420000,10.381780,49300
2024-02-20,10.400000,10.440000,10.400000,10.430000,10.391744,22400
2024-02-21,10.460000,10.500000,10.440000,10.470000,10.431597,23200
2024-02-22,10.480000,10.490000,10.450000,10.460000,10.421634,51500
2024-02-23,10.470000,10.480000,10.440000,10.440000,10.401706,39400
2024-02-26,10.420000,10.450000,10.360000,10.400000,10.361853,53400
2024-02-27,10.380000,10.400000,10.360000,10.360000,10.322000,63000
2024-02-28,10.220000,10.390000,10.180000,10.350000,10.350000,94300
2024-02-29,10.330000,10.380000,10.320000,10.370000,10.370000,72900
2024-03-01,10.320000,10.400000,10.320000,10.390000,10.390000,141800
2024-03-04,10.330000,10.400000,10.300000,10.320000,10.320000,106900
2024-03-05,10.320000,10.400000,10.320000,10.330000,10.330000,73400
2024-03-06,10.310000,10.390000,10.310000,10.330000,10.330000,79300
2024-03-07,10.320000,10.340000,10.290000,10.340000,10.340000,98700
2024-03-08,10.350000,10.400000,10.320000,10.330000,10.330000,72500
2024-03-11,10.340000,10.350000,10.329000,10.330000,10.330000,3979
