Date,Open,High,Low,Close,Adj Close,Volume
2009-11-17,25.000000,25.000000,25.000000,25.000000,0.154251,100
2009-11-18,25.000000,25.000000,25.000000,25.000000,0.154251,0
2009-11-19,25.200001,25.200001,25.200001,25.200001,0.155485,100
2009-11-20,25.389999,25.450001,25.350000,25.440001,0.156966,5100
2009-11-23,25.440001,25.440001,25.440001,25.440001,0.156966,0
2009-11-24,25.440001,25.440001,25.440001,25.440001,0.156966,0
2009-11-25,25.440001,25.440001,25.440001,25.440001,0.156966,0
2009-11-27,24.750000,26.000000,24.500000,26.000000,0.160421,1100
2009-11-30,26.000000,26.000000,26.000000,26.000000,0.160421,0
2009-12-01,26.000000,26.000000,26.000000,26.000000,0.160421,0
2009-12-02,25.750000,25.750000,25.020000,25.020000,0.154375,400
2009-12-03,25.059999,25.059999,24.260000,24.660000,0.152154,9000
2009-12-04,25.010000,25.430000,24.500000,24.750000,0.152709,7900
2009-12-07,24.420000,24.620001,24.240000,24.620001,0.151907,2300
2009-12-08,24.250000,24.290001,23.750000,23.750000,0.146539,4900
2009-12-09,23.549999,24.080000,23.500000,23.500000,17.218287,1754600
2009-12-10,23.370001,24.290001,23.370001,24.000000,17.584635,1316100
2009-12-11,24.500000,24.520000,24.150000,24.520000,17.965635,1267900
2009-12-14,24.350000,25.000000,23.420000,24.950001,18.280693,1398200
2009-12-15,24.510000,25.639999,24.150000,25.440001,18.639709,2306200
2009-12-16,25.700001,25.700001,25.180000,25.520000,18.698330,1603700
2009-12-17,25.100000,25.129999,24.290001,24.440001,18.048468,2110300
2009-12-18,24.450001,24.540001,23.580000,23.969999,17.701382,1182100
2009-12-21,24.170000,24.180000,23.700001,24.030001,17.745686,2474400
2009-12-22,23.840000,24.450001,23.840000,24.309999,17.952465,2029500
2009-12-23,24.510000,24.510000,24.190001,24.400000,18.018925,1604600
2009-12-24,24.340000,24.660000,24.120001,24.379999,18.004154,433600
2009-12-28,24.190001,24.549999,23.930000,24.270000,17.922922,631200
2009-12-29,24.559999,24.790001,24.370001,24.520000,18.107544,1329000
2009-12-30,24.450001,24.670000,24.150000,24.639999,18.196159,1492200
2009-12-31,24.750000,25.480000,24.750000,25.200001,18.609705,1592200
2010-01-04,26.059999,26.680000,25.540001,26.600000,19.643579,2117700
2010-01-05,26.730000,26.790001,26.200001,26.370001,19.473734,1140700
2010-01-06,26.360001,26.690001,25.799999,26.139999,19.303875,1145600
2010-01-07,25.870001,26.129999,25.730000,25.990000,19.193111,873100
2010-01-08,25.910000,26.260000,25.660000,26.230000,19.370342,985300
2010-01-11,26.200001,26.430000,25.920000,26.150000,19.311266,1759200
2010-01-12,25.520000,25.879999,25.240000,25.750000,19.015875,1394500
2010-01-13,25.639999,25.860001,25.379999,25.809999,19.060183,853600
2010-01-14,25.840000,25.959999,25.580000,25.730000,19.001099,974000
2010-01-15,25.770000,25.830000,25.010000,25.250000,18.646631,1361400
2010-01-19,25.139999,25.260000,24.940001,25.200001,18.609705,1060900
2010-01-20,24.809999,24.809999,24.020000,24.280001,17.930313,1605100
2010-01-21,24.250000,24.389999,23.930000,24.240000,17.900770,2198900
2010-01-22,24.180000,24.209999,23.629999,23.719999,17.516758,1228700
2010-01-25,23.580000,24.049999,23.570000,23.760000,17.546301,1113700
2010-01-26,23.410000,23.410000,23.059999,23.209999,17.140135,1000900
2010-01-27,23.190001,23.430000,22.959999,23.190001,17.125366,1461900
2010-01-28,23.459999,23.620001,23.070000,23.500000,17.354294,1229100
2010-01-29,23.650000,24.590000,23.100000,23.150000,17.095821,1411600
2010-02-01,23.299999,24.379999,23.290001,24.360001,17.989384,1215900
2010-02-02,24.389999,24.930000,24.030001,24.799999,18.314323,1329200
2010-02-03,24.420000,25.129999,24.200001,24.959999,18.432474,1002100
2010-02-04,24.490000,24.610001,24.129999,24.260000,17.915541,1033900
2010-02-05,24.139999,24.350000,23.299999,23.740000,17.531532,1052400
2010-02-08,23.740000,23.959999,23.219999,23.270000,17.184444,936000
2010-02-09,23.600000,24.190001,23.340000,23.740000,17.531532,753900
2010-02-10,23.760000,23.950001,23.000000,23.299999,17.206596,723600
2010-02-11,22.959999,24.370001,22.870001,24.080000,17.782610,813300
2010-02-12,23.990000,24.070000,23.709999,23.940001,17.679220,741400
2010-02-16,24.250000,25.410000,24.129999,25.190001,18.602329,852800
2010-02-17,25.440001,25.799999,25.030001,25.730000,19.001099,897700
2010-02-18,25.530001,25.870001,25.420000,25.540001,18.860792,674900
2010-02-19,25.400000,26.580000,25.320000,26.450001,19.532804,786800
2010-02-22,26.260000,26.540001,25.400000,25.610001,18.912491,1257900
2010-02-23,25.340000,25.500000,24.340000,24.480000,18.078005,764100
2010-02-24,24.530001,24.719999,24.040001,24.290001,17.937689,1357400
2010-02-25,23.969999,24.200001,23.540001,24.059999,17.767845,1411500
2010-02-26,24.129999,24.600000,23.920000,24.500000,18.092777,755600
2010-03-01,24.750000,24.780001,24.459999,24.600000,18.166624,511500
2010-03-02,24.700001,25.110001,24.700001,25.070000,18.513704,582500
2010-03-03,25.110001,25.760000,25.070000,25.400000,18.757408,464900
2010-03-04,25.389999,25.559999,24.969999,25.170000,18.587561,486400
2010-03-05,25.510000,25.850000,25.370001,25.780001,19.038034,370900
2010-03-08,25.860001,26.219999,25.590000,25.790001,19.045412,460900
2010-03-09,25.690001,25.940001,25.299999,25.570000,18.882948,459000
2010-03-10,25.459999,26.020000,25.450001,25.920000,19.141420,477700
2010-03-11,25.820000,26.250000,25.469999,26.209999,19.502295,1110900
2010-03-12,26.350000,26.680000,25.770000,25.870001,19.249306,340300
2010-03-15,25.770000,26.000000,25.100000,25.430000,18.921915,466300
2010-03-16,25.570000,25.930000,25.430000,25.830000,19.219543,323200
2010-03-17,25.870001,26.200001,25.780001,25.990000,19.338596,665800
2010-03-18,25.990000,26.139999,25.370001,25.510000,18.981438,363600
2010-03-19,25.590000,25.590000,24.610001,24.860001,18.497791,922300
2010-03-22,24.540001,24.860001,24.370001,24.719999,18.393616,652600
2010-03-23,24.709999,25.240000,24.580000,25.170000,18.728449,800300
2010-03-24,24.889999,24.889999,24.600000,24.770000,18.430822,679700
2010-03-25,24.780001,25.170000,24.500000,24.500000,18.229921,520400
2010-03-26,24.510000,24.680000,24.209999,24.430000,18.177826,523200
2010-03-29,24.700001,25.129999,24.610001,25.120001,18.691248,547100
2010-03-30,25.230000,25.860001,25.090000,25.770000,19.174900,575200
2010-03-31,25.959999,26.250000,25.809999,26.209999,19.502295,494200
2010-04-01,26.530001,27.850000,26.490000,27.850000,20.722582,1244600
2010-04-05,28.340000,28.700001,28.280001,28.580000,21.265757,572500
2010-04-06,28.370001,28.809999,28.160000,28.480000,21.191353,676400
2010-04-07,28.350000,28.400000,27.430000,27.570000,20.514246,721800
2010-04-08,27.230000,28.770000,27.070000,28.430000,21.154148,736400
2010-04-09,28.350000,29.299999,28.170000,28.889999,21.496424,605900
2010-04-12,28.270000,29.790001,28.270000,29.160000,21.697323,497300
2010-04-13,29.150000,30.250000,28.469999,29.900000,22.247936,825500
2010-04-14,29.980000,30.330000,29.940001,30.160000,22.441410,709200
2010-04-15,29.950001,30.660000,29.840000,30.000000,22.322350,486000
2010-04-16,29.750000,29.780001,28.770000,28.809999,21.436899,680100
2010-04-19,28.219999,29.049999,27.510000,28.240000,21.012774,614600
2010-04-20,28.870001,29.639999,28.700001,29.049999,21.615473,699100
2010-04-21,29.070000,29.309999,27.940001,29.000000,21.578276,1621700
2010-04-22,28.459999,28.740000,27.520000,28.350000,21.094624,847000
2010-04-23,28.270000,29.410000,28.120001,29.350000,21.838701,762600
2010-04-26,29.209999,29.940001,28.799999,29.480000,21.935427,888700
2010-04-27,29.270000,29.520000,28.459999,28.540001,21.235992,1237900
2010-04-28,28.639999,28.889999,28.000000,28.410000,21.139269,632800
2010-04-29,28.850000,30.290001,28.820000,29.830000,22.195856,981100
2010-04-30,29.740000,29.980000,28.690001,29.299999,21.801498,1756400
2010-05-03,29.879999,30.100000,29.139999,29.230000,21.749411,1545600
2010-05-04,28.889999,28.889999,27.730000,28.030001,20.856522,1236700
2010-05-05,27.320000,28.040001,26.530001,27.010000,20.097559,1449500
2010-05-06,26.610001,27.340000,24.260000,26.490000,19.710640,1652800
2010-05-07,26.520000,26.879999,25.540001,26.250000,19.532055,1417600
2010-05-10,28.209999,28.209999,27.320000,27.940001,20.789553,865200
2010-05-11,27.700001,28.610001,27.490000,28.020000,20.849081,500600
2010-05-12,28.240000,28.820000,28.000000,28.360001,21.102064,846300
2010-05-13,28.370001,28.410000,27.530001,27.740000,20.640738,1099100
2010-05-14,27.389999,27.389999,26.040001,26.190001,19.487411,1395100
2010-05-17,26.219999,26.620001,24.969999,25.910000,19.279074,1026500
2010-05-18,26.600000,26.870001,25.680000,25.920000,19.286512,1054900
2010-05-19,25.410000,26.219999,25.000000,26.150000,19.457647,1176300
2010-05-20,25.139999,25.490000,24.530001,24.920000,18.542433,1378600
2010-05-21,24.379999,25.660000,24.270000,25.490000,18.966558,1344400
2010-05-24,25.260000,25.620001,25.000000,25.000000,18.601952,405800
2010-05-25,24.070000,24.510000,23.840000,24.450001,18.192717,3239900
2010-05-26,24.730000,25.080000,24.410000,24.480000,18.215040,1307600
2010-05-27,25.150000,26.570000,25.049999,26.500000,19.718079,1808500
2010-05-28,26.780001,27.350000,26.500000,26.940001,20.045473,1417900
2010-06-01,27.040001,28.250000,26.760000,26.790001,19.933865,1483300
2010-06-02,27.280001,28.020000,27.049999,28.000000,20.834188,1383700
2010-06-03,28.320000,28.570000,27.629999,28.350000,21.094624,908600
2010-06-04,27.480000,28.070000,26.780001,26.969999,20.067797,1233400
2010-06-07,26.940001,27.370001,26.240000,26.260000,19.539497,1081900
2010-06-08,26.610001,26.870001,25.700001,26.770000,19.918976,1053500
2010-06-09,27.150000,27.799999,27.000000,27.400000,20.387747,1212800
2010-06-10,27.950001,28.809999,27.900000,28.799999,21.429461,1892000
2010-06-11,27.910000,29.049999,27.799999,28.790001,21.566540,1056000
2010-06-14,29.209999,29.730000,28.590000,28.740000,21.529091,1026300
2010-06-15,29.020000,29.379999,28.870001,29.200001,21.873669,1914800
2010-06-16,28.889999,29.400000,28.660000,29.240000,21.903635,1424700
2010-06-17,29.250000,29.580000,28.700001,29.230000,21.896147,2152400
2010-06-18,29.430000,29.510000,29.260000,29.420000,22.038469,3678500
2010-06-21,29.690001,30.000000,29.090000,29.160000,21.843702,1101300
2010-06-22,29.219999,29.820000,28.290001,28.389999,21.266903,1115900
2010-06-23,28.070000,28.190001,27.610001,28.040001,21.004717,915900
2010-06-24,27.730000,27.940001,27.070000,27.190001,20.367981,792600
2010-06-25,27.440001,28.280001,27.260000,28.040001,21.004717,1008100
2010-06-28,27.980000,27.980000,27.000000,27.100000,20.300558,780200
2010-06-29,26.500000,26.500000,25.370001,25.559999,19.146952,1184800
2010-06-30,25.480000,26.240000,25.260000,25.790001,19.319252,1174400
2010-07-01,25.889999,26.200001,25.090000,25.610001,19.184406,746000
2010-07-02,25.480000,26.209999,25.459999,25.799999,19.326738,1047900
2010-07-06,26.420000,26.690001,25.920000,26.150000,19.588921,568000
2010-07-07,26.370001,27.320000,26.190001,27.219999,20.390457,577800
2010-07-08,27.870001,28.100000,27.370001,27.760000,20.794970,710100
2010-07-09,28.180000,28.510000,27.920000,28.360001,21.244431,681100
2010-07-12,28.270000,28.730000,28.160000,28.440001,21.304358,610600
2010-07-13,28.910000,29.870001,28.860001,29.400000,22.023493,1189000
2010-07-14,29.200001,29.600000,28.870001,29.150000,21.836214,1018500
2010-07-15,29.049999,29.170000,28.330000,28.770000,21.551563,1005000
2010-07-16,28.540001,28.570000,27.540001,27.700001,20.750025,934800
2010-07-19,27.870001,28.209999,27.730000,28.070000,21.027193,1284600
2010-07-20,27.610001,28.540001,27.610001,28.389999,21.266903,1641200
2010-07-21,28.770000,28.790001,27.830000,28.250000,21.162022,1218500
2010-07-22,28.790001,28.879999,28.379999,28.600000,21.424217,1101800
2010-07-23,28.530001,29.379999,28.290001,29.139999,21.828728,667400
2010-07-26,29.340000,30.010000,29.170000,29.830000,22.345604,704300
2010-07-27,29.920000,30.120001,29.049999,29.370001,22.001020,446600
2010-07-28,29.150000,29.469999,28.639999,28.860001,21.618982,998300
2010-07-29,28.360001,28.430000,27.230000,27.590000,20.667622,1935500
2010-07-30,27.549999,28.360001,27.150000,28.200001,21.124569,1069700
2010-08-02,28.950001,29.170000,28.549999,28.920000,21.663925,900100
2010-08-03,28.580000,28.850000,28.350000,28.360001,21.244431,746900
2010-08-04,28.360001,28.780001,27.940001,28.090000,21.042173,986100
2010-08-05,28.080000,28.620001,27.760000,28.559999,21.394245,653800
2010-08-06,27.980000,28.290001,27.379999,27.740000,20.779999,880700
2010-08-09,27.870001,28.020000,27.440001,27.930000,20.922316,647200
2010-08-10,27.389999,27.940001,27.360001,27.780001,20.809952,670600
2010-08-11,27.190001,27.350000,26.770000,26.950001,20.188200,721600
2010-08-12,26.559999,26.680000,26.150000,26.299999,19.701286,1006300
2010-08-13,26.160000,26.600000,26.020000,26.090000,19.543972,528400
2010-08-16,26.190001,26.190001,25.530001,25.900000,19.401657,891700
2010-08-17,26.290001,26.459999,25.969999,26.209999,19.633863,671600
2010-08-18,26.290001,26.350000,25.799999,26.150000,19.588921,627400
2010-08-19,25.959999,26.139999,25.520000,25.639999,19.206881,1223400
2010-08-20,25.500000,25.520000,25.049999,25.309999,18.959677,925200
2010-08-23,25.510000,25.510000,25.250000,25.350000,18.989647,1046200
2010-08-24,25.000000,25.219999,24.930000,25.000000,18.727463,1116400
2010-08-25,24.770000,25.480000,24.610001,25.389999,19.019604,1309000
2010-08-26,25.840000,26.340000,25.129999,25.309999,18.959677,818300
2010-08-27,25.450001,26.540001,25.400000,26.420000,19.791176,901800
2010-08-30,26.290001,26.959999,26.290001,26.680000,19.985947,1377400
2010-08-31,26.350000,26.959999,26.320000,26.910000,20.158237,1231100
2010-09-01,27.250000,28.160000,27.250000,28.100000,21.049660,1440900
2010-09-02,27.910000,28.230000,27.820000,28.209999,21.132061,529800
2010-09-03,28.620001,29.000000,28.120001,28.200001,21.124569,732200
2010-09-07,28.090000,28.240000,27.500000,27.670000,20.727552,779100
2010-09-08,27.740000,28.540001,27.709999,28.049999,21.012207,1140800
2010-09-09,28.469999,28.490000,27.639999,28.070000,21.027193,1179900
2010-09-10,27.980000,28.000000,27.260000,27.760000,20.794970,1300300
2010-09-13,28.030001,28.090000,27.389999,27.639999,20.850042,755100
2010-09-14,27.480000,27.750000,27.180000,27.680000,20.880215,749900
2010-09-15,27.480000,27.700001,27.209999,27.450001,20.706718,561100
2010-09-16,27.389999,27.410000,26.860001,27.230000,20.540758,424200
2010-09-17,27.280001,27.379999,26.730000,27.010000,20.374805,425900
2010-09-20,26.950001,27.950001,26.889999,27.629999,20.842491,684400
2010-09-21,27.799999,27.799999,27.040001,27.200001,20.518129,1040000
2010-09-22,27.240000,27.559999,26.709999,27.139999,20.472860,509000
2010-09-23,26.770000,27.379999,26.660000,27.280001,20.578474,734300
2010-09-24,27.620001,28.059999,27.610001,27.969999,21.098972,671200
2010-09-27,27.980000,28.490000,27.910000,28.240000,21.302641,584800
2010-09-28,27.930000,28.320000,27.590000,28.000000,21.121599,1005400
2010-09-29,27.910000,28.639999,27.850000,28.600000,21.574211,587900
2010-09-30,29.030001,29.219999,28.370001,28.770000,21.702446,744900
2010-10-01,28.969999,29.990000,28.889999,29.680000,22.388897,919200
2010-10-04,29.709999,30.000000,28.959999,29.400000,22.177683,630300
2010-10-05,29.639999,29.860001,29.440001,29.490000,22.245567,1457200
2010-10-06,29.540001,29.730000,29.129999,29.430000,22.200315,597100
2010-10-07,29.400000,29.400000,28.580000,28.879999,21.785425,593000
2010-10-08,28.830000,29.650000,28.580000,29.410000,22.185225,847900
2010-10-11,29.389999,29.620001,29.170000,29.379999,22.162592,216100
2010-10-12,29.480000,29.770000,29.219999,29.480000,22.238031,383100
2010-10-13,29.820000,30.230000,29.719999,30.049999,22.668003,692300
2010-10-14,29.990000,30.410000,29.639999,29.969999,22.607656,393300
2010-10-15,30.090000,30.250000,29.559999,29.740000,22.434160,432500
2010-10-18,29.469999,29.809999,29.450001,29.670000,22.381355,804400
2010-10-19,28.610001,28.780001,28.090000,28.520000,21.513857,904100
2010-10-20,28.480000,28.709999,28.309999,28.480000,21.483688,644600
2010-10-21,28.480000,28.750000,28.000000,28.250000,21.310183,567100
2010-10-22,28.430000,28.500000,28.160000,28.219999,21.287558,409800
2010-10-25,28.530001,28.990000,28.480000,28.580000,21.559120,793900
2010-10-26,28.320000,28.879999,28.290001,28.740000,21.679817,744000
2010-10-27,28.530001,28.580000,28.180000,28.330000,21.370537,845500
2010-10-28,28.150000,28.340000,28.000000,28.070000,21.174410,1239200
2010-10-29,27.990000,28.170000,27.780001,27.820000,20.985823,1102000
2010-11-01,28.139999,28.639999,28.070000,28.430000,21.445969,1205600
2010-11-02,28.750000,29.180000,28.600000,29.100000,21.951378,1225000
2010-11-03,29.180000,29.420000,28.910000,29.250000,22.064529,1108200
2010-11-04,29.790001,30.170000,29.719999,29.760000,22.449244,1232300
2010-11-05,29.950001,30.100000,29.309999,29.400000,22.177683,932400
2010-11-08,29.260000,29.549999,28.959999,29.440001,22.207857,811200
2010-11-09,29.780001,30.200001,29.500000,29.709999,22.411526,1280700
2010-11-10,29.740000,29.990000,29.049999,29.930000,22.577477,1137400
2010-11-11,29.760000,30.230000,29.500000,30.150000,22.743431,941500
2010-11-12,29.690001,30.030001,29.040001,29.400000,22.177683,795700
2010-11-15,29.480000,29.660000,29.070000,29.180000,22.011728,463400
2010-11-16,28.709999,28.870001,28.059999,28.410000,21.430882,1107700
2010-11-17,28.160000,28.379999,28.000000,28.219999,21.287558,1228400
2010-11-18,28.500000,29.350000,28.469999,28.980000,21.860857,682600
2010-11-19,28.870001,29.379999,28.570000,29.320000,22.117331,611800
2010-11-22,29.260000,29.440001,28.639999,29.030001,21.898577,1145700
2010-11-23,28.520000,28.820000,28.400000,28.650000,21.611923,1107600
2010-11-24,28.900000,29.629999,28.879999,29.570000,22.305922,691900
2010-11-26,29.059999,29.059999,28.719999,28.860001,21.770336,362900
2010-11-29,28.680000,29.270000,28.469999,29.200001,22.026808,710700
2010-11-30,28.639999,29.020000,28.459999,28.770000,21.702446,754900
2010-12-01,29.320000,29.690001,29.250000,29.690001,22.396439,954400
2010-12-02,29.910000,30.920000,29.760000,30.830000,23.256397,1672500
2010-12-03,30.860001,31.790001,30.820000,31.600000,23.837238,1434700
2010-12-06,31.350000,32.360001,31.260000,32.209999,24.297380,1109300
2010-12-07,32.610001,32.900002,31.690001,31.719999,23.927755,1071800
2010-12-08,31.629999,31.920000,31.020000,31.240000,23.565674,1113300
2010-12-09,30.889999,31.139999,30.400000,31.049999,23.422348,1518000
2010-12-10,31.049999,31.240000,30.770000,31.010000,23.392174,728400
2010-12-13,31.090000,31.360001,30.840000,30.930000,23.481756,846600
2010-12-14,30.830000,31.260000,30.639999,31.230000,23.709515,795900
2010-12-15,31.150000,31.370001,30.889999,31.270000,23.739880,844700
2010-12-16,31.190001,31.240000,30.870001,31.170000,23.663963,1749200
2010-12-17,31.120001,31.299999,30.889999,31.010000,23.542490,1633000
2010-12-20,31.209999,31.690001,31.000000,31.400000,23.838579,1284200
2010-12-21,31.700001,32.330002,31.480000,32.240002,24.476297,855100
2010-12-22,32.340000,32.889999,32.160000,32.419998,24.612951,1291600
2010-12-23,32.450001,32.570000,31.910000,32.459999,24.643320,1259100
2010-12-27,32.439999,32.770000,32.369999,32.619999,24.764795,500700
2010-12-28,32.660000,33.099998,32.639999,33.020000,25.068462,398300
2010-12-29,33.080002,33.240002,32.799999,33.209999,25.212709,694000
2010-12-30,33.049999,33.349998,32.849998,32.900002,24.977365,745800
2010-12-31,32.830002,33.369999,32.639999,33.240002,25.235485,810600
2011-01-03,33.669998,33.980000,33.220001,33.419998,25.372145,645000
2011-01-04,33.700001,34.049999,33.270000,33.540001,25.463245,1192500
2011-01-05,33.630001,33.630001,32.900002,32.959999,25.022903,1117200
2011-01-06,33.189999,33.250000,32.040001,32.119999,24.385197,1339600
2011-01-07,32.360001,32.610001,32.029999,32.570000,24.726826,1315300
2011-01-10,32.500000,32.580002,31.860001,32.090000,24.362417,1639700
2011-01-11,32.730000,33.200001,32.630001,32.750000,24.863487,1760400
2011-01-12,33.209999,33.580002,32.720001,32.869999,24.954588,1281100
2011-01-13,32.880001,33.099998,32.470001,32.689999,24.817928,800700
2011-01-14,32.660000,32.750000,32.380001,32.560001,24.719244,1206600
2011-01-18,32.630001,32.630001,32.099998,32.200001,24.445929,1477700
2011-01-19,32.220001,32.220001,31.730000,31.940001,24.248539,1224000
2011-01-20,31.660000,31.809999,31.110001,31.740000,24.096697,1280700
2011-01-21,31.920000,32.549999,31.920000,32.400002,24.597773,1410900
2011-01-24,32.290001,32.560001,32.040001,32.430000,24.620543,998200
2011-01-25,32.259998,32.320000,31.340000,31.590000,23.982826,829100
2011-01-26,31.760000,32.980000,31.760000,32.820000,24.916626,1367600
2011-01-27,32.639999,32.959999,32.419998,32.919998,24.992548,880300
2011-01-28,32.610001,33.730000,32.580002,33.349998,25.318995,2357700
2011-01-31,33.450001,34.779999,33.450001,34.610001,26.275578,2355600
2011-02-01,34.779999,35.310001,34.080002,34.299999,26.040230,2036200
2011-02-02,34.599998,35.000000,34.320000,34.450001,26.154108,1104900
2011-02-03,34.509998,34.930000,34.340000,34.500000,26.192060,1363600
2011-02-04,34.700001,34.900002,34.090000,34.270000,26.017452,1320200
2011-02-07,34.459999,34.630001,34.220001,34.290001,26.032637,1490700
2011-02-08,34.080002,34.180000,33.849998,34.150002,25.926352,1485300
2011-02-09,34.220001,34.779999,33.959999,34.090000,25.880798,1784700
2011-02-10,33.910000,34.939999,33.619999,34.900002,26.495733,1518500
2011-02-11,34.599998,35.480000,34.540001,35.240002,26.753868,1224600
2011-02-14,35.439999,36.380001,35.369999,35.910000,27.262526,1657600
2011-02-15,36.180000,36.299999,35.500000,35.619999,27.042360,1363100
2011-02-16,36.139999,36.459999,35.820000,36.360001,27.604164,1518100
2011-02-17,36.209999,36.990002,36.150002,36.990002,28.082449,1333100
2011-02-18,37.020000,37.169998,36.040001,36.990002,28.082449,2549700
2011-02-22,38.009998,38.910000,37.459999,37.599998,28.545555,2056600
2011-02-23,37.889999,38.500000,37.580002,37.980000,28.834053,2361100
2011-02-24,38.380001,38.799999,37.119999,37.439999,28.424097,2013700
2011-02-25,37.990002,38.439999,37.599998,38.349998,29.114952,2090700
2011-02-28,38.279999,39.279999,38.160000,38.910000,29.540104,2112100
2011-03-01,39.049999,39.160000,38.270000,38.689999,29.373081,2019400
2011-03-02,38.799999,39.840000,38.799999,39.700001,30.139862,2222700
2011-03-03,39.560001,39.790001,38.860001,39.320000,29.851362,1329500
2011-03-04,39.680000,39.830002,39.240002,39.580002,30.048754,1514200
2011-03-07,39.869999,40.060001,39.119999,39.369999,29.889318,1456900
2011-03-08,39.410000,39.410000,37.730000,37.820000,28.712578,1664900
2011-03-09,37.799999,38.110001,36.980000,37.740002,28.651850,1217700
2011-03-10,37.200001,37.360001,35.619999,36.119999,27.421953,1758800
2011-03-11,35.490002,36.209999,35.290001,35.930000,27.434174,2370900
2011-03-14,35.680000,36.009998,35.389999,35.790001,27.327276,1070500
2011-03-15,34.700001,35.849998,34.250000,35.500000,27.105843,2687500
2011-03-16,35.660000,36.180000,34.869999,35.139999,26.830971,2419300
2011-03-17,36.040001,37.009998,35.759998,36.880001,28.159544,1765500
2011-03-18,37.110001,37.529999,36.529999,36.820000,28.113726,1399400
2011-03-21,38.119999,38.349998,37.570000,38.310001,29.251410,1160400
2011-03-22,38.330002,38.459999,38.000000,38.230000,29.190329,729700
2011-03-23,38.240002,38.250000,37.660000,37.980000,28.999443,1174800
2011-03-24,38.090000,38.349998,37.730000,37.889999,28.930717,744400
2011-03-25,37.939999,38.990002,37.869999,38.419998,29.335398,1208500
2011-03-28,38.340000,39.099998,38.310001,38.330002,29.266678,1123900
2011-03-29,38.400002,39.009998,38.250000,38.490002,29.388849,1211100
2011-03-30,38.700001,39.509998,38.689999,39.320000,30.022587,840900
2011-03-31,39.540001,39.700001,38.849998,39.380001,30.068405,1807800
2011-04-01,39.730000,40.450001,39.730000,40.209999,30.702158,1079100
2011-04-04,40.130001,40.259998,39.790001,40.080002,30.602880,815000
2011-04-05,40.020000,40.310001,39.689999,39.880001,30.450180,637100
2011-04-06,39.880001,39.959999,39.090000,39.209999,29.938593,2600200
2011-04-07,39.310001,39.619999,38.900002,39.139999,29.885159,1313200
2011-04-08,39.560001,40.730000,39.380001,40.240002,30.725048,1693400
2011-04-11,40.169998,40.349998,38.700001,39.099998,29.854607,1482100
2011-04-12,38.660000,38.669998,36.750000,37.570000,28.686382,1930700
2011-04-13,37.779999,38.369999,37.480000,37.770000,28.839098,1228800
2011-04-14,37.150002,37.849998,36.950001,37.570000,28.686382,1250500
2011-04-15,37.500000,37.880001,37.340000,37.470001,28.610035,1232500
2011-04-18,36.840000,36.849998,35.630001,36.560001,27.915205,1573100
2011-04-19,36.520000,36.950001,36.029999,36.680000,28.006826,1228100
2011-04-20,37.310001,37.750000,37.290001,37.560001,28.678759,1103300
2011-04-21,37.759998,37.950001,36.990002,37.660000,28.755110,1088100
2011-04-25,37.900002,38.169998,36.810001,37.389999,28.548950,1308900
2011-04-26,36.889999,38.299999,36.880001,38.000000,29.014702,1867800
2011-04-27,37.709999,38.450001,36.349998,38.099998,29.091072,3330200
2011-04-28,37.919998,38.270000,37.630001,37.880001,28.923080,1462100
2011-04-29,37.700001,38.410000,37.540001,38.400002,29.320126,1138300
2011-05-02,38.450001,39.360001,37.720001,38.040001,29.045254,1539500
2011-05-03,37.950001,38.000000,36.529999,37.040001,28.281704,1079100
2011-05-04,36.869999,37.080002,35.869999,36.209999,27.647963,1636500
2011-05-05,35.540001,35.590000,34.369999,34.860001,26.617174,2395000
2011-05-06,35.099998,36.439999,34.610001,35.340000,26.983681,2225100
2011-05-09,35.549999,35.779999,34.990002,35.680000,27.243282,1087600
2011-05-10,35.759998,36.049999,35.340000,35.770000,27.312008,1149700
2011-05-11,35.650002,35.660000,34.470001,34.680000,26.479742,1432500
2011-05-12,34.290001,34.770000,33.790001,34.360001,26.235411,1606100
2011-05-13,34.299999,34.430000,33.529999,33.980000,25.945251,1354500
2011-05-16,33.910000,34.939999,33.400002,33.570000,25.632206,2343800
2011-05-17,33.279999,33.730000,32.480000,33.669998,25.708555,2081000
2011-05-18,33.849998,35.279999,33.730000,34.840000,26.601917,1793000
2011-05-19,35.189999,35.299999,34.439999,34.900002,26.647711,1311600
2011-05-20,34.660000,35.139999,34.230000,34.880001,26.632454,1094500
2011-05-23,33.950001,34.200001,33.459999,33.750000,25.769653,792300
2011-05-24,33.930000,35.299999,33.930000,34.970001,26.701178,1784700
2011-05-25,34.689999,35.959999,34.520000,35.740002,27.289101,1826600
2011-05-26,35.570000,36.410000,35.540001,36.259998,27.686140,1506200
2011-05-27,36.200001,37.360001,36.090000,36.400002,27.793047,1856300
2011-05-31,37.389999,37.740002,36.669998,37.090000,28.319895,1722100
2011-06-01,37.090000,37.169998,35.020000,35.160000,26.846239,1940000
2011-06-02,35.029999,35.480000,34.480000,35.060001,26.769882,1259100
2011-06-03,34.220001,35.970001,34.020000,35.720001,27.273825,2589300
2011-06-06,35.910000,35.939999,34.500000,34.660000,26.464470,2050400
2011-06-07,35.130001,35.980000,35.040001,35.279999,26.937870,1399600
2011-06-08,35.200001,35.959999,35.000000,35.160000,26.846239,1417400
2011-06-09,35.200001,35.779999,35.020000,35.439999,27.060038,1249000
2011-06-10,35.250000,35.299999,33.959999,34.240002,26.143784,1406300
2011-06-13,34.259998,34.410000,33.650002,34.020000,26.133028,1645700
2011-06-14,34.290001,35.279999,34.290001,35.009998,26.893509,1044700
2011-06-15,34.599998,35.020000,33.770000,34.090000,26.186800,1193700
2011-06-16,33.980000,34.590000,33.480000,33.750000,25.925627,1712500
2011-06-17,33.840000,34.259998,33.200001,33.400002,25.656769,1948900
2011-06-20,33.240002,33.840000,33.099998,33.520000,25.748945,1021900
2011-06-21,33.360001,34.630001,33.330002,34.070000,26.171440,2718000
2011-06-22,33.910000,34.570000,33.849998,34.009998,26.125341,1006700
2011-06-23,33.349998,34.020000,32.619999,33.930000,26.063889,1832700
2011-06-24,34.110001,34.290001,33.430000,33.830002,25.987082,1301100
2011-06-27,33.590000,34.110001,33.279999,33.820000,25.979387,1352600
2011-06-28,34.070000,35.299999,33.990002,35.200001,27.039457,1423600
2011-06-29,35.599998,37.009998,35.459999,36.529999,28.061132,2463800
2011-06-30,36.730000,37.799999,36.720001,37.660000,28.929159,1935500
2011-07-01,37.459999,37.759998,37.049999,37.709999,28.967575,923600
2011-07-05,38.130001,38.779999,37.869999,37.939999,29.144239,1613200
2011-07-06,37.680000,37.730000,36.689999,36.869999,28.322298,1193000
2011-07-07,37.560001,38.549999,37.340000,38.119999,29.282505,1615900
2011-07-08,37.610001,38.119999,37.560001,38.070000,29.244097,1504800
2011-07-11,37.509998,37.750000,36.610001,36.810001,28.276211,1553800
2011-07-12,36.490002,37.200001,36.380001,36.700001,28.191721,1757300
2011-07-13,36.910000,38.320000,36.869999,37.770000,29.013655,1489400
2011-07-14,38.139999,38.470001,37.419998,37.869999,29.090466,1966800
2011-07-15,38.209999,39.080002,38.040001,38.869999,29.858637,1474500
2011-07-18,38.590000,38.590000,37.830002,38.500000,29.574419,1195800
2011-07-19,38.970001,39.770000,38.880001,39.299999,30.188942,1133500
2011-07-20,39.480000,39.779999,38.860001,39.150002,30.073715,1267600
2011-07-21,39.450001,39.959999,39.090000,39.860001,30.619112,1252500
2011-07-22,39.730000,40.259998,39.500000,40.209999,30.887991,958800
2011-07-25,40.000000,40.520000,39.610001,40.209999,30.887991,1375500
2011-07-26,40.599998,40.610001,39.150002,39.380001,30.250406,2000700
2011-07-27,39.290001,39.580002,38.389999,38.580002,29.635866,1579600
2011-07-28,38.459999,39.660000,38.080002,38.830002,29.827917,1178900
2011-07-29,38.500000,38.730000,37.910000,38.349998,29.459192,1256100
2011-08-01,39.259998,39.570000,38.169998,38.680000,29.712677,733400
2011-08-02,38.349998,38.660000,37.580002,37.630001,28.906105,1286400
2011-08-03,37.660000,38.180000,36.520000,37.549999,28.844646,2430100
2011-08-04,37.040001,37.060001,34.869999,35.450001,27.231501,2670000
2011-08-05,35.889999,36.070000,32.820000,34.650002,26.616980,3181900
2011-08-08,33.000000,33.759998,31.760000,32.160000,24.704241,3336400
2011-08-09,31.540001,34.209999,31.540001,34.180000,26.255934,4261700
2011-08-10,33.580002,35.250000,32.480000,33.599998,25.810396,3696800
2011-08-11,33.400002,35.970001,32.570000,35.669998,27.400505,2578600
2011-08-12,36.330002,36.450001,35.080002,35.470001,27.246872,1815000
2011-08-15,36.099998,36.860001,35.669998,36.689999,28.184029,1417100
2011-08-16,36.070000,36.320000,35.610001,36.130001,27.753853,1242400
2011-08-17,36.459999,37.040001,35.930000,36.139999,27.761539,1194200
2011-08-18,34.799999,34.799999,32.799999,33.270000,25.556908,2483500
2011-08-19,32.490002,33.840000,32.380001,32.509998,24.973093,2051500
2011-08-22,33.500000,33.709999,32.400002,33.049999,25.387905,2094600
2011-08-23,33.660000,34.939999,33.130001,34.910000,26.816702,2186800
2011-08-24,34.770000,35.340000,34.070000,34.459999,26.471022,1246200
2011-08-25,34.830002,34.830002,33.180000,33.599998,25.810396,1219900
2011-08-26,33.290001,33.650002,32.500000,33.560001,25.779669,1502100
2011-08-29,34.279999,34.680000,33.980000,34.610001,26.586248,1273600
2011-08-30,34.400002,35.720001,34.090000,35.380001,27.177734,1185400
2011-08-31,35.529999,36.230000,35.470001,36.080002,27.715456,978600
2011-09-01,36.290001,37.430000,35.779999,35.840000,27.531090,1950700
2011-09-02,34.820000,35.369999,34.279999,34.810001,26.739882,1153600
2011-09-06,33.310001,34.389999,32.639999,34.369999,26.401882,1297400
2011-09-07,34.849998,34.939999,34.439999,34.770000,26.709154,1367100
2011-09-08,34.509998,34.790001,34.029999,34.299999,26.348116,1417800
2011-09-09,33.619999,33.720001,31.830000,31.959999,24.550606,2688300
2011-09-12,31.480000,32.139999,31.160000,31.830000,24.450743,1883700
2011-09-13,32.009998,32.410000,31.590000,32.290001,24.960938,1294500
2011-09-14,32.310001,33.810001,32.230000,33.259998,25.710768,1732000
2011-09-15,34.130001,34.820000,33.770000,34.599998,26.746624,1367500
2011-09-16,34.590000,34.919998,33.439999,33.660000,26.019983,1107500
2011-09-19,32.639999,33.470001,32.090000,33.169998,25.641201,1163400
2011-09-20,33.250000,34.020000,32.820000,32.849998,25.393829,833400
2011-09-21,32.730000,33.070000,31.299999,31.309999,24.203375,1011800
2011-09-22,29.730000,29.910000,29.020000,29.760000,23.005186,2703400
2011-09-23,29.309999,30.610001,29.200001,30.330000,23.445814,1874200
2011-09-26,30.540001,31.240000,29.500000,31.139999,24.071960,1264700
2011-09-27,32.099998,33.840000,31.709999,31.950001,24.698111,2304300
2011-09-28,32.040001,32.349998,30.980000,31.070000,24.017849,1475900
2011-09-29,32.040001,32.220001,31.110001,31.969999,24.713572,1200200
2011-09-30,31.240000,31.820000,30.660000,30.709999,23.739559,1719400
2011-10-03,30.400000,30.510000,29.219999,29.440001,22.757818,2238300
2011-10-04,28.809999,28.950001,27.150000,28.870001,22.317196,3406700
2011-10-05,28.900000,31.030001,28.900000,30.900000,23.886438,3502200
2011-10-06,30.650000,32.439999,30.200001,32.380001,25.030510,2145300
2011-10-07,32.740002,33.330002,32.279999,33.099998,25.587093,2612400
2011-10-10,33.250000,34.419998,33.250000,34.310001,26.522446,1493800
2011-10-11,33.730000,34.290001,33.380001,33.450001,25.857649,2313500
2011-10-12,34.000000,34.619999,33.619999,34.230000,26.460600,2004200
2011-10-13,34.000000,34.000000,32.880001,33.540001,25.927217,2068400
2011-10-14,34.320000,35.000000,34.160000,35.000000,27.055828,1028300
2011-10-17,34.869999,35.180000,34.529999,34.709999,26.831656,1190600
2011-10-18,34.540001,35.660000,33.939999,35.470001,27.419155,1426000
2011-10-19,35.299999,35.790001,34.340000,34.500000,26.669323,1565100
2011-10-20,34.410000,34.720001,33.830002,34.529999,26.692516,2866300
2011-10-21,35.250000,35.430000,34.730000,35.099998,27.133129,1542900
2011-10-24,35.340000,36.500000,35.150002,36.259998,28.029839,1672300
2011-10-25,36.360001,36.360001,34.790001,34.869999,26.955339,1146000
2011-10-26,35.560001,36.290001,34.770000,35.919998,27.767006,1522700
2011-10-27,37.099998,37.349998,36.169998,36.590000,28.284945,1380300
2011-10-28,35.939999,36.320000,35.680000,36.259998,28.029839,1473300
2011-10-31,35.849998,35.950001,34.160000,34.200001,26.437418,1590600
2011-11-01,32.410000,33.360001,32.040001,32.900002,25.432478,2013600
2011-11-02,33.509998,34.000000,33.070000,33.680000,26.035442,1213300
2011-11-03,34.110001,35.000000,33.599998,34.740002,26.854853,1143500
2011-11-04,34.480000,34.810001,33.889999,34.590000,26.738895,882100
2011-11-07,34.500000,35.080002,34.070000,34.340000,26.545637,995100
2011-11-08,34.410000,34.490002,33.619999,34.389999,26.584288,1517600
2011-11-09,33.259998,33.669998,32.430000,32.509998,25.131004,1244700
2011-11-10,32.930000,33.130001,32.029999,32.560001,25.169661,2022800
2011-11-11,32.880001,33.520000,32.660000,33.200001,25.664394,1234900
2011-11-14,32.980000,33.299999,32.549999,32.959999,25.478857,633400
2011-11-15,32.750000,33.020000,32.400002,32.869999,25.409292,732600
2011-11-16,32.570000,34.189999,32.349998,33.169998,25.641201,1635600
2011-11-17,33.110001,33.389999,31.480000,31.930000,24.682652,1665000
2011-11-18,32.209999,32.400002,31.250000,31.469999,24.327063,1068200
2011-11-21,30.770000,31.400000,30.219999,31.209999,24.126076,1075000
2011-11-22,31.370001,31.370001,30.299999,30.450001,23.538568,1283800
2011-11-23,29.879999,29.969999,28.950001,28.990000,22.409962,1507200
2011-11-25,28.860001,29.110001,28.680000,28.780001,22.247623,1004100
2011-11-28,29.889999,30.490000,29.770000,30.080000,23.252558,1052400
2011-11-29,30.150000,31.000000,30.070000,30.549999,23.615877,1271900
2011-11-30,31.870001,33.419998,31.870001,33.389999,25.811268,2174600
2011-12-01,33.270000,33.689999,32.810001,32.869999,25.409292,971900
2011-12-02,33.230000,33.480000,32.380001,32.509998,25.131004,1042900
2011-12-05,33.070000,33.630001,32.730000,32.919998,25.447950,829500
2011-12-06,32.790001,33.279999,32.549999,32.799999,25.355185,1060800
2011-12-07,32.700001,33.730000,32.279999,33.549999,25.934950,1232200
2011-12-08,33.790001,34.290001,32.660000,32.799999,25.355185,3561900
2011-12-09,32.849998,33.990002,32.840000,33.740002,26.081825,1385900
2011-12-12,33.070000,33.230000,32.599998,33.200001,25.664394,1064100
2011-12-13,33.299999,33.410000,31.570000,31.910000,24.812933,1616200
2011-12-14,31.320000,31.540001,30.129999,30.250000,23.522127,1797200
2011-12-15,30.670000,30.840000,29.639999,29.879999,23.234419,1828300
2011-12-16,29.879999,30.840000,29.860001,30.770000,23.926474,1769900
2011-12-19,30.920000,31.219999,30.100000,30.240000,23.514347,1238900
2011-12-20,31.100000,31.879999,31.010000,31.200001,24.260836,1011300
2011-12-21,31.340000,31.450001,30.959999,31.059999,24.151976,1625600
2011-12-22,31.150000,32.439999,31.139999,32.380001,25.178396,1192300
2011-12-23,32.540001,33.000000,32.400002,32.950001,25.621620,939600
2011-12-27,32.880001,33.200001,32.779999,32.919998,25.598295,670100
2011-12-28,33.090000,33.119999,32.029999,32.110001,24.968452,703800
2011-12-29,32.240002,32.549999,32.080002,32.520000,25.287252,759500
2011-12-30,32.360001,33.279999,32.299999,33.200001,25.816021,798100
2012-01-03,33.810001,34.580002,33.790001,34.450001,26.788012,1315900
2012-01-04,34.189999,34.430000,33.770000,33.910000,26.368105,995900
2012-01-05,33.720001,34.150002,33.299999,33.840000,26.313686,934300
2012-01-06,33.830002,33.830002,33.279999,33.650002,26.165939,910000
2012-01-09,33.639999,33.950001,33.340000,33.900002,26.360336,720600
2012-01-10,34.349998,34.549999,34.020000,34.360001,26.718031,801800
2012-01-11,34.220001,34.250000,33.590000,33.750000,26.243696,1135900
2012-01-12,33.669998,33.889999,33.299999,33.430000,25.994867,1002600
2012-01-13,33.110001,33.299999,32.450001,33.150002,25.777136,1201300
2012-01-17,33.520000,34.529999,33.500000,34.470001,26.803560,1100500
2012-01-18,34.330002,35.389999,34.189999,35.180000,27.355650,1074500
2012-01-19,35.639999,35.910000,35.200001,35.660000,27.728893,812800
2012-01-20,35.360001,35.630001,34.980000,35.570000,27.658907,553400
2012-01-23,35.830002,36.470001,35.700001,36.340000,28.257660,1260100
2012-01-24,35.860001,36.450001,35.599998,36.099998,28.071032,726400
2012-01-25,35.830002,36.340000,35.349998,36.310001,28.234337,1196800
2012-01-26,36.299999,36.470001,35.930000,36.310001,28.234337,1185500
2012-01-27,36.020000,36.700001,36.020000,36.330002,28.249880,677600
2012-01-30,35.740002,36.630001,35.730000,36.500000,28.382063,1228900
2012-01-31,36.950001,37.060001,35.919998,36.439999,28.335411,1724400
2012-02-01,36.639999,37.840000,36.590000,37.279999,28.988588,1872900
2012-02-02,37.250000,37.889999,37.200001,37.660000,29.284073,2773300
2012-02-03,38.000000,39.110001,37.889999,39.080002,30.388254,2785100
2012-02-06,38.740002,38.900002,37.990002,38.299999,29.781740,1370500
2012-02-07,38.150002,38.240002,36.980000,37.840000,29.424046,1175000
2012-02-08,37.810001,37.910000,37.310001,37.720001,29.330734,688200
2012-02-09,37.869999,37.869999,37.240002,37.380001,29.066353,671100
2012-02-10,36.700001,37.400002,36.500000,37.360001,29.050800,760300
2012-02-13,37.630001,37.950001,37.320000,37.770000,29.369616,501200
2012-02-14,37.889999,38.599998,37.770000,38.520000,29.952805,1146500
2012-02-15,38.730000,39.160000,37.939999,38.169998,29.680649,1112700
2012-02-16,38.209999,38.950001,37.959999,38.750000,30.131651,875400
2012-02-17,38.950001,39.220001,38.799999,38.889999,30.240517,828700
2012-02-21,39.029999,39.810001,38.860001,39.439999,30.668200,1068900
2012-02-22,39.040001,39.270000,38.790001,38.889999,30.240517,761700
2012-02-23,38.930000,39.200001,38.560001,39.139999,30.434914,800600
2012-02-24,39.349998,39.369999,38.830002,39.090000,30.396032,883900
2012-02-27,38.860001,39.480000,38.459999,38.689999,30.084990,945300
2012-02-28,38.770000,38.910000,38.470001,38.740002,30.123878,787900
2012-02-29,38.990002,39.230000,38.470001,38.799999,30.170527,869000
2012-03-01,38.779999,39.650002,38.700001,39.549999,30.753729,921700
2012-03-02,39.299999,39.439999,38.639999,38.790001,30.162756,715200
2012-03-05,38.619999,38.759998,37.660000,37.750000,29.354055,852900
2012-03-06,36.930000,37.139999,35.380001,35.779999,27.822199,1627000
2012-03-07,35.860001,37.000000,35.410000,36.709999,28.545359,1534600
2012-03-08,37.189999,38.360001,37.070000,38.169998,29.680649,1101800
2012-03-09,38.330002,38.709999,37.580002,37.720001,29.330734,1001600
2012-03-12,37.580002,37.880001,36.919998,36.990002,28.763107,669200
2012-03-13,36.959999,37.630001,36.680000,37.480000,29.320070,1169700
2012-03-14,37.509998,37.680000,36.799999,36.980000,28.928942,827000
2012-03-15,36.930000,37.959999,36.810001,37.060001,28.991520,1006400
2012-03-16,37.160000,37.610001,36.849998,37.310001,29.187094,1308800
2012-03-19,37.330002,37.639999,37.090000,37.320000,29.194908,522500
2012-03-20,36.750000,36.840000,36.299999,36.669998,28.686436,601800
2012-03-21,37.040001,37.040001,36.310001,36.320000,28.412617,674300
2012-03-22,36.000000,36.000000,35.230000,35.560001,27.818094,1271800
2012-03-23,35.490002,36.110001,35.410000,35.849998,28.044952,1036000
2012-03-26,36.270000,36.990002,36.169998,36.869999,28.842886,1602700
2012-03-27,36.990002,37.040001,36.230000,36.380001,28.459558,752100
2012-03-28,36.290001,36.310001,35.200001,35.430000,27.716391,1455500
2012-03-29,35.250000,35.950001,34.549999,35.889999,28.076244,1730800
2012-03-30,36.189999,36.320000,35.540001,35.939999,28.115368,709900
2012-04-02,35.660000,36.400002,35.580002,36.270000,28.373520,922900
2012-04-03,36.189999,36.189999,35.599998,35.900002,28.084074,1099700
2012-04-04,35.049999,35.349998,34.230000,34.340000,26.863705,1555500
2012-04-05,34.529999,35.040001,34.259998,34.520000,27.004519,1870600
2012-04-09,33.990002,34.400002,33.770000,34.009998,26.605543,801000
2012-04-10,33.970001,34.070000,32.930000,33.220001,25.987537,1229300
2012-04-11,33.410000,34.000000,33.349998,33.730000,26.386505,1310800
2012-04-12,33.980000,34.730000,33.730000,34.560001,27.035805,1351700
2012-04-13,34.529999,34.590000,33.509998,33.529999,26.230045,1084300
2012-04-16,33.590000,33.779999,33.180000,33.209999,25.979717,1200000
2012-04-17,33.709999,34.310001,33.619999,33.939999,26.550787,930500
2012-04-18,33.910000,34.250000,33.709999,34.209999,26.762001,723900
2012-04-19,34.169998,34.849998,34.009998,34.709999,27.153152,1246700
2012-04-20,35.070000,35.189999,34.639999,34.880001,27.286135,1089900
2012-04-23,34.369999,34.650002,33.770000,34.490002,26.981037,1259100
2012-04-24,34.500000,34.730000,34.189999,34.500000,26.988865,1130800
2012-04-25,35.500000,35.610001,34.290001,34.380001,26.894995,986200
2012-04-26,34.369999,34.660000,34.130001,34.529999,27.012342,832400
2012-04-27,34.619999,35.880001,34.610001,35.860001,28.052778,1330700
2012-04-30,35.560001,36.360001,35.529999,36.250000,28.357861,1489200
2012-05-01,36.369999,37.259998,36.310001,36.669998,28.686436,880600
2012-05-02,36.200001,36.279999,35.029999,35.099998,27.458231,1228900
2012-05-03,35.070000,35.150002,34.150002,34.310001,26.840231,1488900
2012-05-04,33.689999,33.849998,32.330002,32.349998,25.306948,1721300
2012-05-07,32.250000,32.549999,31.750000,32.389999,25.338240,1726300
2012-05-08,32.169998,32.320000,31.660000,32.220001,25.205257,1441300
2012-05-09,31.620001,32.919998,31.370001,32.509998,25.432117,1752100
2012-05-10,32.790001,33.110001,32.570000,32.959999,25.784140,1246500
2012-05-11,32.790001,33.459999,32.750000,32.950001,25.776323,1178600
2012-05-14,32.250000,32.480000,31.950001,32.000000,25.033157,1056300
2012-05-15,31.930000,32.060001,31.379999,31.530001,24.665485,1464400
2012-05-16,31.520000,32.130001,30.990000,31.219999,24.422970,1165400
2012-05-17,31.309999,31.590000,31.000000,31.030001,24.274334,1405300
2012-05-18,31.469999,31.500000,30.790001,30.889999,24.164818,1047100
2012-05-21,30.680000,31.670000,30.680000,31.610001,24.728064,721400
2012-05-22,31.600000,31.940001,30.959999,31.129999,24.352566,1252200
2012-05-23,30.730000,31.570000,30.600000,31.540001,24.673304,1541300
2012-05-24,31.620001,32.080002,31.080000,31.629999,24.743702,1282800
2012-05-25,31.420000,31.690001,31.240000,31.450001,24.602901,1908600
2012-05-29,31.840000,32.750000,31.760000,32.340000,25.299126,1817500
2012-05-30,31.510000,31.610001,30.990000,31.200001,24.407318,917700
2012-05-31,31.190001,31.650000,30.799999,31.430000,24.587246,1596100
2012-06-01,30.670000,30.680000,29.770000,29.809999,23.319950,2770500
2012-06-04,29.870001,29.990000,28.830000,29.350000,22.960096,1890200
2012-06-05,29.330000,29.900000,29.290001,29.730000,23.257359,1179300
2012-06-06,30.209999,31.750000,30.139999,31.600000,24.720236,1221300
2012-06-07,32.349998,32.910000,31.980000,32.040001,25.064445,1917600
2012-06-08,31.389999,31.820000,31.190001,31.670000,24.774994,1267700
2012-06-11,32.130001,32.230000,31.010000,31.040001,24.282156,847200
2012-06-12,31.299999,31.879999,31.010000,31.600000,24.720236,1265300
2012-06-13,31.270000,31.660000,30.879999,31.059999,24.463474,1356000
2012-06-14,31.250000,31.379999,30.480000,30.860001,24.305948,1218100
2012-06-15,31.049999,31.650000,30.889999,31.620001,24.904539,1243800
2012-06-18,31.100000,31.740000,30.959999,31.440001,24.762768,695500
2012-06-19,31.730000,33.150002,31.700001,32.980000,25.975702,1311300
2012-06-20,32.900002,33.070000,32.259998,32.430000,25.542517,1006300
2012-06-21,32.320000,32.330002,30.459999,30.530001,24.046040,1281600
2012-06-22,30.809999,31.010000,30.459999,30.709999,24.187807,932000
2012-06-25,30.090000,30.459999,29.900000,30.120001,23.723108,824200
2012-06-26,30.160000,30.580000,29.889999,30.469999,23.998781,994800
2012-06-27,30.660000,30.799999,30.340000,30.590000,24.093296,1049100
2012-06-28,30.290001,30.410000,29.570000,30.389999,23.935762,1449700
2012-06-29,31.820000,32.150002,31.530001,31.799999,25.046307,1179900
2012-07-02,32.070000,32.520000,31.430000,32.419998,25.534630,913900
2012-07-03,32.790001,33.910000,32.730000,33.740002,26.574295,926900
2012-07-05,33.639999,33.770000,32.939999,32.950001,25.952074,778200
2012-07-06,32.380001,32.580002,32.180000,32.380001,25.503134,723000
2012-07-09,32.340000,32.410000,31.740000,32.299999,25.440121,611700
2012-07-10,32.360001,32.610001,31.299999,31.559999,24.857285,949900
2012-07-11,31.660000,32.770000,31.629999,32.639999,25.707914,900900
2012-07-12,32.160000,32.220001,31.549999,31.980000,25.188086,959500
2012-07-13,32.139999,32.990002,32.130001,32.820000,25.849680,887900
2012-07-16,32.570000,33.279999,32.500000,32.950001,25.952074,1657400
2012-07-17,33.290001,33.520000,32.320000,33.250000,26.188366,1146500
2012-07-18,33.250000,33.369999,32.419998,32.599998,25.676411,1810000
2012-07-19,32.930000,33.000000,32.580002,32.700001,25.755171,2536000
2012-07-20,32.270000,32.349998,31.900000,32.090000,25.274719,2528300
2012-07-23,31.270000,32.900002,30.840000,32.669998,25.731539,1247400
2012-07-24,32.759998,32.889999,31.430000,31.450001,24.770643,2020100
2012-07-25,31.219999,31.309999,30.440001,30.700001,24.179928,2143600
2012-07-26,31.389999,31.799999,30.799999,31.110001,24.502850,1938400
2012-07-27,31.459999,31.559999,31.070000,31.410000,24.739140,1847600
2012-07-30,31.410000,31.469999,30.799999,31.080000,24.479229,1338200
2012-07-31,31.219999,31.219999,30.400000,30.510000,24.030277,1076900
2012-08-01,30.350000,31.420000,30.309999,31.100000,24.494982,1125500
2012-08-02,30.770000,30.820000,30.200001,30.330000,23.888510,636400
2012-08-03,31.010000,31.620001,31.010000,31.320000,24.668255,838900
2012-08-06,31.160000,31.709999,31.150000,31.389999,24.723389,320300
2012-08-07,31.820000,33.009998,31.660000,32.830002,25.857563,1178300
2012-08-08,32.790001,33.099998,32.209999,32.340000,25.471628,909500
2012-08-09,32.240002,33.150002,32.240002,32.840000,25.865437,767400
2012-08-10,32.450001,32.810001,31.980000,32.770000,25.810301,882700
2012-08-13,32.709999,32.959999,32.240002,32.540001,25.629152,535900
2012-08-14,32.869999,32.959999,32.520000,32.650002,25.715796,435100
2012-08-15,32.599998,33.139999,32.580002,32.990002,25.983591,512900
2012-08-16,33.119999,33.520000,32.820000,33.299999,26.227745,630700
2012-08-17,33.360001,33.660000,33.230000,33.599998,26.464031,725700
2012-08-20,33.549999,33.650002,33.209999,33.299999,26.227745,729800
2012-08-21,33.529999,34.230000,33.529999,33.660000,26.511286,592700
2012-08-22,33.419998,33.549999,32.990002,33.450001,26.345882,655200
2012-08-23,33.419998,33.419998,32.400002,32.560001,25.644901,639800
2012-08-24,32.389999,32.910000,32.119999,32.700001,25.755171,400000
2012-08-27,32.730000,33.000000,32.590000,32.840000,25.865437,496300
2012-08-28,32.980000,33.389999,32.900002,33.029999,26.015081,770600
2012-08-29,33.090000,33.220001,32.349998,32.580002,25.660658,706300
2012-08-30,32.540001,32.900002,32.049999,32.209999,25.369236,833900
2012-08-31,32.639999,33.130001,32.110001,32.700001,25.755171,1009500
2012-09-04,33.130001,33.150002,32.580002,32.709999,25.763041,802600
2012-09-05,32.540001,32.779999,31.559999,32.310001,25.448002,563600
2012-09-06,32.529999,33.889999,32.529999,33.849998,26.660929,1005200
2012-09-07,34.020000,34.990002,33.980000,34.959999,27.535196,1330100
2012-09-10,34.810001,35.279999,34.680000,34.709999,27.338285,1210600
2012-09-11,34.930000,35.279999,34.799999,34.919998,27.503687,649400
2012-09-12,34.980000,35.380001,34.840000,34.939999,27.698708,540400
2012-09-13,34.950001,36.180000,34.939999,36.080002,28.602444,912500
2012-09-14,36.570000,37.310001,36.480000,36.779999,29.157358,771200
2012-09-17,36.900002,37.299999,36.169998,36.310001,28.784767,714100
2012-09-18,36.139999,36.459999,35.490002,35.830002,28.404247,906900
2012-09-19,35.660000,35.830002,35.299999,35.520000,28.158501,668500
2012-09-20,35.049999,35.470001,34.720001,35.419998,28.079222,1067500
2012-09-21,35.790001,35.970001,35.209999,35.259998,27.952383,867200
2012-09-24,35.060001,35.299999,34.720001,35.220001,27.920675,665500
2012-09-25,35.369999,35.410000,34.430000,34.560001,27.397463,899900
2012-09-26,34.099998,34.610001,34.090000,34.470001,27.326111,730200
2012-09-27,34.919998,35.610001,34.360001,35.029999,27.770048,1187100
2012-09-28,34.770000,34.930000,34.490002,34.849998,27.627357,976900
2012-10-01,35.110001,35.810001,34.830002,35.160000,27.873104,833600
2012-10-02,35.439999,36.110001,35.360001,35.790001,28.372545,1542600
2012-10-03,35.810001,35.980000,34.700001,34.970001,27.722492,1034000
2012-10-04,35.419998,35.560001,34.790001,35.360001,28.031660,666000
2012-10-05,35.680000,35.700001,34.910000,35.150002,27.865189,438900
2012-10-08,34.880001,35.230000,34.720001,35.150002,27.865189,301000
2012-10-09,35.180000,35.180000,34.689999,34.950001,27.706633,585700
2012-10-10,34.880001,35.009998,34.169998,34.299999,27.191345,495300
2012-10-11,34.660000,34.730000,34.000000,34.240002,27.143780,955800
2012-10-12,34.330002,34.340000,33.709999,34.060001,27.001080,657300
2012-10-15,34.110001,34.240002,33.529999,34.200001,27.112068,517400
2012-10-16,34.230000,34.950001,34.029999,34.750000,27.548086,929000
2012-10-17,35.029999,35.369999,34.820000,35.320000,27.999949,772500
2012-10-18,35.080002,35.139999,34.750000,35.049999,27.785906,541400
2012-10-19,34.919998,34.919998,34.000000,34.340000,27.223051,868100
2012-10-22,34.090000,34.720001,33.910000,34.570000,27.405394,1003100
2012-10-23,33.990002,34.240002,33.240002,34.049999,26.993155,1319200
2012-10-24,34.090000,34.580002,33.799999,34.180000,27.096210,969700
2012-10-25,34.830002,35.040001,33.630001,34.590000,27.421236,1121900
2012-10-26,34.669998,35.110001,34.419998,34.509998,27.357817,1247200
2012-10-31,35.070000,35.599998,34.970001,35.310001,27.992018,1127000
2012-11-01,35.270000,35.790001,35.110001,35.650002,28.261555,837500
2012-11-02,35.799999,35.900002,34.330002,34.580002,27.413307,1125100
2012-11-05,34.389999,34.810001,34.230000,34.549999,27.389530,779300
2012-11-06,34.720001,34.930000,34.480000,34.860001,27.635284,657600
2012-11-07,34.450001,34.450001,33.740002,33.880001,26.858391,1067700
2012-11-08,33.799999,34.049999,33.090000,33.090000,26.232115,1221800
2012-11-09,32.970001,33.939999,32.970001,33.740002,26.747408,933100
2012-11-12,34.000000,34.020000,33.610001,33.770000,26.771183,740500
2012-11-13,33.450001,33.849998,33.250000,33.340000,26.430298,903900
2012-11-14,33.349998,33.369999,32.660000,32.689999,25.915014,1168100
2012-11-15,32.540001,32.830002,32.049999,32.290001,25.597910,973500
2012-11-16,32.330002,32.680000,31.740000,32.389999,25.677195,914800
2012-11-19,32.889999,33.419998,32.889999,33.119999,26.255898,799700
2012-11-20,32.950001,33.070000,32.349998,32.730000,25.946726,1338300
2012-11-21,32.689999,33.349998,32.630001,33.230000,26.343094,695800
2012-11-23,33.720001,33.790001,33.310001,33.500000,26.557150,420200
2012-11-26,33.389999,33.419998,32.930000,33.029999,26.184551,748700
2012-11-27,33.220001,33.220001,32.389999,32.669998,25.899157,1099300
2012-11-28,32.250000,32.950001,32.200001,32.950001,26.121130,1098900
2012-11-29,33.180000,33.630001,33.180000,33.310001,26.406525,809700
2012-11-30,33.290001,33.590000,33.160000,33.349998,26.438229,832000
2012-12-03,33.630001,34.049999,33.340000,33.419998,26.493719,740700
2012-12-04,33.250000,33.759998,33.160000,33.490002,26.549215,788100
2012-12-05,33.689999,34.000000,33.389999,33.709999,26.723621,769200
2012-12-06,33.770000,33.860001,33.349998,33.520000,26.572998,581300
2012-12-07,33.689999,33.930000,33.560001,33.709999,26.723621,624800
2012-12-10,34.009998,34.400002,33.799999,34.340000,27.223051,1051200
2012-12-11,34.500000,34.599998,34.310001,34.430000,27.294403,1795400
2012-12-12,33.910000,33.939999,33.299999,33.860001,27.015944,1661600
2012-12-13,33.840000,33.860001,33.110001,33.209999,26.497332,982900
2012-12-14,33.020000,33.279999,32.570000,32.619999,26.026579,1114900
2012-12-17,32.709999,33.169998,32.540001,33.060001,26.377644,2180000
2012-12-18,33.049999,33.459999,33.029999,33.459999,26.696795,1223000
2012-12-19,33.459999,33.900002,33.369999,33.750000,26.928181,1301200
2012-12-20,33.759998,33.950001,33.209999,33.450001,26.688810,975300
2012-12-21,33.240002,33.700001,32.880001,33.560001,26.776579,996100
2012-12-24,33.570000,33.770000,33.310001,33.349998,26.609028,256700
2012-12-26,33.400002,33.529999,33.009998,33.020000,26.345732,348200
2012-12-27,33.029999,33.470001,33.009998,33.340000,26.601048,917900
2012-12-28,33.189999,33.389999,33.049999,33.070000,26.385624,685900
2012-12-31,32.970001,33.750000,32.970001,33.540001,26.760626,897800
2013-01-02,34.169998,34.500000,33.860001,34.169998,27.263285,891000
2013-01-03,34.250000,34.290001,33.680000,33.880001,27.031902,727000
2013-01-04,33.970001,34.270000,33.939999,34.230000,27.311157,538200
2013-01-07,34.090000,34.160000,33.709999,33.980000,27.111687,531100
2013-01-08,33.849998,34.029999,33.680000,33.939999,27.079773,515300
2013-01-09,33.900002,33.970001,33.619999,33.860001,27.015944,584300
2013-01-10,34.099998,34.389999,33.990002,34.160000,27.255306,709300
2013-01-11,34.230000,34.450001,34.049999,34.080002,27.191473,387200
2013-01-14,34.070000,34.189999,33.869999,33.939999,27.079773,602400
2013-01-15,33.880001,34.259998,33.849998,34.250000,27.327110,800000
2013-01-16,34.060001,34.230000,33.939999,34.060001,27.175514,616400
2013-01-17,34.090000,34.400002,34.029999,34.110001,27.215410,702100
2013-01-18,33.980000,33.980000,33.259998,33.340000,26.601048,1060200
2013-01-22,33.160000,33.349998,33.090000,33.290001,26.561157,903700
2013-01-23,33.139999,33.369999,32.889999,33.099998,26.409563,752400
2013-01-24,33.060001,33.700001,33.029999,33.590000,26.800526,634900
2013-01-25,33.459999,33.680000,33.139999,33.230000,26.513285,664400
2013-01-28,33.259998,33.529999,32.910000,33.459999,26.696795,1284100
2013-01-29,33.430000,34.060001,33.419998,33.849998,27.007963,1009500
2013-01-30,33.630001,33.970001,33.410000,33.630001,26.832438,917200
2013-01-31,33.619999,33.730000,33.200001,33.240002,26.521259,1386700
2013-02-01,33.240002,33.840000,33.119999,33.790001,26.960091,621300
2013-02-04,33.520000,33.549999,33.139999,33.230000,26.513285,626800
2013-02-05,33.259998,33.689999,33.220001,33.520000,26.744665,751900
2013-02-06,33.310001,33.580002,33.160000,33.540001,26.760626,710000
2013-02-07,33.439999,33.529999,32.939999,32.970001,26.305840,724000
2013-02-08,32.880001,33.070000,32.610001,32.709999,26.098391,1497900
2013-02-11,32.540001,32.630001,32.189999,32.419998,25.867002,835900
2013-02-12,32.439999,33.099998,32.330002,32.750000,26.130304,1103500
2013-02-13,32.869999,32.869999,32.459999,32.529999,25.954773,1031800
2013-02-14,32.549999,32.549999,31.299999,31.770000,25.348396,1659600
2013-02-15,31.510000,32.000000,31.330000,31.950001,25.492010,1537600
2013-02-19,31.750000,32.389999,31.709999,32.380001,25.835093,859800
2013-02-20,32.330002,32.500000,32.060001,32.189999,25.683498,1130400
2013-02-21,32.040001,32.049999,31.410000,31.750000,25.332430,1294400
2013-02-22,31.760000,32.160000,31.730000,32.110001,25.619669,1581800
2013-02-25,32.250000,32.630001,31.480000,31.540001,25.164879,1504200
2013-02-26,31.570000,31.799999,31.110001,31.440001,25.085091,997600
2013-02-27,31.320000,32.349998,31.250000,32.029999,25.555832,926900
2013-02-28,32.090000,32.439999,31.879999,32.310001,25.779240,674400
2013-03-01,32.009998,32.020000,31.520000,31.860001,25.420198,723900
2013-03-04,31.629999,31.650000,30.930000,30.990000,24.726049,871500
2013-03-05,31.230000,31.590000,31.190001,31.250000,24.933500,848300
2013-03-06,31.480000,31.510000,30.980000,31.030001,24.757969,1180600
2013-03-07,31.190001,31.660000,30.990000,31.490000,25.124981,691300
2013-03-08,31.740000,31.770000,31.320000,31.719999,25.308496,1057100
2013-03-11,31.639999,31.950001,31.530001,31.920000,25.468073,657100
2013-03-12,32.009998,32.310001,31.920000,32.240002,25.723396,879200
2013-03-13,32.080002,32.080002,31.549999,31.639999,25.435591,1328100
2013-03-14,31.660000,32.020000,31.590000,31.950001,25.684807,685500
2013-03-15,31.969999,32.480000,31.940001,32.279999,25.950094,1642800
2013-03-18,31.930000,32.160000,31.830000,32.029999,25.749109,700800
2013-03-19,31.980000,32.160000,31.270000,31.459999,25.290892,826200
2013-03-20,31.870001,32.020000,31.540001,31.830000,25.588333,708500
2013-03-21,31.799999,32.020000,31.430000,31.430000,25.266773,614400
2013-03-22,31.530001,31.610001,31.150000,31.200001,25.081871,855500
2013-03-25,31.469999,31.600000,30.600000,30.770000,24.736193,886100
2013-03-26,31.000000,31.139999,30.580000,31.040001,24.953251,1093400
2013-03-27,30.870001,31.200001,30.580000,31.049999,24.961290,523300
2013-03-28,30.969999,31.459999,30.879999,30.990000,24.913054,830700
2013-04-01,31.020000,31.400000,31.010000,31.219999,25.097950,570900
2013-04-02,31.290001,31.580000,31.280001,31.440001,25.274805,799100
2013-04-03,31.459999,31.549999,30.370001,30.440001,24.470901,742600
2013-04-04,30.370001,30.389999,29.379999,29.629999,23.819740,1314200
2013-04-05,29.180000,30.000000,28.610001,29.830000,23.980520,1460900
2013-04-08,29.830000,29.959999,29.299999,29.480000,23.699154,973100
2013-04-09,29.540001,30.420000,29.290001,30.290001,24.350321,1062500
2013-04-10,30.510000,31.120001,30.350000,31.120001,25.017565,1425200
2013-04-11,31.030001,31.200001,30.469999,30.629999,24.623650,1132800
2013-04-12,30.299999,30.389999,29.709999,30.020000,24.133265,748000
2013-04-15,29.410000,29.469999,28.290001,28.320000,22.766621,1872900
2013-04-16,28.590000,28.959999,28.240000,28.850000,23.192698,1325300
2013-04-17,28.420000,28.540001,27.570000,27.950001,22.469175,2552000
2013-04-18,28.230000,28.700001,27.750000,28.059999,22.557608,1302700
2013-04-19,28.010000,28.150000,27.790001,27.969999,22.485254,1118100
2013-04-22,28.139999,28.309999,27.750000,28.230000,22.694269,923100
2013-04-23,28.209999,28.320000,27.670000,28.030001,22.533491,1116300
2013-04-24,28.490000,28.690001,27.750000,28.600000,22.991714,1464700
2013-04-25,28.879999,29.530001,28.850000,29.040001,23.345434,2452900
2013-04-26,29.129999,29.270000,28.879999,29.240000,23.506218,1369400
2013-04-29,29.540001,29.850000,29.299999,29.660000,23.843863,745400
2013-04-30,29.760000,30.010000,29.309999,29.940001,24.068958,1167800
2013-05-01,29.680000,29.730000,29.059999,29.260000,23.522289,809400
2013-05-02,29.299999,29.730000,29.059999,29.549999,23.755421,898200
2013-05-03,29.730000,29.900000,29.430000,29.530001,23.739349,1189300
2013-05-06,29.540001,30.070000,29.350000,29.950001,24.076996,1140300
2013-05-07,30.010000,30.520000,30.010000,30.379999,24.422670,883900
2013-05-08,30.469999,30.850000,30.400000,30.629999,24.623650,839000
2013-05-09,30.570000,30.600000,29.959999,30.040001,24.149345,888100
2013-05-10,29.770000,30.020000,29.500000,29.940001,24.068958,926100
2013-05-13,30.030001,30.170000,29.520000,29.650000,23.835823,762100
2013-05-14,29.660000,29.780001,29.459999,29.690001,23.867977,1351900
2013-05-15,29.570000,29.799999,29.500000,29.600000,23.795624,1184500
2013-05-16,29.500000,30.180000,29.500000,29.809999,23.964445,1083000
2013-05-17,29.490000,30.309999,29.410000,30.100000,24.197573,1132000
2013-05-20,30.120001,30.430000,30.070000,30.330000,24.382473,750600
2013-05-21,30.180000,30.440001,29.990000,30.150000,24.237770,1122500
2013-05-22,30.160000,30.430000,29.830000,29.910000,24.044838,1817400
2013-05-23,29.520000,30.059999,29.379999,29.870001,24.012676,1396000
2013-05-24,29.510000,29.830000,29.480000,29.740000,23.908173,589000
2013-05-28,29.889999,30.320000,29.860001,30.200001,24.277973,3207800
2013-05-29,30.030001,30.400000,29.940001,30.290001,24.350321,1244600
2013-05-30,30.290001,30.410000,30.090000,30.350000,24.398548,976900
2013-05-31,30.190001,30.250000,29.910000,29.930000,24.060911,1685600
2013-06-03,30.000000,30.190001,29.889999,30.180000,24.261889,1007000
2013-06-04,30.120001,30.420000,30.020000,30.290001,24.350321,1134800
2013-06-05,30.219999,30.219999,29.700001,30.040001,24.149345,1459300
2013-06-06,30.080000,30.240000,29.750000,30.059999,24.165422,940600
2013-06-07,30.080000,30.299999,29.780001,29.969999,24.093067,1196800
2013-06-10,29.920000,30.160000,29.660000,29.940001,24.068958,866800
2013-06-11,29.549999,29.770000,29.209999,29.450001,23.675037,1649100
2013-06-12,29.540001,29.540001,28.740000,28.790001,23.332226,248200
2013-06-13,28.790001,29.370001,28.549999,29.290001,23.737442,1053600
2013-06-14,29.340000,29.340000,28.879999,29.080000,23.567249,1479800
2013-06-17,29.250000,29.690001,29.209999,29.480000,23.891418,805700
2013-06-18,29.480000,29.920000,29.450001,29.870001,24.207489,1098800
2013-06-19,29.850000,29.889999,29.260000,29.440001,23.859003,777300
2013-06-20,28.910000,29.020000,28.620001,28.780001,23.324118,1863900
2013-06-21,28.600000,28.809999,28.200001,28.309999,22.943220,1291500
2013-06-24,27.799999,28.110001,27.250000,27.740000,22.481281,1860600
2013-06-25,27.950001,28.120001,27.559999,27.830000,22.554214,1177600
2013-06-26,27.940001,28.059999,27.639999,27.980000,22.675777,694900
2013-06-27,28.190001,28.500000,28.100000,28.450001,23.056681,764500
2013-06-28,28.410000,28.969999,28.320000,28.520000,23.113409,1171000
2013-07-01,28.570000,28.900000,28.480000,28.500000,23.097202,582700
2013-07-02,28.480000,28.750000,28.379999,28.670000,23.234974,902200
2013-07-03,28.629999,28.730000,28.490000,28.540001,23.129620,489600
2013-07-05,28.790001,28.920000,28.490000,28.900000,23.421370,820400
2013-07-08,29.030001,29.139999,28.809999,29.080000,23.567249,1986000
2013-07-09,29.230000,30.110001,29.190001,30.070000,24.369574,2095600
2013-07-10,30.129999,30.340000,29.719999,30.080000,24.377674,1257500
2013-07-11,30.559999,31.160000,30.440001,31.150000,25.244841,1254100
2013-07-12,31.290001,31.530001,30.879999,31.090000,25.196207,949900
2013-07-15,31.160000,31.320000,31.000000,31.080000,25.188116,506300
2013-07-16,31.150000,31.270000,30.660000,31.120001,25.220530,1018900
2013-07-17,31.040001,31.459999,30.920000,31.209999,25.293465,731200
2013-07-18,31.320000,31.480000,31.190001,31.219999,25.301561,745000
2013-07-19,31.260000,31.370001,31.000000,31.120001,25.220530,793600
2013-07-22,31.200001,31.600000,31.190001,31.430000,25.471756,1260100
2013-07-23,31.510000,31.559999,31.340000,31.370001,25.423126,520200
2013-07-24,30.559999,30.610001,29.450001,29.570000,23.964359,1881600
2013-07-25,29.639999,30.000000,29.450001,29.889999,24.223698,1509300
2013-07-26,29.790001,29.910000,29.510000,29.650000,24.029196,1038800
2013-07-29,29.620001,29.870001,29.400000,29.799999,24.150755,992700
2013-07-30,29.820000,29.879999,29.530001,29.680000,24.053509,1133900
2013-07-31,29.730000,29.840000,29.459999,29.600000,23.988674,1227900
2013-08-01,29.790001,29.879999,29.629999,29.680000,24.053509,782800
2013-08-02,29.549999,29.670000,29.340000,29.430000,23.850897,620600
2013-08-05,29.370001,29.520000,29.020000,29.040001,23.534830,673300
2013-08-06,29.170000,29.370001,28.969999,29.260000,23.713121,1010300
2013-08-07,29.000000,29.170000,28.590000,28.600000,23.178244,1013000
2013-08-08,28.639999,28.750000,28.340000,28.639999,23.210659,1780100
2013-08-09,28.620001,29.120001,28.510000,29.030001,23.526733,1392800
2013-08-12,28.900000,29.010000,28.200001,28.360001,22.983738,2065500
2013-08-13,28.379999,28.540001,28.150000,28.379999,22.999954,1354800
2013-08-14,28.450001,28.510000,28.129999,28.260000,22.902700,1399800
2013-08-15,28.170000,28.490000,28.000000,28.400000,23.016151,913300
2013-08-16,28.370001,29.040001,28.320000,28.860001,23.388952,1686600
2013-08-19,28.790001,28.790001,28.270000,28.299999,22.935112,1074100
2013-08-20,28.180000,28.410000,28.020000,28.290001,22.927010,2944000
2013-08-21,28.219999,28.400000,28.059999,28.180000,22.837864,1887700
2013-08-22,28.120001,28.650000,28.110001,28.530001,23.121515,1661100
2013-08-23,28.750000,28.850000,28.600000,28.700001,23.259287,844200
2013-08-26,28.730000,28.770000,28.480000,28.629999,23.202560,498000
2013-08-27,28.540001,29.080000,28.469999,28.690001,23.251184,1218500
2013-08-28,28.750000,29.459999,28.690001,29.420000,23.842794,1071600
2013-08-29,29.330000,29.340000,28.990000,29.129999,23.607771,867600
2013-08-30,29.059999,29.139999,28.719999,28.740000,23.291698,905100
2013-09-03,28.940001,29.110001,28.770000,29.090000,23.575356,848400
2013-09-04,29.049999,29.420000,28.900000,29.240000,23.696920,1046200
2013-09-05,29.299999,29.639999,29.209999,29.590000,23.980570,647200
2013-09-06,30.080000,30.080000,29.540001,29.700001,24.069719,894500
2013-09-09,29.740000,30.490000,29.700001,30.320000,24.572180,900400
2013-09-10,30.160000,30.400000,29.830000,30.320000,24.572180,1013500
2013-09-11,30.000000,30.059999,29.740000,30.049999,24.542776,600600
2013-09-12,29.959999,29.969999,29.450001,29.459999,24.060905,906000
2013-09-13,29.440001,29.730000,29.440001,29.549999,24.134407,660000
2013-09-16,29.760000,29.990000,29.670000,29.670000,24.232424,615100
2013-09-17,29.650000,29.750000,29.440001,29.510000,24.101736,1084000
2013-09-18,29.430000,30.209999,29.250000,29.940001,24.452944,747600
2013-09-19,29.990000,30.190001,29.860001,30.030001,24.526447,713100
2013-09-20,30.180000,30.190001,29.770000,29.850000,24.379435,572700
2013-09-23,29.670000,29.889999,29.459999,29.809999,24.346766,538500
2013-09-24,29.830000,30.490000,29.799999,30.370001,24.804134,954400
2013-09-25,30.430000,30.430000,29.980000,30.040001,24.534613,950600
2013-09-26,29.969999,30.540001,29.959999,30.160000,24.632622,553200
2013-09-27,30.059999,30.350000,29.870001,30.129999,24.608110,958400
2013-09-30,29.850000,30.139999,29.730000,29.850000,24.379435,728300
2013-10-01,29.709999,30.120001,29.629999,29.860001,24.387598,621800
2013-10-02,29.660000,29.700001,29.219999,29.360001,23.979233,837900
2013-10-03,29.370001,29.410000,29.040001,29.180000,23.832230,420400
2013-10-04,29.150000,29.469999,29.090000,29.350000,23.971069,562800
2013-10-07,29.080000,29.400000,29.040001,29.270000,23.905724,688100
2013-10-08,29.350000,29.430000,29.040001,29.040001,23.717876,660600
2013-10-09,29.070000,29.129999,28.790001,28.969999,23.660707,489600
2013-10-10,29.219999,29.809999,29.170000,29.690001,24.248755,648800
2013-10-11,29.620001,30.010000,29.590000,29.959999,24.469276,474000
2013-10-14,29.709999,30.190001,29.639999,30.160000,24.632622,198300
2013-10-15,29.940001,30.120001,29.719999,29.840000,24.371260,677900
2013-10-16,29.889999,30.139999,29.790001,29.959999,24.469276,530800
2013-10-17,29.959999,29.980000,29.799999,29.980000,24.485603,941700
2013-10-18,30.059999,30.340000,30.040001,30.150000,24.624451,1343100
2013-10-21,30.080000,30.299999,29.990000,30.100000,24.583611,720200
2013-10-22,30.209999,30.290001,29.889999,29.990000,24.493776,659200
2013-10-23,29.889999,29.950001,29.469999,29.559999,24.142576,1740000
2013-10-24,29.510000,29.660000,29.400000,29.590000,24.167084,1307500
2013-10-25,29.389999,29.780001,29.389999,29.639999,24.207916,1207900
2013-10-28,29.660000,29.670000,29.299999,29.440001,24.044571,1224300
2013-10-29,29.500000,29.900000,29.400000,29.840000,24.371260,703800
2013-10-30,29.959999,30.000000,29.440001,29.600000,24.175251,1005600
2013-10-31,29.719999,29.990000,29.709999,29.719999,24.273256,730400
2013-11-01,29.690001,29.709999,29.250000,29.270000,23.905724,1169400
2013-11-04,29.510000,29.510000,29.110001,29.219999,23.864891,1320800
2013-11-05,29.150000,29.219999,29.020000,29.160000,23.815884,1359200
2013-11-06,29.389999,29.450001,29.209999,29.280001,23.913891,1082900
2013-11-07,29.309999,29.309999,28.709999,28.750000,23.481033,1184700
2013-11-08,28.709999,29.129999,28.620001,29.059999,23.734207,905600
2013-11-11,28.980000,29.000000,28.700001,28.760000,23.489195,299600
2013-11-12,28.740000,28.850000,28.559999,28.660000,23.407524,603400
2013-11-13,28.590000,29.030001,28.590000,29.010000,23.693378,1044400
2013-11-14,28.920000,29.040001,28.790001,29.030001,23.709717,1050100
2013-11-15,29.059999,29.270000,28.900000,29.160000,23.815884,1630700
2013-11-18,29.280001,29.340000,29.160000,29.230000,23.873056,1112900
2013-11-19,29.190001,29.370001,29.059999,29.200001,23.848557,1294300
2013-11-20,29.299999,29.480000,29.160000,29.309999,23.938398,1097800
2013-11-21,29.190001,29.799999,29.190001,29.610001,24.183414,558400
2013-11-22,29.559999,29.639999,29.430000,29.450001,24.052738,541600
2013-11-25,29.309999,29.469999,28.940001,29.209999,23.856724,907000
2013-11-26,29.219999,29.410000,29.010000,29.120001,23.783215,1216500
2013-11-27,28.910000,29.070000,28.650000,28.930000,23.628040,1082200
2013-11-29,28.820000,29.320000,28.709999,29.209999,23.856724,614900
2013-12-02,29.080000,29.760000,28.969999,29.330000,23.954735,765600
2013-12-03,29.209999,29.440001,28.969999,29.209999,23.856724,844900
2013-12-04,29.209999,29.309999,28.910000,29.290001,23.922066,883500
2013-12-05,29.200001,29.790001,29.150000,29.330000,23.954735,703200
2013-12-06,29.150000,29.580000,29.150000,29.230000,23.873056,841400
2013-12-09,29.320000,29.670000,29.080000,29.510000,24.101736,1167800
2013-12-10,29.530001,29.740000,29.400000,29.430000,24.036402,846600
2013-12-11,29.290001,29.370001,28.510000,28.510000,23.466812,1399100
2013-12-12,28.510000,28.530001,28.020000,28.090000,23.121113,1679900
2013-12-13,28.030001,28.209999,27.860001,28.170000,23.186956,840100
2013-12-16,28.309999,28.420000,28.040001,28.059999,23.096415,798700
2013-12-17,28.030001,28.180000,27.639999,27.709999,22.808323,1478900
2013-12-18,27.700001,28.250000,27.600000,28.110001,23.137569,1428400
2013-12-19,28.090000,28.309999,28.010000,28.120001,23.145802,3014600
2013-12-20,28.090000,28.370001,27.959999,27.980000,23.030563,1320100
2013-12-23,28.219999,28.250000,27.940001,27.990000,23.038795,1229700
2013-12-24,28.040001,28.270000,27.969999,28.190001,23.203417,980600
2013-12-26,28.260000,28.400000,27.980000,28.059999,23.096415,822200
2013-12-27,28.129999,28.250000,27.969999,28.190001,23.203417,1135800
2013-12-30,28.170000,28.450001,28.129999,28.430000,23.400967,801400
2013-12-31,28.379999,28.719999,28.340000,28.650000,23.582052,1123800
2014-01-02,28.450001,28.580000,28.190001,28.299999,23.293955,1361300
2014-01-03,28.360001,28.450001,28.070000,28.139999,23.162264,925500
2014-01-06,28.070000,28.080000,27.690001,27.770000,22.857714,925800
2014-01-07,27.770000,27.959999,27.650000,27.830000,22.907103,1154800
2014-01-08,27.840000,27.840000,27.500000,27.580000,22.701323,1474000
2014-01-09,27.510000,27.590000,27.350000,27.469999,22.610781,1720700
2014-01-10,27.410000,27.559999,27.250000,27.459999,22.602547,980400
2014-01-13,27.500000,27.559999,27.350000,27.420000,22.569628,1107300
2014-01-14,27.389999,27.450001,27.020000,27.059999,22.273308,1420400
2014-01-15,27.080000,27.170000,26.920000,27.040001,22.256845,1740900
2014-01-16,27.110001,27.250000,27.000000,27.059999,22.273308,997000
2014-01-17,26.990000,27.059999,26.879999,26.920000,22.158072,1365100
2014-01-21,27.129999,27.139999,26.750000,26.900000,22.141613,800600
2014-01-22,26.930000,26.950001,26.660000,26.770000,22.034603,1165100
2014-01-23,26.629999,26.639999,26.469999,26.620001,21.911144,1081800
2014-01-24,26.540001,26.610001,26.240000,26.299999,21.647739,1052900
2014-01-27,26.330000,26.379999,25.969999,25.969999,21.376114,1302300
2014-01-28,25.889999,26.090000,25.809999,26.030001,21.425510,1210600
2014-01-29,25.940001,26.000000,25.740000,25.900000,21.318501,2221400
2014-01-30,26.040001,26.340000,25.850000,26.150000,21.524273,1319800
2014-01-31,25.850000,26.370001,25.760000,26.150000,21.524273,1798600
2014-02-03,26.170000,26.260000,25.670000,25.709999,21.162111,2040800
2014-02-04,25.760000,25.950001,25.730000,25.879999,21.302040,1032000
2014-02-05,25.799999,26.129999,25.690001,26.080000,21.466665,1751200
2014-02-06,26.040001,26.610001,25.959999,26.559999,21.861752,1204900
2014-02-07,26.719999,26.840000,26.450001,26.540001,21.845295,2028900
2014-02-10,26.530001,26.530001,26.320000,26.410000,21.738285,1238600
2014-02-11,26.360001,26.730000,26.309999,26.629999,21.919367,1184500
2014-02-12,26.750000,27.010000,26.709999,26.990000,22.215687,1089600
2014-02-13,26.660000,26.680000,26.030001,26.209999,21.573669,1614000
2014-02-14,26.139999,26.209999,25.840000,25.879999,21.302040,1304000
2014-02-18,25.940001,26.030001,25.780001,25.940001,21.351423,1226900
2014-02-19,25.799999,26.030001,25.670000,25.709999,21.162111,2480100
2014-02-20,25.730000,25.730000,25.520000,25.590000,21.063337,1244200
2014-02-21,25.590000,25.860001,25.520000,25.629999,21.096256,874700
2014-02-24,25.830000,26.309999,25.750000,26.080000,21.466665,1161300
2014-02-25,26.070000,26.070000,25.790001,25.799999,21.236187,1075100
2014-02-26,25.820000,25.889999,25.660000,25.780001,21.219727,1007500
2014-02-27,25.820000,25.930000,25.740000,25.920000,21.334963,852700
2014-02-28,26.049999,26.620001,26.049999,26.510000,21.820597,1284300
2014-03-03,26.320000,26.660000,26.290001,26.510000,21.820597,1232600
2014-03-04,26.719999,26.719999,26.350000,26.410000,21.738285,683700
2014-03-05,26.389999,26.420000,26.230000,26.400000,21.730053,602000
2014-03-06,26.490000,26.639999,26.330000,26.580000,21.878212,515900
2014-03-07,26.490000,26.580000,26.480000,26.549999,21.853521,513000
2014-03-10,26.530001,26.809999,26.500000,26.770000,22.034603,731600
2014-03-11,26.809999,26.910000,26.420000,26.469999,21.787672,1010000
2014-03-12,26.100000,26.379999,25.900000,26.360001,21.895662,1204800
2014-03-13,26.549999,26.639999,26.299999,26.379999,21.912271,914800
2014-03-14,26.299999,26.540001,26.200001,26.299999,21.845818,1123300
2014-03-17,26.420000,26.690001,26.400000,26.670000,22.153156,499000
2014-03-18,26.730000,26.980000,26.670000,26.750000,22.219606,759900
2014-03-19,26.660000,26.700001,26.170000,26.309999,21.854120,773500
2014-03-20,26.270000,26.750000,26.100000,26.660000,22.144852,1031300
2014-03-21,26.809999,27.340000,26.750000,27.290001,22.668150,1172800
2014-03-24,27.330000,27.440001,27.030001,27.250000,22.634924,785000
2014-03-25,27.330000,27.410000,27.160000,27.370001,22.734600,568600
2014-03-26,27.430000,27.690001,27.360001,27.530001,22.867506,851000
2014-03-27,27.559999,28.120001,27.540001,28.040001,23.291134,1002400
2014-03-28,28.090000,28.549999,28.049999,28.520000,23.689837,947300
2014-03-31,28.620001,28.959999,28.559999,28.959999,24.055319,1114400
2014-04-01,28.950001,28.990000,28.709999,28.809999,23.930723,1183000
2014-04-02,28.780001,29.000000,28.590000,28.910000,24.013790,1113700
2014-04-03,28.959999,28.969999,28.680000,28.780001,23.905804,830600
2014-04-04,29.000000,29.040001,28.540001,28.969999,24.063622,832700
2014-04-07,28.930000,29.000000,28.510000,28.530001,23.698143,784500
2014-04-08,28.670000,29.100000,28.650000,29.010000,24.096851,1643000
2014-04-09,29.059999,29.309999,28.969999,29.200001,24.254681,1330500
2014-04-10,29.080000,29.299999,28.900000,29.010000,24.096851,963000
2014-04-11,28.900000,29.129999,28.889999,29.020000,24.105154,865100
2014-04-14,29.160000,29.209999,28.860001,29.120001,24.188223,644200
2014-04-15,29.000000,29.309999,28.930000,29.090000,24.163301,1296100
2014-04-16,29.200001,29.520000,29.150000,29.389999,24.412491,981400
2014-04-17,29.459999,29.500000,29.190001,29.240000,24.287899,1173700
2014-04-21,29.209999,29.320000,29.100000,29.170000,24.229750,1057700
2014-04-22,29.320000,29.320000,28.830000,29.139999,24.204832,1075300
2014-04-23,29.090000,29.639999,29.059999,29.629999,24.611847,988200
2014-04-24,29.650000,29.730000,29.490000,29.520000,24.520479,715600
2014-04-25,29.500000,29.510000,29.270000,29.469999,24.478939,1076000
2014-04-28,29.700001,29.709999,29.370001,29.540001,24.537092,703500
2014-04-29,29.700001,30.209999,29.639999,30.180000,25.068701,1706600
2014-04-30,29.780001,29.850000,29.450001,29.770000,24.728138,1370000
2014-05-01,29.610001,29.670000,29.020000,29.260000,24.304512,1039000
2014-05-02,29.180000,29.740000,29.139999,29.670000,24.645073,845900
2014-05-05,29.559999,29.590000,29.100000,29.139999,24.204832,884500
2014-05-06,29.270000,29.370001,29.110001,29.340000,24.370958,715000
2014-05-07,29.379999,29.400000,29.080000,29.120001,24.188223,827900
2014-05-08,29.180000,29.209999,28.450001,28.530001,23.698143,890000
2014-05-09,28.430000,28.610001,28.350000,28.570000,23.731369,683800
2014-05-12,28.770000,28.950001,28.530001,28.740000,23.872572,575100
2014-05-13,28.809999,29.110001,28.580000,29.030001,24.113462,588700
2014-05-14,29.090000,29.150000,28.889999,28.950001,24.047010,787700
2014-05-15,28.980000,29.000000,28.570000,28.780001,23.905804,652400
2014-05-16,28.900000,29.129999,28.780001,28.930000,24.030397,1323900
2014-05-19,28.930000,29.209999,28.930000,29.160000,24.221447,733800
2014-05-20,29.049999,29.090000,28.610001,28.750000,23.880888,1140600
2014-05-21,28.750000,29.030001,28.670000,28.990000,24.080238,786600
2014-05-22,29.020000,29.290001,28.750000,29.260000,24.304512,743100
2014-05-23,29.250000,29.420000,29.160000,29.270000,24.312815,554500
2014-05-27,29.320000,29.370001,28.820000,28.959999,24.055319,798600
2014-05-28,29.049999,29.190001,28.750000,29.080000,24.154995,778100
2014-05-29,29.230000,29.370001,28.940001,29.260000,24.304512,612300
2014-05-30,29.200001,29.879999,29.040001,29.790001,24.744749,1172100
2014-06-02,29.629999,29.740000,29.309999,29.490000,24.495558,1191400
2014-06-03,29.430000,29.830000,29.430000,29.790001,24.744749,1455500
2014-06-04,29.770000,29.860001,29.520000,29.750000,24.711527,729700
2014-06-05,29.760000,29.790001,29.520000,29.650000,24.628462,659200
2014-06-06,29.570000,29.700001,29.540001,29.660000,24.636765,881500
2014-06-09,29.730000,29.920000,29.650000,29.860001,24.802893,509600
2014-06-10,29.799999,30.030001,29.610001,29.990000,24.910879,1241900
2014-06-11,29.780001,29.870001,29.610001,29.840000,24.989601,686500
2014-06-12,29.969999,31.030001,29.959999,30.860001,25.843800,1843600
2014-06-13,30.959999,31.549999,30.940001,31.510000,26.388144,1215900
2014-06-16,31.450001,31.980000,31.420000,31.580000,26.446766,1120900
2014-06-17,31.520000,31.540001,31.059999,31.290001,26.203905,855300
2014-06-18,31.290001,31.410000,31.110001,31.299999,26.212278,963700
2014-06-19,31.299999,31.540001,31.090000,31.320000,26.229027,875100
2014-06-20,31.590000,31.840000,31.379999,31.809999,26.639380,915500
2014-06-23,31.820000,32.200001,31.780001,32.169998,26.940861,851600
2014-06-24,32.160000,32.270000,31.420000,31.570000,26.438389,1830500
2014-06-25,31.559999,31.980000,31.469999,31.469999,26.354647,1006200
2014-06-26,31.510000,32.020000,31.219999,32.000000,26.798494,838800
2014-06-27,32.049999,32.310001,31.930000,32.270000,27.024607,678400
2014-06-30,32.209999,32.439999,31.930000,32.369999,27.108356,878000
2014-07-01,32.470001,32.639999,32.360001,32.570000,27.275843,625900
2014-07-02,32.450001,32.630001,32.310001,32.500000,27.217224,780200
2014-07-03,32.520000,32.560001,32.189999,32.529999,27.242350,457300
2014-07-07,32.380001,32.400002,31.680000,32.049999,26.840364,1083900
2014-07-08,31.770000,31.959999,31.540001,31.900000,26.714756,990200
2014-07-09,31.860001,32.000000,31.620001,31.879999,26.698004,570300
2014-07-10,31.570000,31.780001,31.420000,31.760000,26.597511,625700
2014-07-11,31.639999,31.750000,31.270000,31.330000,26.237400,1149500
2014-07-14,31.370001,31.639999,31.340000,31.620001,26.480263,698700
2014-07-15,31.420000,31.459999,30.650000,31.049999,26.002911,942800
2014-07-16,31.120001,31.430000,31.070000,31.340000,26.245781,717400
2014-07-17,31.379999,31.490000,30.770000,30.820000,25.810303,751700
2014-07-18,30.809999,31.219999,30.760000,31.120001,26.061537,686600
2014-07-21,30.990000,31.100000,30.650000,30.799999,25.793547,909800
2014-07-22,30.790001,31.030001,30.760000,30.850000,25.835428,931500
2014-07-23,30.940001,31.000000,30.780001,30.980000,25.944292,656600
2014-07-24,30.920000,31.139999,30.820000,31.080000,26.028038,701700
2014-07-25,30.730000,30.840000,30.469999,30.520000,25.559067,792100
2014-07-28,30.530001,30.549999,30.180000,30.270000,25.349699,838400
2014-07-29,30.209999,30.500000,30.209999,30.209999,25.299452,845800
2014-07-30,31.230000,31.340000,30.490000,30.830000,25.818678,1453900
2014-07-31,30.680000,31.090000,30.430000,30.700001,25.709810,1981600
2014-08-01,30.700001,30.940001,30.340000,30.680000,25.693058,1698600
2014-08-04,30.650000,31.080000,30.520000,31.070000,26.019667,1151600
2014-08-05,30.969999,30.980000,30.400000,30.639999,25.659563,1587500
2014-08-06,30.480000,30.870001,30.350000,30.590000,25.617687,1167300
2014-08-07,30.709999,30.709999,29.809999,30.059999,25.173840,1271700
2014-08-08,30.090000,30.719999,29.930000,30.530001,25.567436,731100
2014-08-11,30.670000,30.840000,30.570000,30.820000,25.810303,618000
2014-08-12,30.709999,30.930000,30.549999,30.750000,25.751677,1543500
2014-08-13,30.850000,30.930000,30.469999,30.549999,25.584190,990800
2014-08-14,30.639999,30.709999,30.290001,30.459999,25.508821,489700
2014-08-15,30.680000,30.750000,30.080000,30.650000,25.667934,915900
2014-08-18,30.820000,30.840000,30.230000,30.400000,25.458570,552700
2014-08-19,30.400000,30.770000,30.400000,30.700001,25.709810,445600
2014-08-20,30.730000,30.830000,30.440001,30.790001,25.785181,576500
2014-08-21,30.840000,30.870001,30.650000,30.730000,25.734926,732400
2014-08-22,30.740000,30.740000,30.430000,30.639999,25.659563,532400
2014-08-25,30.559999,30.900000,30.540001,30.840000,25.827053,459100
2014-08-26,30.990000,31.260000,30.930000,31.049999,26.002911,423600
2014-08-27,31.250000,31.469999,31.090000,31.379999,26.279278,710900
2014-08-28,31.320000,31.480000,31.209999,31.389999,26.287649,710300
2014-08-29,31.490000,31.889999,31.389999,31.889999,26.706381,956200
2014-09-02,31.760000,31.799999,31.129999,31.200001,26.128534,565300
2014-09-03,31.309999,31.500000,31.280001,31.389999,26.287649,654800
2014-09-04,31.480000,31.650000,31.160000,31.350000,26.254152,1073400
2014-09-05,31.340000,31.500000,30.990000,31.290001,26.203905,926700
2014-09-08,31.129999,31.139999,30.490000,30.629999,25.651186,823000
2014-09-09,30.510000,30.660000,30.290001,30.520000,25.559067,1165100
2014-09-10,30.520000,30.650000,30.219999,30.629999,25.651186,976000
2014-09-11,30.219999,30.250000,29.920000,30.230000,25.519495,660200
2014-09-12,30.080000,30.139999,29.760000,30.020000,25.342216,893000
2014-09-15,29.980000,30.370001,29.700001,30.320000,25.595469,1055500
2014-09-16,30.379999,30.870001,30.170000,30.530001,25.772747,837800
2014-09-17,30.510000,30.570000,29.860001,29.879999,25.224031,955200
2014-09-18,29.770000,30.000000,28.940001,29.049999,24.523361,1954200
2014-09-19,28.980000,29.190001,28.490000,28.750000,24.270105,1425900
2014-09-22,28.610001,28.629999,28.129999,28.139999,23.755161,1671800
2014-09-23,28.059999,28.590000,28.010000,28.340000,23.923998,791100
2014-09-24,28.260000,28.370001,27.950001,27.980000,23.620094,2384400
2014-09-25,27.809999,27.820000,26.980000,27.000000,22.792797,1442800
2014-09-26,27.010000,27.530001,26.840000,27.379999,23.113586,1091100
2014-09-29,27.230000,27.340000,26.879999,27.219999,22.978518,767100
2014-09-30,27.129999,27.209999,26.570000,26.879999,22.691498,1090700
2014-10-01,26.889999,26.889999,26.070000,26.230000,22.142780,1385000
2014-10-02,26.209999,26.620001,25.770000,26.440001,22.320057,1886300
2014-10-03,26.389999,26.440001,25.930000,26.040001,21.982389,944700
2014-10-06,26.219999,26.280001,25.860001,26.110001,22.041485,1200900
2014-10-07,25.940001,26.250000,25.750000,25.780001,21.762901,1271500
2014-10-08,25.750000,25.750000,24.959999,25.629999,21.636276,2007900
2014-10-09,25.490000,25.510000,24.770000,24.840000,20.969376,2082900
2014-10-10,24.629999,24.809999,24.129999,24.350000,20.555729,1888100
2014-10-13,24.240000,24.600000,23.900000,23.959999,20.226500,1859600
2014-10-14,24.070000,24.150000,23.540001,23.650000,19.964800,2259600
2014-10-15,23.389999,23.500000,22.870001,23.280001,19.652456,3899700
2014-10-16,22.860001,23.629999,22.750000,23.430000,19.779089,3437700
2014-10-17,23.730000,23.809999,23.260000,23.389999,19.745319,2272100
2014-10-20,23.360001,23.600000,23.120001,23.389999,19.745319,2047700
2014-10-21,23.610001,23.860001,23.450001,23.809999,20.099873,4038400
2014-10-22,23.860001,23.930000,23.270000,23.340000,19.703114,3133600
2014-10-23,23.950001,25.100000,23.790001,24.860001,20.986265,3906600
2014-10-24,24.900000,25.190001,24.410000,24.450001,20.640142,2302000
2014-10-27,24.280001,24.480000,23.790001,24.139999,20.378452,1647300
2014-10-28,24.180000,25.030001,24.080000,25.010000,21.112890,2152500
2014-10-29,25.150000,25.469999,24.719999,24.920000,21.036911,2728400
2014-10-30,24.760000,24.889999,24.320000,24.400000,20.597940,1079500
2014-10-31,24.260000,24.780001,24.200001,24.760000,20.901846,1199100
2014-11-03,24.760000,24.770000,24.030001,24.070000,20.319363,1115700
2014-11-04,23.730000,23.740000,23.110001,23.530001,19.863508,2010600
2014-11-05,23.830000,24.900000,23.639999,24.760000,20.901846,2154200
2014-11-06,24.520000,24.790001,24.080000,24.540001,20.716124,1358600
2014-11-07,24.690001,25.469999,24.680000,25.250000,21.315485,2312400
2014-11-10,25.520000,25.740000,24.719999,24.840000,20.969376,1600400
2014-11-11,24.900000,25.240000,24.629999,25.010000,21.112890,1198600
2014-11-12,24.840000,25.530001,24.740000,25.219999,21.290163,1763800
2014-11-13,25.170000,25.170000,23.940001,24.080000,20.327801,2823200
2014-11-14,24.299999,24.889999,24.209999,24.889999,21.011587,1669400
2014-11-17,24.670000,24.790001,24.389999,24.570000,20.741449,1622400
2014-11-18,24.559999,24.690001,24.379999,24.450001,20.640142,1345300
2014-11-19,24.379999,24.500000,24.190001,24.280001,20.496645,1316900
2014-11-20,24.320000,24.870001,24.270000,24.850000,20.977816,1699800
2014-11-21,25.250000,25.639999,25.190001,25.440001,21.475883,1451500
2014-11-24,25.420000,25.450001,24.780001,24.850000,20.977816,1117200
2014-11-25,24.990000,25.180000,24.459999,24.680000,20.834307,1862400
2014-11-26,24.510000,24.580000,24.040001,24.049999,20.302471,1304400
2014-11-28,22.709999,22.709999,22.010000,22.100000,18.656324,1696700
2014-12-01,22.100000,22.459999,21.670000,22.360001,18.875807,2305700
2014-12-02,22.230000,22.920000,21.980000,22.709999,19.171280,3707600
2014-12-03,22.740000,23.420000,22.650000,22.950001,19.373880,2164600
2014-12-04,22.740000,22.760000,21.980000,22.059999,18.622559,2320700
2014-12-05,21.959999,22.020000,21.340000,21.350000,18.023197,2423100
2014-12-08,21.070000,21.070000,19.129999,19.540001,16.495237,3562500
2014-12-09,19.430000,19.900000,19.309999,19.690001,16.621862,2067000
2014-12-10,19.219999,19.280001,17.990000,18.580000,15.684824,5013800
2014-12-11,18.030001,18.570000,17.900000,18.030001,15.412980,4887100
2014-12-12,17.629999,17.910000,17.330000,17.330000,14.814583,5041800
2014-12-15,17.280001,17.530001,16.400000,16.540001,14.139250,3910300
2014-12-16,16.180000,17.500000,16.110001,17.070000,14.592320,7397200
2014-12-17,17.160000,19.160000,17.040001,18.770000,16.045570,4869400
2014-12-18,19.670000,20.100000,19.170000,19.620001,16.772194,5250000
2014-12-19,19.850000,20.660000,19.629999,20.580000,17.592855,3766700
2014-12-22,20.580000,20.770000,19.930000,20.719999,17.712532,3762600
2014-12-23,20.760000,21.100000,20.570000,20.950001,17.909147,2426600
2014-12-24,20.969999,21.049999,20.389999,20.700001,17.695433,1252800
2014-12-26,20.959999,21.000000,20.430000,20.629999,17.635593,1161900
2014-12-29,20.830000,21.330000,20.730000,20.950001,17.909147,1930100
2014-12-30,20.860001,21.000000,20.490000,20.540001,17.558661,1737000
2014-12-31,20.379999,21.040001,20.030001,20.620001,17.627041,1452200
2015-01-02,20.420000,20.889999,20.320000,20.750000,17.738176,1741100
2015-01-05,20.280001,20.309999,19.379999,19.600000,16.755098,2408000
2015-01-06,19.420000,19.980000,19.230000,19.530001,16.695257,2376000
2015-01-07,19.799999,20.030001,19.250000,19.379999,16.567026,2391500
2015-01-08,19.639999,20.070000,19.440001,19.860001,16.977358,2242300
2015-01-09,19.910000,20.200001,19.610001,20.010000,17.105591,2281200
2015-01-12,19.690001,19.719999,18.860001,19.230000,16.438805,2798500
2015-01-13,19.080000,19.330000,18.719999,19.030001,16.267832,2518000
2015-01-14,18.690001,19.620001,18.610001,19.520000,16.686708,2148500
2015-01-15,19.930000,20.020000,19.260000,19.290001,16.490095,2110300
2015-01-16,19.340000,20.840000,19.330000,20.590000,17.601398,2339400
2015-01-20,19.770000,20.010000,19.110001,19.230000,16.438805,2589300
2015-01-21,19.480000,20.049999,19.430000,19.530001,16.695257,2276300
2015-01-22,19.500000,19.750000,19.270000,19.750000,16.883320,1970600
2015-01-23,19.660000,19.950001,19.430000,19.629999,16.780745,2159100
2015-01-26,19.629999,19.969999,19.469999,19.780001,16.908970,2892100
2015-01-27,19.730000,20.040001,19.530001,19.860001,16.977358,3182900
2015-01-28,19.500000,19.559999,18.320000,18.330000,15.669438,3381100
2015-01-29,18.500000,18.559999,17.370001,18.030001,15.412980,3321100
2015-01-30,17.830000,19.150000,17.580000,18.889999,16.148144,2772300
2015-02-02,19.370001,20.059999,19.200001,19.940001,17.045744,2776500
2015-02-03,20.520000,21.120001,20.400000,20.660000,17.661242,3473400
2015-02-04,20.170000,20.200001,19.270000,19.930000,17.037201,3617300
2015-02-05,20.309999,20.559999,20.010000,20.459999,17.490267,2268300
2015-02-06,20.809999,20.860001,20.309999,20.400000,17.438980,2850700
2015-02-09,20.559999,20.920000,20.450001,20.459999,17.490267,2544100
2015-02-10,20.440001,20.480000,19.540001,19.969999,17.071392,2712100
2015-02-11,19.650000,19.860001,19.250000,19.520000,16.686708,3532900
2015-02-12,19.700001,20.040001,19.309999,19.709999,16.849131,2727900
2015-02-13,19.930000,19.930000,19.209999,19.420000,16.601223,2179900
2015-02-17,19.360001,19.360001,18.559999,18.830000,16.096859,3373000
2015-02-18,17.610001,17.850000,17.490000,17.799999,15.216361,5934800
2015-02-19,17.510000,17.760000,17.240000,17.680000,15.113780,2589500
2015-02-20,17.690001,17.809999,17.559999,17.719999,15.147978,3651200
2015-02-23,17.450001,17.700001,17.320000,17.540001,14.994102,4795500
2015-02-24,17.610001,17.740000,17.360001,17.680000,15.113780,2682500
2015-02-25,17.809999,17.889999,17.580000,17.870001,15.276203,1706500
2015-02-26,17.639999,17.660000,17.360001,17.379999,14.857326,1746600
2015-02-27,17.510000,17.600000,17.270000,17.290001,14.780388,1613400
2015-03-02,17.290001,17.290001,17.000000,17.020000,14.549577,1872700
2015-03-03,17.190001,17.700001,17.049999,17.480000,14.942807,2748900
2015-03-04,17.559999,17.930000,17.440001,17.830000,15.242014,3812200
2015-03-05,17.840000,17.860001,17.590000,17.740000,15.165073,2006200
2015-03-06,17.590000,17.750000,17.350000,17.459999,14.925714,1520400
2015-03-09,17.690001,17.850000,17.299999,17.410000,14.882973,2511300
2015-03-10,17.250000,17.389999,16.940001,17.120001,14.635064,2112200
2015-03-11,16.920000,17.190001,16.809999,17.139999,14.834123,2294000
2015-03-12,17.360001,17.360001,16.830000,16.840000,14.574482,2182600
2015-03-13,16.610001,16.690001,16.360001,16.650000,14.410043,1443400
2015-03-16,16.370001,16.690001,16.290001,16.690001,14.444661,2188900
2015-03-17,16.510000,16.889999,16.360001,16.770000,14.513900,1595100
2015-03-18,16.690001,17.639999,16.559999,17.480000,15.128380,1814100
2015-03-19,17.059999,17.100000,16.340000,16.350000,14.150402,1851100
2015-03-20,16.600000,16.790001,16.570000,16.730000,14.479282,2364600
2015-03-23,16.770000,17.110001,16.719999,17.010000,14.721610,1378800
2015-03-24,17.120001,17.330000,16.850000,17.299999,14.972591,1549900
2015-03-25,17.389999,17.490000,17.070000,17.180000,14.868741,1707000
2015-03-26,17.420000,17.760000,16.879999,16.889999,14.617755,1945500
2015-03-27,16.770000,16.830000,16.330000,16.420000,14.210984,1885200
2015-03-30,16.430000,17.040001,16.379999,16.969999,14.686993,4279200
2015-03-31,16.740000,17.049999,16.650000,16.879999,14.609099,2439800
2015-04-01,17.020000,17.200001,16.889999,17.110001,14.808156,3527200
2015-04-02,17.129999,17.520000,17.059999,17.459999,15.111073,3238800
2015-04-06,17.750000,17.830000,17.520000,17.620001,15.249548,1691900
2015-04-07,17.580000,18.160000,17.510000,17.910000,15.500530,2030000
2015-04-08,18.010000,18.049999,17.240000,17.370001,15.033177,1917700
2015-04-09,17.420000,17.700001,17.400000,17.549999,15.188968,1456600
2015-04-10,17.719999,17.750000,17.330000,17.610001,15.240890,1635700
2015-04-13,17.730000,17.820000,17.500000,17.620001,15.249548,791800
2015-04-14,17.860001,18.309999,17.820000,18.200001,15.751519,1825700
2015-04-15,18.360001,19.620001,18.360001,19.059999,16.495823,3766800
2015-04-16,19.100000,19.150000,18.580000,18.900000,16.357346,2732500
2015-04-17,18.809999,18.959999,18.639999,18.850000,16.314072,1582500
2015-04-20,18.850000,19.250000,18.820000,18.959999,16.409271,1976300
2015-04-21,18.879999,18.980000,18.389999,18.629999,16.123671,1287400
2015-04-22,18.740000,18.930000,18.379999,18.730000,16.210215,1485100
2015-04-23,18.920000,19.719999,18.730000,19.270000,16.677568,2944700
2015-04-24,19.260000,19.370001,18.990000,19.160000,16.582365,1247300
2015-04-27,19.430000,19.430000,19.040001,19.190001,16.608334,1389400
2015-04-28,19.139999,19.360001,19.100000,19.209999,16.625639,1659700
2015-04-29,18.900000,19.299999,18.770000,18.820000,16.288113,1878400
2015-04-30,18.850000,19.010000,18.299999,18.820000,16.288113,2896200
2015-05-01,18.750000,19.020000,18.639999,18.980000,16.426580,1566000
2015-05-04,19.080000,19.190001,18.860001,18.870001,16.331379,1355200
2015-05-05,19.100000,19.280001,18.350000,18.410000,15.933268,1687300
2015-05-06,18.330000,18.410000,17.129999,17.330000,14.998562,4147200
2015-05-07,17.260000,17.559999,16.820000,17.160000,14.851433,4421100
2015-05-08,17.510000,17.549999,17.059999,17.440001,15.093764,2580200
2015-05-11,17.469999,17.520000,17.200001,17.299999,14.972591,1905300
2015-05-12,17.360001,17.559999,17.219999,17.240000,14.920665,1901500
2015-05-13,17.410000,17.480000,16.900000,17.030001,14.738922,1867100
2015-05-14,17.170000,17.230000,16.879999,17.160000,14.851433,1646900
2015-05-15,16.990000,17.320000,16.879999,17.270000,14.946636,1482300
2015-05-18,17.209999,17.209999,16.860001,17.010000,14.721610,844100
2015-05-19,16.760000,16.840000,16.610001,16.750000,14.496589,1111000
2015-05-20,17.070000,17.240000,16.870001,16.910000,14.635064,1848600
2015-05-21,17.000000,17.219999,16.799999,17.110001,14.808156,979600
2015-05-22,16.900000,17.420000,16.799999,17.350000,15.015868,1729900
2015-05-26,16.900000,17.030001,16.549999,16.650000,14.410043,1800000
2015-05-27,16.570000,16.709999,16.400000,16.420000,14.210984,1848600
2015-05-28,16.299999,16.500000,16.230000,16.500000,14.280220,1988500
2015-05-29,16.469999,16.570000,16.200001,16.490000,14.271565,1323200
2015-06-01,16.500000,16.549999,16.129999,16.440001,14.228297,1370600
2015-06-02,16.520000,17.000000,16.500000,16.879999,14.609099,1847200
2015-06-03,16.730000,16.879999,16.510000,16.510000,14.288876,1246200
2015-06-04,16.350000,16.430000,16.110001,16.200001,14.020583,1202600
2015-06-05,16.049999,16.709999,16.010000,16.440001,14.228297,1524900
2015-06-08,16.389999,16.389999,15.820000,15.900000,13.760940,1718400
2015-06-09,16.080000,16.320000,16.059999,16.190001,14.011925,1610200
2015-06-10,16.750000,16.889999,16.590000,16.780001,14.522553,3164200
2015-06-11,16.590000,16.600000,16.160000,16.469999,14.441010,2301200
2015-06-12,16.219999,16.450001,16.100000,16.100000,14.116590,3028500
2015-06-15,15.950000,16.230000,15.880000,16.160000,14.169199,1569300
2015-06-16,16.240000,16.709999,15.980000,16.620001,14.572533,2843300
2015-06-17,16.840000,17.200001,16.730000,16.900000,14.818036,3127400
2015-06-18,17.059999,17.760000,16.969999,17.600000,15.431803,5657400
2015-06-19,17.370001,17.680000,17.000000,17.110001,15.002166,3326100
2015-06-22,17.200001,17.340000,16.959999,16.980000,14.888178,2202600
2015-06-23,16.879999,17.240000,16.740000,17.139999,15.028473,1553800
2015-06-24,17.040001,17.299999,16.959999,17.049999,14.949558,1472500
2015-06-25,17.049999,17.139999,16.950001,17.090000,14.984630,2233500
2015-06-26,16.969999,16.969999,16.690001,16.860001,14.782963,1343400
2015-06-29,16.290001,16.570000,15.980000,15.980000,14.011374,1732400
2015-06-30,16.610001,16.610001,15.690000,16.010000,14.037679,3439700
2015-07-01,15.950000,15.970000,15.600000,15.620000,13.695724,1674500
2015-07-02,15.640000,15.960000,15.550000,15.680000,13.748330,1953600
2015-07-06,15.200000,15.310000,14.780000,14.810000,12.985511,2522200
2015-07-07,14.700000,15.170000,14.360000,15.090000,13.231015,2731800
2015-07-08,14.970000,15.080000,14.630000,14.630000,12.827688,1558100
2015-07-09,14.900000,15.040000,14.460000,14.540000,12.748774,1924000
2015-07-10,14.610000,14.760000,14.280000,14.360000,12.590947,2448400
2015-07-13,14.310000,14.390000,14.130000,14.310000,12.547107,2132600
2015-07-14,14.220000,14.690000,14.160000,14.610000,12.810149,1904200
2015-07-15,14.490000,14.700000,14.190000,14.300000,12.538339,1460000
2015-07-16,14.500000,14.500000,14.100000,14.350000,12.582180,1582000
2015-07-17,14.330000,14.350000,13.940000,13.990000,12.266530,1743700
2015-07-20,13.940000,13.970000,13.530000,13.580000,11.907034,2102100
2015-07-21,13.670000,13.940000,13.640000,13.800000,12.099937,1641000
2015-07-22,13.560000,13.680000,13.390000,13.450000,11.793054,1753900
2015-07-23,13.440000,13.540000,13.040000,13.530000,11.863196,2768400
2015-07-24,13.540000,13.540000,13.230000,13.410000,11.757978,2468500
2015-07-27,13.240000,13.370000,13.100000,13.210000,11.582623,2925500
2015-07-28,13.280000,14.210000,13.190000,14.110000,12.371744,4261400
2015-07-29,14.060000,14.510000,13.880000,14.370000,12.599716,3058800
2015-07-30,14.190000,15.160000,14.190000,14.610000,12.810149,3154300
2015-07-31,14.660000,14.810000,14.510000,14.580000,12.783845,2700300
2015-08-03,14.420000,14.590000,14.190000,14.190000,12.441891,2616800
2015-08-04,14.270000,14.540000,14.110000,14.220000,12.468193,2085700
2015-08-05,14.450000,14.670000,14.250000,14.360000,12.590947,2504300
2015-08-06,14.300000,14.320000,13.990000,14.290000,12.529572,2851600
2015-08-07,14.180000,14.530000,13.900000,13.930000,12.213921,2230600
2015-08-10,13.920000,14.650000,13.810000,14.630000,12.827688,2511800
2015-08-11,14.260000,14.300000,13.820000,14.240000,12.485730,1996300
2015-08-12,14.270000,14.520000,14.090000,14.400000,12.626021,1622300
2015-08-13,14.250000,14.280000,13.810000,13.930000,12.213921,1663800
2015-08-14,13.980000,14.090000,13.500000,13.560000,11.889502,2314700
2015-08-17,13.520000,13.560000,13.280000,13.440000,11.784284,1733900
2015-08-18,13.380000,13.460000,13.160000,13.440000,11.784284,1649100
2015-08-19,13.230000,13.390000,12.840000,13.160000,11.538780,2048200
2015-08-20,12.980000,13.210000,12.710000,12.780000,11.205593,2176900
2015-08-21,12.620000,12.930000,12.550000,12.760000,11.188054,2331500
2015-08-24,12.000000,12.620000,11.850000,12.010000,10.530450,3476400
2015-08-25,12.600000,12.720000,12.270000,12.380000,10.854870,3819100
2015-08-26,12.690000,12.880000,12.190000,12.840000,11.258200,3286200
2015-08-27,13.220000,14.030000,13.190000,13.700000,12.012254,2710000
2015-08-28,13.580000,14.460000,13.530000,14.130000,12.389280,2762700
2015-08-31,13.970000,14.490000,13.480000,14.470000,12.687394,2866000
2015-09-01,13.920000,13.970000,13.330000,13.480000,11.819355,3399700
2015-09-02,13.620000,13.650000,12.760000,13.500000,11.836892,5434100
2015-09-03,13.580000,14.000000,13.430000,13.630000,11.950879,4017500
2015-09-04,13.380000,13.910000,13.080000,13.710000,12.021023,3749100
2015-09-08,13.830000,13.950000,13.470000,13.670000,11.985950,3150000
2015-09-09,13.730000,13.810000,13.450000,13.490000,11.828125,4809100
2015-09-10,13.500000,13.880000,13.260000,13.710000,12.021023,2808000
2015-09-11,13.360000,13.570000,13.120000,13.320000,11.783062,2332900
2015-09-14,13.200000,13.240000,12.960000,13.090000,11.579600,2514000
2015-09-15,13.190000,13.580000,13.130000,13.200000,11.676907,2435400
2015-09-16,13.380000,14.320000,13.360000,14.280000,12.632290,3750700
2015-09-17,14.260000,15.510000,14.150000,15.060000,13.322289,5685400
2015-09-18,14.720000,15.480000,14.720000,15.470000,13.684983,5599000
2015-09-21,15.650000,15.800000,15.440000,15.560000,13.764597,4936500
2015-09-22,15.170000,15.510000,15.040000,15.280000,13.516905,3618700
2015-09-23,15.290000,15.420000,14.830000,14.870000,13.154214,2913500
2015-09-24,14.670000,15.180000,14.650000,14.980000,13.251519,2430900
2015-09-25,15.230000,15.290000,14.970000,15.150000,13.401908,2690700
2015-09-28,14.940000,15.010000,14.500000,14.830000,13.118831,2567500
2015-09-29,14.870000,15.290000,14.870000,15.230000,13.472675,2692200
2015-09-30,15.340000,15.430000,14.830000,15.160000,13.410753,3148100
2015-10-01,15.490000,15.720000,14.780000,14.850000,13.136522,3386600
2015-10-02,14.690000,15.420000,14.690000,15.360000,13.587675,2159300
2015-10-05,15.870000,16.030001,15.680000,15.950000,14.109596,4440000
2015-10-06,16.020000,16.410000,15.830000,16.250000,14.374982,7870400
2015-10-07,16.549999,16.990000,16.230000,16.690001,14.764211,4401600
2015-10-08,16.780001,17.139999,16.510000,17.070000,15.100363,3096700
2015-10-09,17.160000,17.230000,16.830000,16.930000,14.976519,2325400
2015-10-12,16.830000,16.900000,16.400000,16.590000,14.675750,1908500
2015-10-13,16.200001,16.690001,16.049999,16.320000,14.436904,2911900
2015-10-14,16.320000,16.709999,16.270000,16.500000,14.596132,2157500
2015-10-15,16.400000,16.730000,16.230000,16.639999,14.719979,2057300
2015-10-16,16.760000,16.809999,16.379999,16.590000,14.675750,1971600
2015-10-19,16.330000,16.469999,15.990000,16.070000,14.215753,1657600
2015-10-20,16.070000,16.469999,15.980000,16.170000,14.304212,1616000
2015-10-21,16.070000,16.139999,15.120000,15.150000,13.401908,3634700
2015-10-22,15.320000,15.650000,15.220000,15.280000,13.516905,2709500
2015-10-23,15.160000,15.340000,14.920000,15.090000,13.348825,2613000
2015-10-26,15.110000,15.180000,14.590000,14.620000,12.933060,1936700
2015-10-27,14.330000,14.440000,14.170000,14.260000,12.614598,1927000
2015-10-28,14.370000,14.900000,14.210000,14.560000,12.879985,2669500
2015-10-29,14.890000,15.500000,14.760000,15.000000,13.269213,3541500
2015-10-30,15.040000,15.360000,14.820000,14.910000,13.189597,4320100
2015-11-02,14.840000,15.750000,14.770000,15.650000,13.844213,3191600
2015-11-03,15.720000,16.680000,15.720000,16.540001,14.631519,3115700
2015-11-04,16.450001,16.610001,16.040001,16.120001,14.259980,2721500
2015-11-05,15.980000,16.420000,15.940000,16.120001,14.259980,2305800
2015-11-06,15.900000,16.150000,15.830000,15.920000,14.083060,1501800
2015-11-09,15.930000,16.170000,15.600000,15.730000,13.914983,1697700
2015-11-10,15.600000,15.790000,15.360000,15.480000,13.693830,1841500
2015-11-11,15.480000,15.500000,15.000000,15.130000,13.384213,1390800
2015-11-12,14.800000,15.180000,14.530000,14.540000,12.862292,1813800
2015-11-13,14.450000,14.910000,14.320000,14.650000,12.959596,1819200
2015-11-16,14.660000,15.370000,14.500000,15.350000,13.578829,2074500
2015-11-17,15.290000,15.580000,15.030000,15.300000,13.534596,1610100
2015-11-18,15.450000,15.600000,15.200000,15.510000,13.720368,1929900
2015-11-19,15.420000,15.590000,15.030000,15.090000,13.348825,1360400
2015-11-20,15.140000,15.230000,14.610000,14.650000,12.959596,2095800
2015-11-23,14.440000,15.070000,14.350000,14.920000,13.198442,1987500
2015-11-24,15.080000,15.630000,15.060000,15.260000,13.499212,2901200
2015-11-25,15.130000,15.310000,14.910000,14.940000,13.216134,1703600
2015-11-27,14.680000,14.890000,14.580000,14.750000,13.048061,656900
2015-11-30,14.800000,14.970000,14.690000,14.800000,13.092291,2147400
2015-12-01,14.900000,15.380000,14.900000,15.110000,13.366525,2327700
2015-12-02,14.930000,14.970000,14.560000,14.730000,13.030371,2129000
2015-12-03,14.890000,15.100000,14.790000,14.860000,13.145367,1559500
2015-12-04,14.590000,14.680000,14.230000,14.340000,12.685368,1744600
2015-12-07,13.970000,13.970000,13.510000,13.590000,12.021906,1540800
2015-12-08,13.290000,13.850000,13.090000,13.690000,12.110371,2130400
2015-12-09,13.750000,14.260000,13.570000,13.760000,12.172294,1788100
2015-12-10,13.520000,13.930000,13.380000,13.460000,11.906908,2930100
2015-12-11,13.070000,13.100000,12.650000,12.680000,11.315267,1870000
2015-12-14,12.590000,12.700000,12.250000,12.550000,11.199256,2197000
2015-12-15,12.720000,13.100000,12.670000,12.930000,11.538360,1584900
2015-12-16,12.790000,12.920000,12.500000,12.740000,11.368810,1577400
2015-12-17,12.690000,12.740000,12.310000,12.520000,11.172487,1843700
2015-12-18,12.430000,12.960000,12.430000,12.580000,11.226028,1926100
2015-12-21,12.550000,12.720000,12.220000,12.310000,10.985091,1552300
2015-12-22,12.320000,12.540000,12.100000,12.460000,11.118944,1619200
2015-12-23,12.750000,13.130000,12.700000,13.000000,11.600823,1650300
2015-12-24,13.000000,13.150000,12.840000,13.000000,11.600823,1051400
2015-12-28,12.790000,12.900000,12.590000,12.620000,11.261724,1202200
2015-12-29,12.900000,13.040000,12.750000,12.830000,11.449121,1752300
2015-12-30,12.600000,12.830000,12.440000,12.520000,11.172487,1418000
2015-12-31,12.480000,12.790000,12.480000,12.620000,11.261724,1574800
2016-01-04,12.530000,12.610000,12.150000,12.430000,11.092175,2632000
2016-01-05,12.380000,12.490000,12.160000,12.400000,11.065400,1704200
2016-01-06,11.990000,12.370000,11.950000,12.330000,11.002936,3201300
2016-01-07,12.010000,12.180000,11.720000,11.820000,10.547826,3138300
2016-01-08,11.860000,11.910000,11.480000,11.660000,10.405048,4142400
2016-01-11,11.660000,11.690000,11.190000,11.460000,10.226573,3717300
2016-01-12,11.640000,11.670000,11.240000,11.610000,10.360430,2836200
2016-01-13,11.770000,12.090000,11.210000,11.390000,10.164109,2501200
2016-01-14,11.360000,12.090000,11.180000,12.030000,10.735226,2461200
2016-01-15,11.270000,11.820000,11.250000,11.790000,10.521053,1831300
2016-01-19,11.790000,11.950000,11.530000,11.820000,10.547826,2836100
2016-01-20,11.450000,11.630000,10.760000,11.410000,10.181953,3089100
2016-01-21,11.570000,12.140000,11.410000,11.870000,10.592444,3141200
2016-01-22,12.530000,12.820000,12.460000,12.590000,11.234951,3040800
2016-01-25,12.250000,12.540000,12.130000,12.140000,10.833385,2577100
2016-01-26,12.400000,12.480000,11.930000,12.200000,10.886929,4938500
2016-01-27,12.100000,12.360000,11.460000,12.000000,10.708453,4477100
2016-01-28,12.510000,12.560000,11.850000,12.250000,10.931547,3981300
2016-01-29,12.380000,12.650000,11.980000,12.290000,10.967239,2656700
2016-02-01,12.100000,12.200000,11.770000,11.940000,10.654910,3393700
2016-02-02,11.590000,11.640000,11.240000,11.300000,10.083796,2199300
2016-02-03,11.580000,12.070000,11.150000,12.040000,10.744148,3021500
2016-02-04,12.320000,12.440000,11.890000,12.030000,10.735226,3847100
2016-02-05,11.890000,12.040000,11.720000,11.780000,10.512132,5410100
2016-02-08,11.530000,11.710000,11.210000,11.210000,10.003482,3203500
2016-02-09,11.010000,11.150000,10.620000,10.620000,9.476984,3366000
2016-02-10,10.600000,10.610000,9.700000,9.720000,8.673846,7968200
2016-02-11,9.230000,10.430000,9.100000,10.010000,8.932636,5688000
2016-02-12,10.210000,10.650000,10.140000,10.470000,9.343124,2503700
2016-02-16,10.620000,10.710000,10.350000,10.470000,9.343124,2492800
2016-02-17,10.700000,11.010000,10.510000,10.970000,9.789311,3409400
2016-02-18,11.110000,11.130000,10.770000,10.870000,9.700073,3161900
2016-02-19,10.580000,10.630000,10.380000,10.550000,9.414516,2731300
2016-02-22,10.820000,11.110000,10.780000,10.940000,9.762538,2146300
2016-02-23,10.750000,10.950000,10.490000,10.520000,9.387742,1938700
2016-02-24,10.170000,10.700000,10.020000,10.610000,9.468056,3425000
2016-02-25,10.600000,10.730000,10.280000,10.530000,9.396667,1669800
2016-02-26,10.800000,11.340000,10.760000,11.020000,9.833931,2308000
2016-02-29,11.130000,11.470000,11.130000,11.420000,10.190877,2963200
2016-03-01,11.610000,11.810000,11.410000,11.770000,10.503210,3269100
2016-03-02,11.630000,12.050000,11.560000,12.030000,10.735226,2625800
2016-03-03,11.980000,12.460000,11.930000,12.190000,10.878004,2446300
2016-03-04,12.320000,12.650000,12.220000,12.540000,11.190334,3036800
2016-03-07,12.530000,12.880000,12.320000,12.760000,11.386654,3514900
2016-03-08,12.620000,12.760000,12.210000,12.450000,11.110022,3191900
2016-03-09,12.720000,13.130000,12.670000,12.730000,11.359883,2792100
2016-03-10,12.650000,12.850000,12.390000,12.470000,11.127869,2386100
2016-03-11,12.920000,13.210000,12.880000,13.130000,11.751702,2403100
2016-03-14,12.880000,13.120000,12.710000,13.080000,11.706950,1803100
2016-03-15,12.860000,13.100000,12.650000,13.090000,11.715901,1862800
2016-03-16,13.220000,13.510000,13.040000,13.430000,12.020209,1903200
2016-03-17,13.680000,13.970000,13.580000,13.660000,12.226065,2357800
2016-03-18,13.730000,13.830000,13.580000,13.620000,12.190264,2255000
2016-03-21,13.590000,13.790000,13.490000,13.600000,12.172363,1556800
2016-03-22,13.490000,13.600000,13.300000,13.320000,11.921757,1773600
2016-03-23,13.300000,13.370000,12.620000,12.690000,11.357888,1843500
2016-03-24,12.410000,12.950000,12.310000,12.760000,11.420540,2289800
2016-03-28,12.800000,12.930000,12.580000,12.910000,11.554795,1969700
2016-03-29,12.700000,12.940000,12.550000,12.850000,11.501091,1869800
2016-03-30,13.040000,13.450000,13.000000,13.150000,11.769603,1364100
2016-03-31,13.130000,13.360000,12.990000,13.000000,11.635347,1348800
2016-04-01,12.740000,12.850000,12.630000,12.770000,11.429491,1795100
2016-04-04,12.760000,12.890000,12.580000,12.700000,11.366839,1532100
2016-04-05,12.500000,12.630000,12.310000,12.330000,11.035680,1425700
2016-04-06,12.400000,12.610000,12.250000,12.590000,11.268388,2068600
2016-04-07,12.450000,12.620000,12.320000,12.480000,11.169933,1314700
2016-04-08,12.850000,13.330000,12.850000,13.080000,11.706950,1365000
2016-04-11,13.160000,13.350000,13.010000,13.040000,11.671148,1475300
2016-04-12,13.190000,14.230000,13.090000,14.190000,12.700430,2420200
2016-04-13,14.220000,14.310000,13.860000,13.910000,12.449821,1842600
2016-04-14,13.950000,14.040000,13.640000,13.880000,12.422972,1256000
2016-04-15,13.630000,13.690000,13.330000,13.430000,12.020209,1228600
2016-04-18,13.020000,13.620000,12.920000,13.530000,12.109711,1726400
2016-04-19,13.630000,14.370000,13.600000,14.200000,12.709381,1857600
2016-04-20,13.950000,14.690000,13.890000,14.690000,13.147943,4173600
2016-04-21,14.680000,14.730000,14.430000,14.650000,13.112143,2149500
2016-04-22,14.740000,15.360000,14.720000,15.180000,13.586509,2413600
2016-04-25,15.120000,15.260000,14.790000,14.890000,13.326946,3380500
2016-04-26,15.040000,15.230000,14.820000,14.960000,13.389603,2330100
2016-04-27,15.120000,15.570000,14.900000,15.180000,13.586509,3029600
2016-04-28,15.250000,15.950000,15.030000,15.570000,13.935566,2937100
2016-04-29,15.740000,16.070000,15.440000,15.840000,14.177223,3353600
2016-05-02,15.780000,15.800000,15.230000,15.390000,13.774464,1764800
2016-05-03,15.090000,15.200000,14.640000,14.930000,13.362750,2220500
2016-05-04,14.930000,15.190000,14.450000,14.670000,13.130040,2158900
2016-05-05,15.080000,15.540000,14.510000,14.660000,13.121092,3876700
2016-05-06,14.520000,14.970000,14.420000,14.770000,13.219549,2909800
2016-05-09,14.650000,14.660000,14.110000,14.310000,12.807832,1905900
2016-05-10,14.460000,14.830000,14.380000,14.500000,12.977888,1827600
2016-05-11,14.470000,15.030000,14.180000,14.780000,13.228498,1926500
2016-05-12,15.060000,15.330000,14.570000,14.830000,13.273247,1903100
2016-05-13,14.700000,14.940000,14.610000,14.730000,13.183746,2234600
2016-05-16,15.000000,15.410000,14.930000,15.380000,13.765512,2272100
2016-05-17,15.310000,15.480000,15.110000,15.260000,13.658108,2126500
2016-05-18,15.140000,15.300000,14.730000,14.840000,13.282196,1674000
2016-05-19,14.590000,14.810000,14.350000,14.670000,13.130040,1720500
2016-05-20,14.720000,14.900000,14.560000,14.610000,13.076341,1789700
2016-05-23,14.440000,15.010000,14.330000,14.880000,13.317997,1337600
2016-05-24,14.820000,14.950000,14.590000,14.710000,13.165844,2185300
2016-05-25,14.820000,15.250000,14.780000,15.230000,13.631260,1719200
2016-05-26,15.380000,15.590000,15.230000,15.320000,13.711810,1678700
2016-05-27,15.110000,15.470000,15.050000,15.470000,13.846066,1805100
2016-05-31,15.440000,15.710000,14.940000,15.080000,13.497003,2067100
2016-06-01,14.930000,15.250000,14.780000,15.240000,13.640209,1410300
2016-06-02,15.010000,15.280000,14.880000,15.220000,13.622306,1628700
2016-06-03,15.370000,15.590000,15.180000,15.270000,13.667059,1520400
2016-06-06,15.430000,15.600000,15.340000,15.500000,13.872916,1687400
2016-06-07,15.690000,16.360001,15.640000,16.320000,14.606836,2185800
2016-06-08,16.500000,16.559999,15.620000,15.710000,14.060870,2918100
2016-06-09,15.550000,15.730000,15.050000,15.180000,13.586509,2293300
2016-06-10,15.020000,15.210000,14.710000,14.730000,13.183746,1524300
2016-06-13,14.660000,15.100000,14.590000,14.800000,13.281561,2804100
2016-06-14,14.720000,14.950000,14.450000,14.600000,13.102081,1422000
2016-06-15,14.470000,14.610000,14.280000,14.280000,12.814911,1213600
2016-06-16,14.090000,14.130000,13.540000,13.750000,12.339286,2831800
2016-06-17,13.920000,14.390000,13.840000,14.050000,12.608511,1649000
2016-06-20,14.310000,14.700000,14.310000,14.560000,13.066184,1462400
2016-06-21,14.480000,14.830000,14.390000,14.650000,13.146950,1540700
2016-06-22,14.750000,14.770000,14.110000,14.180000,12.725173,1904200
2016-06-23,14.470000,14.690000,14.340000,14.680000,13.173874,1332700
2016-06-24,13.630000,14.330000,13.510000,13.740000,12.330317,2311700
2016-06-27,13.520000,13.780000,12.900000,13.050000,11.711105,3272800
2016-06-28,13.510000,13.790000,13.300000,13.320000,11.953404,1787500
2016-06-29,13.480000,13.880000,13.480000,13.760000,12.348263,1623300
2016-06-30,13.720000,13.870000,13.590000,13.820000,12.402107,1592500
2016-07-01,13.820000,14.100000,13.760000,14.050000,12.608511,817300
2016-07-05,13.820000,13.990000,13.570000,13.730000,12.321341,1141800
2016-07-06,13.650000,13.760000,13.500000,13.680000,12.276470,1167500
2016-07-07,13.920000,13.980000,13.230000,13.290000,11.926487,1377700
2016-07-08,13.440000,13.980000,13.410000,13.860000,12.438002,2771400
2016-07-11,13.920000,14.010000,13.650000,13.690000,12.285445,2698500
2016-07-12,14.110000,14.420000,13.970000,14.360000,12.886704,2154300
2016-07-13,14.420000,14.480000,13.880000,14.010000,12.572614,2405200
2016-07-14,14.260000,14.330000,14.090000,14.260000,12.796964,1842000
2016-07-15,14.390000,14.390000,13.980000,14.180000,12.725173,1296200
2016-07-18,14.070000,14.340000,13.940000,14.310000,12.841832,1500800
2016-07-19,14.250000,14.450000,14.170000,14.320000,12.850807,3174500
2016-07-20,14.200000,14.330000,14.000000,14.290000,12.823886,2389900
2016-07-21,14.210000,14.520000,14.110000,14.140000,12.689276,2679100
2016-07-22,14.190000,14.230000,13.930000,14.160000,12.707225,2145900
2016-07-25,13.970000,13.990000,13.480000,13.570000,12.177754,2252300
2016-07-26,13.500000,13.710000,13.440000,13.690000,12.285445,1425100
2016-07-27,13.730000,13.820000,13.110000,13.250000,11.890586,2157900
2016-07-28,13.670000,14.270000,13.520000,14.140000,12.689276,3239300
2016-07-29,14.150000,14.350000,14.020000,14.300000,12.832860,3120400
2016-08-01,14.040000,14.130000,13.470000,13.500000,12.114936,1142100
2016-08-02,13.760000,13.960000,13.500000,13.700000,12.294419,1791300
2016-08-03,13.740000,14.300000,13.570000,14.260000,12.796964,2207300
2016-08-04,14.200000,14.760000,14.180000,14.740000,13.227718,2297800
2016-08-05,14.650000,14.680000,14.320000,14.470000,12.985415,1367300
2016-08-08,14.640000,14.870000,14.610000,14.760000,13.245665,1133900
2016-08-09,14.820000,15.030000,14.630000,14.710000,13.200796,1337800
2016-08-10,14.660000,14.760000,14.330000,14.360000,12.886704,1678800
2016-08-11,14.520000,14.890000,14.450000,14.760000,13.245665,1216800
2016-08-12,14.850000,14.980000,14.680000,14.750000,13.236691,1281800
2016-08-15,14.890000,15.360000,14.870000,15.260000,13.694366,1459200
2016-08-16,15.230000,15.460000,15.150000,15.370000,13.793079,1140500
2016-08-17,15.310000,15.460000,15.070000,15.230000,13.667446,1604100
2016-08-18,15.350000,15.720000,15.310000,15.630000,14.026405,1067200
2016-08-19,15.510000,15.510000,15.230000,15.440000,13.855897,893000
2016-08-22,15.150000,15.190000,14.920000,15.100000,13.550780,1335500
2016-08-23,15.080000,15.200000,14.950000,15.050000,13.505912,1179900
2016-08-24,14.940000,15.300000,14.870000,14.990000,13.452067,1662200
2016-08-25,14.950000,15.070000,14.790000,14.960000,13.425146,1377700
2016-08-26,15.070000,15.280000,14.750000,14.850000,13.326431,1116200
2016-08-29,14.700000,14.920000,14.650000,14.840000,13.317456,730900
2016-08-30,14.850000,15.070000,14.740000,14.870000,13.344380,696800
2016-08-31,14.760000,14.790000,14.270000,14.450000,12.967469,1652100
2016-09-01,14.370000,14.670000,14.350000,14.610000,13.111055,2604600
2016-09-02,14.790000,15.140000,14.770000,14.850000,13.326431,2598100
2016-09-06,14.940000,14.960000,14.650000,14.780000,13.263614,1912800
2016-09-07,14.810000,14.860000,14.540000,14.580000,13.084132,1482800
2016-09-08,14.720000,15.350000,14.600000,15.300000,13.730260,2667800
2016-09-09,15.010000,15.010000,14.540000,14.650000,13.146950,1433500
2016-09-12,14.400000,14.580000,14.210000,14.440000,12.958497,1934600
2016-09-13,14.140000,14.140000,13.580000,13.760000,12.380846,1877600
2016-09-14,13.630000,13.830000,13.410000,13.470000,12.119910,2311500
2016-09-15,13.490000,13.840000,13.490000,13.630000,12.263873,1413100
2016-09-16,13.380000,13.600000,13.370000,13.540000,12.182895,968500
2016-09-19,13.720000,13.830000,13.420000,13.440000,12.092914,1500300
2016-09-20,13.400000,13.550000,13.260000,13.270000,11.939957,1422800
2016-09-21,13.410000,13.660000,13.340000,13.660000,12.290868,1400900
2016-09-22,13.940000,14.100000,13.860000,13.870000,12.479818,1343400
2016-09-23,13.780000,13.840000,13.470000,13.530000,12.173897,1086500
2016-09-26,13.630000,13.700000,13.400000,13.420000,12.074921,850200
2016-09-27,13.220000,13.260000,13.060000,13.100000,11.786994,1353800
2016-09-28,13.190000,13.980000,12.930000,13.960000,12.560798,3805800
2016-09-29,14.050000,14.640000,14.020000,14.300000,12.866720,4386800
2016-09-30,14.470000,14.560000,14.120000,14.370000,12.929703,2581500
2016-10-03,14.410000,14.530000,13.960000,14.370000,12.929703,2143600
2016-10-04,14.420000,14.550000,14.060000,14.310000,12.875717,2199100
2016-10-05,14.510000,14.940000,14.500000,14.720000,13.244623,1486700
2016-10-06,14.870000,15.240000,14.830000,15.130000,13.613528,2874700
2016-10-07,15.150000,15.160000,14.770000,14.900000,13.406582,1698100
2016-10-10,15.140000,15.410000,15.140000,15.340000,13.802479,1295700
2016-10-11,15.240000,15.440000,15.130000,15.410000,13.865464,1922200
2016-10-12,15.290000,15.450000,15.170000,15.310000,13.775487,1633800
2016-10-13,15.190000,15.620000,15.000000,15.510000,13.955444,1806500
2016-10-14,15.670000,15.880000,15.430000,15.620000,14.054418,1702800
2016-10-17,15.600000,15.660000,15.390000,15.440000,13.892457,1200100
2016-10-18,15.630000,15.650000,15.310000,15.460000,13.910455,1495100
2016-10-19,15.570000,15.850000,15.450000,15.610000,14.045420,1612100
2016-10-20,15.460000,15.590000,15.240000,15.490000,13.937446,1607900
2016-10-21,15.340000,15.840000,15.210000,15.680000,14.108403,2264900
2016-10-24,15.630000,15.630000,15.270000,15.450000,13.901456,1505600
2016-10-25,15.450000,15.700000,15.310000,15.310000,13.775487,1526900
2016-10-26,15.070000,15.260000,14.930000,15.110000,13.595534,2211600
2016-10-27,15.180000,15.960000,15.180000,15.480000,13.928449,3123300
2016-10-28,15.480000,15.570000,14.900000,14.960000,13.460568,2488800
2016-10-31,14.800000,14.850000,14.370000,14.440000,12.992691,2229500
2016-11-01,14.550000,14.630000,14.170000,14.430000,12.983689,2637500
2016-11-02,14.190000,14.430000,14.040000,14.040000,12.632778,2003200
2016-11-03,14.090000,14.150000,13.670000,13.720000,12.344852,1867600
2016-11-04,13.610000,13.830000,13.360000,13.770000,12.389841,1863400
2016-11-07,13.950000,14.130000,13.840000,14.050000,12.641778,1533000
2016-11-08,13.910000,14.220000,13.900000,14.030000,12.623780,1601900
2016-11-09,13.990000,14.420000,13.820000,14.390000,12.947699,1452700
2016-11-10,14.270000,14.410000,14.080000,14.100000,12.686767,1175000
2016-11-11,13.950000,14.060000,13.690000,14.000000,12.596790,1270100
2016-11-14,14.000000,14.060000,13.620000,14.040000,12.632778,1285800
2016-11-15,14.270000,14.800000,14.230000,14.670000,13.199636,1125800
2016-11-16,14.570000,14.850000,14.430000,14.640000,13.172642,1162000
2016-11-17,14.800000,14.980000,14.450000,14.470000,13.019680,1379200
2016-11-18,14.480000,14.700000,14.390000,14.520000,13.064672,765200
2016-11-21,14.880000,15.340000,14.850000,15.320000,13.784486,1230900
2016-11-22,15.340000,15.400000,14.860000,15.040000,13.532550,1315000
2016-11-23,14.890000,15.190000,14.810000,15.030000,13.523554,1724500
2016-11-25,14.920000,15.010000,14.700000,14.800000,13.316604,425400
2016-11-28,14.800000,14.940000,14.470000,14.490000,13.037677,1874900
2016-11-29,14.000000,14.220000,13.940000,14.110000,12.695760,1981800
2016-11-30,15.280000,15.820000,15.230000,15.460000,13.910455,3916800
2016-12-01,15.970000,16.110001,15.570000,15.640000,14.072413,2155700
2016-12-02,15.620000,15.790000,15.420000,15.620000,14.054418,1248500
2016-12-05,15.780000,15.910000,15.530000,15.590000,14.027425,1282000
2016-12-06,15.410000,15.790000,15.380000,15.720000,14.144396,1677100
2016-12-07,15.660000,15.680000,15.400000,15.520000,13.964440,2033200
2016-12-08,15.560000,15.680000,15.250000,15.520000,13.964440,1622100
2016-12-09,15.670000,15.850000,15.560000,15.680000,14.108403,1595300
2016-12-12,16.260000,16.820000,15.960000,15.970000,14.369336,4107200
2016-12-13,16.120001,16.160000,15.840000,15.960000,14.394592,1843000
2016-12-14,15.780000,15.940000,15.320000,15.380000,13.871478,3071100
2016-12-15,15.170000,15.790000,15.160000,15.660000,14.124016,2217600
2016-12-16,15.740000,15.940000,15.660000,15.880000,14.322435,3121600
2016-12-19,15.840000,15.980000,15.770000,15.850000,14.295379,1335200
2016-12-20,15.930000,15.930000,15.600000,15.640000,14.105977,1186200
2016-12-21,15.660000,15.730000,15.480000,15.580000,14.051863,1230700
2016-12-22,15.490000,15.570000,15.400000,15.430000,13.916573,1067600
2016-12-23,15.380000,15.430000,15.110000,15.130000,13.645999,906500
2016-12-27,15.130000,15.250000,15.030000,15.110000,13.627962,775300
2016-12-28,14.960000,15.170000,14.960000,15.120000,13.636980,1759100
2016-12-29,15.120000,15.200000,15.020000,15.180000,13.691096,1298200
2016-12-30,15.180000,15.290000,15.070000,15.130000,13.645999,1130800
2017-01-03,15.330000,15.540000,15.120000,15.230000,13.736192,1299400
2017-01-04,15.330000,15.390000,15.140000,15.240000,13.745214,1459900
2017-01-05,15.340000,15.430000,15.230000,15.300000,13.799325,1472300
2017-01-06,15.310000,15.360000,15.120000,15.300000,13.799325,1414100
2017-01-09,15.140000,15.150000,14.940000,14.970000,13.501694,2097500
2017-01-10,14.980000,15.100000,14.730000,14.780000,13.330329,1859300
2017-01-11,14.880000,15.040000,14.650000,14.940000,13.474634,2751700
2017-01-12,15.170000,15.210000,14.710000,14.720000,13.276216,1662300
2017-01-13,14.610000,14.800000,14.610000,14.750000,13.303272,1376500
2017-01-17,14.960000,15.110000,14.800000,15.000000,13.528750,2893600
2017-01-18,14.780000,14.870000,14.460000,14.540000,13.113871,2469200
2017-01-19,14.580000,14.600000,14.410000,14.490000,13.068774,1289900
2017-01-20,14.640000,14.750000,14.500000,14.610000,13.177004,1809800
2017-01-23,14.180000,14.320000,13.990000,14.090000,12.708006,2185400
2017-01-24,14.010000,14.280000,13.990000,14.200000,12.807216,2792200
2017-01-25,14.200000,14.480000,14.200000,14.360000,12.951522,1660000
2017-01-26,14.510000,14.510000,14.120000,14.190000,12.798199,962100
2017-01-27,14.100000,14.200000,13.820000,13.830000,12.473508,1649800
2017-01-30,13.740000,13.830000,13.510000,13.620000,12.284103,1822700
2017-01-31,13.730000,13.760000,13.490000,13.630000,12.293124,1517900
2017-02-01,13.710000,13.750000,13.410000,13.600000,12.266068,970500
2017-02-02,13.660000,13.760000,13.500000,13.600000,12.266068,2642300
2017-02-03,13.570000,13.820000,13.510000,13.740000,12.392336,1856900
2017-02-06,13.710000,13.710000,13.100000,13.240000,11.941377,1750300
2017-02-07,13.080000,13.250000,13.040000,13.140000,11.851184,1884800
2017-02-08,13.050000,13.490000,13.020000,13.360000,12.049605,3915900
2017-02-09,13.540000,13.610000,13.320000,13.380000,12.067646,1302100
2017-02-10,13.560000,13.710000,13.510000,13.560000,12.229990,1133000
2017-02-13,13.500000,13.520000,13.320000,13.450000,12.130779,923200
2017-02-14,13.500000,13.770000,13.370000,13.730000,12.383315,2010800
2017-02-15,13.650000,13.810000,13.590000,13.730000,12.383315,1469800
2017-02-16,14.430000,14.460000,13.790000,13.870000,12.509584,4491700
2017-02-17,13.810000,13.910000,13.580000,13.660000,12.320183,1850400
2017-02-21,13.850000,14.100000,13.760000,14.070000,12.689970,1724900
2017-02-22,13.830000,13.970000,13.450000,13.470000,12.148816,1766800
2017-02-23,13.660000,13.670000,13.400000,13.480000,12.157837,1674800
2017-02-24,13.370000,13.370000,12.910000,12.940000,11.670803,2423700
2017-02-27,13.000000,13.180000,12.880000,13.140000,11.851184,2070400
2017-02-28,12.950000,12.980000,12.610000,12.660000,11.418265,3085200
2017-03-01,12.790000,12.790000,12.550000,12.750000,11.499439,2019200
2017-03-02,12.610000,12.750000,12.540000,12.560000,11.328074,1271200
2017-03-03,12.580000,12.820000,12.550000,12.770000,11.517476,1288100
2017-03-06,12.720000,12.910000,12.570000,12.850000,11.589628,1306500
2017-03-07,12.880000,12.880000,12.610000,12.720000,11.472381,1441200
2017-03-08,12.570000,12.780000,12.240000,12.250000,11.048478,1485100
2017-03-09,12.210000,12.280000,11.760000,11.930000,10.759863,3252100
2017-03-10,12.030000,12.100000,11.840000,12.080000,10.895153,1753200
2017-03-13,12.010000,12.080000,11.880000,11.970000,10.829109,1949800
2017-03-14,11.820000,11.940000,11.660000,11.880000,10.747687,2121100
2017-03-15,12.090000,12.600000,12.060000,12.520000,11.326691,4421000
2017-03-16,12.590000,12.700000,12.370000,12.460000,11.272408,1434600
2017-03-17,12.500000,12.590000,12.320000,12.360000,11.181938,1594700
2017-03-20,12.280000,12.530000,12.280000,12.520000,11.326691,1395400
2017-03-21,12.620000,12.640000,12.280000,12.370000,11.190987,3221900
2017-03-22,12.290000,12.810000,12.210000,12.770000,11.552862,3167700
2017-03-23,12.710000,12.830000,12.560000,12.580000,11.380971,1969400
2017-03-24,12.720000,12.830000,12.460000,12.610000,11.408112,1842600
2017-03-27,12.420000,12.780000,12.410000,12.720000,11.507629,2314400
2017-03-28,12.820000,13.010000,12.680000,12.970000,11.733798,1900500
2017-03-29,12.920000,13.320000,12.890000,13.080000,11.833314,4217500
2017-03-30,11.830000,11.890000,11.280000,11.290000,10.213923,45049000
2017-03-31,11.390000,11.460000,11.120000,11.300000,10.222971,12331900
2017-04-03,11.350000,11.370000,11.090000,11.170000,10.105362,5483300
2017-04-04,11.140000,11.180000,10.920000,11.080000,10.023941,5108500
2017-04-05,11.300000,11.450000,11.150000,11.250000,10.177736,7970000
2017-04-06,11.340000,11.380000,11.200000,11.280000,10.204878,5304100
2017-04-07,11.340000,11.400000,10.950000,10.960000,9.915378,6383900
2017-04-10,11.040000,11.270000,11.030000,11.260000,10.186785,4656500
2017-04-11,11.280000,11.290000,10.900000,11.030000,9.978704,4846200
2017-04-12,11.050000,11.080000,10.670000,10.890000,9.852050,6626600
2017-04-13,10.950000,10.960000,10.640000,10.700000,9.680156,3270600
2017-04-17,10.760000,10.940000,10.700000,10.890000,9.852050,3637400
2017-04-18,10.820000,10.950000,10.700000,10.730000,9.707300,3365400
2017-04-19,10.700000,10.700000,10.320000,10.340000,9.354469,3702700
2017-04-20,10.370000,10.510000,10.220000,10.280000,9.300190,3975400
2017-04-21,10.250000,10.520000,10.180000,10.490000,9.490171,4087000
2017-04-24,10.610000,10.650000,10.460000,10.460000,9.463031,2482300
2017-04-25,10.410000,10.520000,10.330000,10.510000,9.508267,3537000
2017-04-26,10.540000,10.570000,10.260000,10.290000,9.309237,5489300
2017-04-27,10.280000,10.290000,9.790000,9.950000,9.001640,7631900
2017-04-28,9.990000,10.190000,9.930000,9.980000,9.028782,5498900
2017-05-01,9.930000,9.970000,9.810000,9.860000,8.920220,5706900
2017-05-02,9.870000,9.930000,9.710000,9.750000,8.820704,4251900
2017-05-03,9.740000,9.860000,9.700000,9.700000,8.775470,3997100
2017-05-04,9.600000,9.610000,9.200000,9.210000,8.332173,5816000
2017-05-05,9.260000,9.490000,9.180000,9.460000,8.558345,3861800
2017-05-08,9.460000,9.640000,9.410000,9.620000,8.703096,2717400
2017-05-09,9.650000,9.650000,9.410000,9.500000,8.594532,1715400
2017-05-10,9.630000,9.960000,9.550000,9.880000,8.938314,4462200
2017-05-11,9.920000,9.920000,9.510000,9.530000,8.621674,2292300
2017-05-12,9.580000,9.620000,9.430000,9.600000,8.685003,2455600
2017-05-15,9.880000,9.940000,9.750000,9.820000,8.884032,3417900
2017-05-16,9.890000,9.910000,9.540000,9.580000,8.666907,2339600
2017-05-17,9.550000,9.600000,9.270000,9.290000,8.404551,4483600
2017-05-18,9.230000,9.410000,9.110000,9.280000,8.395500,4026200
2017-05-19,9.380000,9.680000,9.340000,9.680000,8.757376,3052500
2017-05-22,9.710000,9.740000,9.640000,9.660000,8.739283,1489900
2017-05-23,9.740000,9.750000,9.530000,9.610000,8.694048,3760600
2017-05-24,9.650000,9.680000,9.460000,9.570000,8.657862,2552900
2017-05-25,9.530000,9.710000,9.160000,9.210000,8.332173,4005500
2017-05-26,9.270000,9.410000,9.170000,9.380000,8.485971,3533700
2017-05-30,9.290000,9.370000,9.150000,9.230000,8.350266,2791000
2017-05-31,9.110000,9.180000,8.830000,8.920000,8.069813,4032600
2017-06-01,8.900000,9.170000,8.830000,9.070000,8.205517,4222500
2017-06-02,8.980000,9.020000,8.430000,8.580000,7.762221,9241800
2017-06-05,8.530000,8.620000,8.400000,8.480000,7.671752,6303600
2017-06-06,8.450000,8.650000,8.410000,8.640000,7.816503,4007700
2017-06-07,8.560000,8.590000,8.050000,8.050000,7.282734,6604300
2017-06-08,8.000000,8.180000,7.810000,7.880000,7.128939,5270000
2017-06-09,7.930000,8.290000,7.890000,8.250000,7.463672,6936000
2017-06-12,8.390000,8.630000,8.260000,8.530000,7.716984,8353500
2017-06-13,8.550000,8.710000,8.440000,8.630000,7.842392,5871100
2017-06-14,8.600000,8.620000,8.240000,8.250000,7.497071,9831000
2017-06-15,8.210000,8.240000,7.830000,7.900000,7.179014,4777500
2017-06-16,7.960000,7.960000,7.810000,7.910000,7.188101,3693000
2017-06-19,7.960000,8.080000,7.770000,7.790000,7.079053,3930700
2017-06-20,7.510000,7.540000,6.860000,7.120000,6.470199,15835100
2017-06-21,7.210000,7.340000,6.860000,6.870000,6.243016,7437600
2017-06-22,6.900000,7.030000,6.800000,6.800000,6.179405,10428300
2017-06-23,6.800000,6.950000,6.760000,6.900000,6.270278,4270200
2017-06-26,6.980000,7.010000,6.860000,6.920000,6.288453,3207700
2017-06-27,6.990000,7.350000,6.990000,7.250000,6.588336,6637800
2017-06-28,7.300000,7.460000,7.260000,7.340000,6.670122,4104600
2017-06-29,7.370000,7.570000,7.210000,7.280000,6.615598,4454500
2017-06-30,7.300000,7.550000,7.210000,7.370000,6.697384,5972900
2017-07-03,7.360000,7.660000,7.360000,7.540000,6.851869,1725000
2017-07-05,7.380000,7.380000,6.970000,7.040000,6.397501,4947200
2017-07-06,7.110000,7.230000,6.990000,7.080000,6.433852,5289900
2017-07-07,7.010000,7.070000,6.900000,7.000000,6.361151,7895700
2017-07-10,6.980000,7.100000,6.920000,7.060000,6.415677,3752600
2017-07-11,7.020000,7.180000,6.900000,7.140000,6.488376,3607500
2017-07-12,7.240000,7.350000,7.110000,7.230000,6.570159,5085000
2017-07-13,7.240000,7.360000,7.210000,7.320000,6.651947,3886600
2017-07-14,7.350000,7.420000,7.280000,7.320000,6.651947,2377200
2017-07-17,7.330000,7.450000,7.310000,7.410000,6.733732,3472900
2017-07-18,7.500000,7.520000,7.380000,7.480000,6.797345,4881700
2017-07-19,7.450000,7.690000,7.380000,7.680000,6.979092,5074700
2017-07-20,7.750000,7.840000,7.570000,7.610000,6.915480,5027900
2017-07-21,7.590000,7.660000,7.420000,7.450000,6.770082,4379700
2017-07-24,7.540000,7.560000,7.420000,7.470000,6.788257,3479000
2017-07-25,7.560000,8.020000,7.550000,7.940000,7.215363,8401900
2017-07-26,8.030000,8.200000,7.920000,7.970000,7.242626,7232500
2017-07-27,8.330000,8.860000,8.190000,8.690000,7.896915,11866000
2017-07-28,8.710000,8.730000,8.440000,8.510000,7.733342,10483700
2017-07-31,8.470000,8.600000,8.290000,8.410000,7.642467,5658400
2017-08-01,8.380000,8.390000,8.090000,8.090000,7.351674,7928500
2017-08-02,8.040000,8.340000,7.910000,8.180000,7.433461,7884800
2017-08-03,8.200000,8.350000,8.030000,8.060000,7.324411,6099200
2017-08-04,8.100000,8.500000,8.000000,8.320000,7.560682,6169800
2017-08-07,8.250000,8.250000,8.040000,8.240000,7.487983,3210300
2017-08-08,8.200000,8.400000,8.200000,8.320000,7.560682,4470700
2017-08-09,8.330000,8.500000,8.190000,8.200000,7.451635,5072100
2017-08-10,8.260000,8.330000,7.960000,7.980000,7.251713,5004600
2017-08-11,7.970000,8.090000,7.910000,8.010000,7.278975,3136800
2017-08-14,7.980000,8.050000,7.710000,7.730000,7.024529,4264200
2017-08-15,7.680000,7.760000,7.560000,7.640000,6.942743,4096300
2017-08-16,7.680000,7.780000,7.500000,7.530000,6.842782,3116100
2017-08-17,7.460000,7.680000,7.440000,7.450000,6.770082,2837600
2017-08-18,7.510000,7.620000,7.390000,7.500000,6.815520,4378000
2017-08-21,7.440000,7.500000,7.310000,7.360000,6.688298,2413900
2017-08-22,7.410000,7.440000,7.340000,7.360000,6.688298,2051900
2017-08-23,7.340000,7.570000,7.310000,7.480000,6.797345,2022700
2017-08-24,7.440000,7.510000,7.360000,7.420000,6.742821,2683300
2017-08-25,7.440000,7.480000,7.370000,7.440000,6.760996,2290500
2017-08-28,7.460000,7.460000,7.290000,7.380000,6.706471,2711400
2017-08-29,7.310000,7.560000,7.280000,7.500000,6.815520,2786000
2017-08-30,7.460000,7.520000,7.380000,7.460000,6.779171,3121000
2017-08-31,7.550000,7.850000,7.470000,7.820000,7.106316,5068000
2017-09-01,7.840000,8.140000,7.810000,8.020000,7.288064,3559700
2017-09-05,8.230000,8.390000,8.170000,8.290000,7.533421,6960300
2017-09-06,8.350000,8.490000,8.290000,8.420000,7.651557,4292300
2017-09-07,8.370000,8.430000,8.230000,8.400000,7.633381,3705600
2017-09-08,8.340000,8.380000,8.100000,8.120000,7.378936,3841600
2017-09-11,8.160000,8.450000,8.150000,8.360000,7.597033,3018600
2017-09-12,8.350000,8.680000,8.340000,8.670000,7.878742,3861100
2017-09-13,8.700000,9.070000,8.700000,9.010000,8.187713,8807700
2017-09-14,9.080000,9.230000,8.990000,9.120000,8.325557,7659400
2017-09-15,9.170000,9.180000,8.940000,9.040000,8.252527,4441300
2017-09-18,9.050000,9.150000,8.990000,9.140000,8.343815,3536900
2017-09-19,9.180000,9.480000,9.150000,9.360000,8.544651,6943000
2017-09-20,9.520000,10.100000,9.490000,10.100000,9.220189,9812600
2017-09-21,10.070000,10.130000,9.840000,10.100000,9.220189,7602400
2017-09-22,10.100000,10.350000,10.000000,10.280000,9.384512,7493900
2017-09-25,10.650000,10.690000,10.230000,10.330000,9.430155,8447900
2017-09-26,10.310000,10.380000,10.130000,10.270000,9.375382,5021300
2017-09-27,10.290000,10.360000,10.020000,10.240000,9.347995,4637500
2017-09-28,10.310000,10.340000,10.100000,10.140000,9.256708,4516100
2017-09-29,10.060000,10.130000,9.950000,10.020000,9.147161,3622200
2017-10-02,9.810000,9.930000,9.630000,9.860000,9.001096,4834900
2017-10-03,9.840000,9.940000,9.800000,9.870000,9.010226,4927500
2017-10-04,9.870000,9.990000,9.740000,9.840000,8.982838,3256000
2017-10-05,9.920000,9.990000,9.810000,9.880000,9.019352,2584700
2017-10-06,9.700000,9.740000,9.490000,9.610000,8.772872,3266000
2017-10-09,9.700000,9.760000,9.470000,9.530000,8.699842,2454100
2017-10-10,9.740000,9.760000,9.570000,9.610000,8.772872,3535900
2017-10-11,9.640000,9.800000,9.560000,9.780000,8.928066,3890700
2017-10-12,9.590000,9.730000,9.540000,9.570000,8.736358,2703300
2017-10-13,9.660000,9.850000,9.640000,9.720000,8.873289,3375300
2017-10-16,9.780000,9.860000,9.700000,9.730000,8.882420,1658600
2017-10-17,9.710000,9.860000,9.650000,9.850000,8.991966,2420200
2017-10-18,9.890000,9.910000,9.660000,9.790000,8.937196,3002300
2017-10-19,9.750000,10.050000,9.710000,10.010000,9.138030,6628300
2017-10-20,9.950000,10.010000,9.850000,9.910000,9.046741,3432400
2017-10-23,10.000000,10.000000,9.660000,9.690000,8.845901,4350900
2017-10-24,9.750000,9.820000,9.400000,9.470000,8.645070,4052700
2017-10-25,9.420000,9.580000,9.350000,9.400000,8.581166,3226800
2017-10-26,9.370000,9.440000,9.270000,9.380000,8.562907,2553300
2017-10-27,9.280000,9.660000,9.210000,9.660000,8.818518,4172600
2017-10-30,9.680000,9.770000,9.530000,9.660000,8.818518,4934200
2017-10-31,9.590000,9.760000,9.530000,9.720000,8.873289,2423900
2017-11-01,9.860000,10.160000,9.820000,10.090000,9.211061,4428200
2017-11-02,10.470000,10.640000,10.200000,10.410000,9.503185,6063600
2017-11-03,10.500000,10.660000,10.370000,10.660000,9.731409,7127900
2017-11-06,10.760000,11.230000,10.720000,11.230000,10.251754,5657600
2017-11-07,11.210000,11.230000,10.940000,11.210000,10.233496,5058400
2017-11-08,11.180000,11.520000,11.170000,11.370000,10.379561,5588900
2017-11-09,11.230000,11.510000,11.110000,11.390000,10.397820,4198300
2017-11-10,11.310000,11.480000,11.230000,11.260000,10.279142,9396800
2017-11-13,11.190000,11.210000,10.910000,10.940000,9.987016,3727700
2017-11-14,10.880000,10.880000,10.380000,10.400000,9.494057,3848100
2017-11-15,10.050000,10.310000,9.960000,10.170000,9.284091,4706500
2017-11-16,10.220000,10.290000,10.030000,10.070000,9.192801,2480700
2017-11-17,10.150000,10.240000,9.970000,10.160000,9.274963,2395900
2017-11-20,10.100000,10.100000,9.720000,9.760000,8.909808,4155000
2017-11-21,9.830000,9.840000,9.580000,9.610000,8.772872,3770300
2017-11-22,9.750000,9.870000,9.680000,9.710000,8.864164,3120900
2017-11-24,9.820000,9.870000,9.690000,9.770000,8.918938,1728700
2017-11-27,9.650000,9.720000,9.140000,9.280000,8.471620,4527200
2017-11-28,9.310000,9.380000,9.220000,9.270000,8.462490,3168200
2017-11-29,9.230000,9.360000,9.090000,9.200000,8.398588,2772400
2017-11-30,9.280000,9.710000,9.270000,9.510000,8.681584,4583100
2017-12-01,9.720000,10.150000,9.710000,10.120000,9.238447,5391100
2017-12-04,10.040000,10.180000,9.750000,9.780000,8.928066,3429900
2017-12-05,9.780000,9.840000,9.650000,9.670000,8.827647,1688200
2017-12-06,9.560000,9.620000,9.260000,9.280000,8.471620,2976800
2017-12-07,9.270000,9.550000,9.220000,9.480000,8.654198,2228000
2017-12-08,9.560000,9.620000,9.430000,9.440000,8.617683,2205100
2017-12-11,9.470000,9.610000,9.410000,9.580000,8.745485,2380100
2017-12-12,9.580000,9.610000,9.340000,9.390000,8.572039,2991700
2017-12-13,9.350000,9.360000,9.150000,9.290000,8.480749,7987400
2017-12-14,9.200000,9.370000,8.820000,8.830000,8.094802,4739800
2017-12-15,8.780000,8.830000,8.430000,8.440000,7.737275,10327500
2017-12-18,8.430000,8.710000,8.410000,8.510000,7.801444,3642200
2017-12-19,8.540000,8.660000,8.470000,8.530000,7.819780,2821700
2017-12-20,8.620000,8.650000,8.510000,8.640000,7.920622,2498500
2017-12-21,8.630000,8.850000,8.560000,8.800000,8.067301,3670300
2017-12-22,8.760000,8.880000,8.710000,8.780000,8.048966,2291300
2017-12-26,8.820000,9.010000,8.700000,8.920000,8.177309,3313800
2017-12-27,8.920000,9.000000,8.860000,8.960000,8.213980,4775900
2017-12-28,9.000000,9.220000,8.970000,9.210000,8.443163,2252000
2017-12-29,9.250000,9.300000,9.110000,9.130000,8.369824,3201500
2018-01-02,9.210000,9.760000,9.200000,9.740000,8.929032,3291900
2018-01-03,9.790000,10.340000,9.790000,10.300000,9.442409,5904400
2018-01-04,10.370000,10.440000,10.240000,10.360000,9.497412,3587600
2018-01-05,10.350000,10.400000,10.030000,10.120000,9.277395,5323200
2018-01-08,10.100000,10.110000,9.850000,10.070000,9.231557,3537600
2018-01-09,10.110000,10.440000,10.090000,10.370000,9.506578,4171000
2018-01-10,10.440000,10.630000,10.400000,10.460000,9.589087,3969200
2018-01-11,10.480000,11.110000,10.460000,10.940000,10.029117,4489800
2018-01-12,10.780000,10.960000,10.670000,10.910000,10.001618,4383200
2018-01-16,10.760000,10.900000,10.490000,10.520000,9.644091,3382400
2018-01-17,10.590000,10.780000,10.430000,10.660000,9.772433,2443600
2018-01-18,10.580000,10.660000,10.440000,10.510000,9.634925,1863800
2018-01-19,10.400000,10.420000,10.150000,10.240000,9.387402,3263300
2018-01-22,10.260000,10.510000,10.200000,10.390000,9.524915,2688300
2018-01-23,10.410000,10.620000,10.290000,10.540000,9.662424,2746400
2018-01-24,10.770000,10.880000,10.470000,10.730000,9.836606,5555600
2018-01-25,10.790000,10.810000,10.390000,10.430000,9.561584,2106200
2018-01-26,10.550000,10.550000,10.360000,10.400000,9.534082,3668900
2018-01-29,10.300000,10.320000,10.070000,10.080000,9.240726,1847900
2018-01-30,9.890000,9.900000,9.580000,9.680000,8.874030,4693500
2018-01-31,9.720000,9.790000,9.490000,9.550000,8.754856,2928500
2018-02-01,9.600000,9.650000,9.230000,9.450000,8.663182,3782300
2018-02-02,9.190000,9.210000,8.870000,8.910000,8.168143,3136200
2018-02-05,8.740000,8.990000,8.410000,8.490000,7.783112,5019600
2018-02-06,8.280000,8.630000,8.160000,8.530000,7.819780,4917400
2018-02-07,8.530000,8.560000,8.140000,8.310000,7.618098,6704900
2018-02-08,8.280000,8.560000,7.790000,7.790000,7.141394,6479000
2018-02-09,7.850000,7.870000,7.150000,7.450000,6.829702,9524200
2018-02-12,7.620000,7.810000,7.390000,7.710000,7.068055,6497700
2018-02-13,7.650000,7.680000,7.510000,7.520000,6.893874,5102800
2018-02-14,7.380000,7.960000,7.300000,7.910000,7.251401,8157000
2018-02-15,8.220000,8.250000,7.300000,7.500000,6.875540,8465100
2018-02-16,7.550000,7.710000,7.470000,7.520000,6.893874,5945600
2018-02-20,7.570000,7.620000,7.370000,7.420000,6.802201,5168900
2018-02-21,7.400000,7.500000,7.330000,7.340000,6.728862,3901800
2018-02-22,7.380000,7.630000,7.320000,7.340000,6.728862,3516600
2018-02-23,7.370000,7.610000,7.340000,7.600000,6.967214,4048600
2018-02-26,7.620000,7.730000,7.510000,7.690000,7.049720,3476300
2018-02-27,7.630000,7.800000,7.560000,7.650000,7.013051,4561100
2018-02-28,7.730000,7.750000,7.270000,7.300000,6.692191,2897400
2018-03-01,7.240000,7.420000,7.090000,7.320000,6.710527,4790700
2018-03-02,7.240000,7.580000,7.180000,7.540000,6.912209,5423100
2018-03-05,7.410000,7.900000,7.370000,7.890000,7.233067,5473600
2018-03-06,7.990000,8.200000,7.910000,8.170000,7.489754,6992500
2018-03-07,8.000000,8.110000,7.810000,7.900000,7.242235,4436600
2018-03-08,7.900000,8.010000,7.790000,7.970000,7.306407,2843300
2018-03-09,8.090000,8.200000,7.990000,8.170000,7.489754,3196000
2018-03-12,8.140000,8.220000,8.080000,8.170000,7.489754,1719900
2018-03-13,8.150000,8.240000,8.020000,8.080000,7.407248,2684200
2018-03-14,8.100000,8.130000,8.000000,8.060000,7.424751,1828300
2018-03-15,8.130000,8.140000,8.020000,8.090000,7.452386,2515900
2018-03-16,8.150000,8.600000,8.130000,8.440000,7.774800,5536700
2018-03-19,8.430000,8.490000,8.290000,8.320000,7.664258,2573600
2018-03-20,8.410000,8.490000,8.330000,8.420000,7.756378,2553400
2018-03-21,8.540000,8.990000,8.500000,8.930000,8.226185,4629500
2018-03-22,8.740000,8.740000,8.380000,8.410000,7.747163,6180600
2018-03-23,8.490000,8.540000,8.080000,8.140000,7.498447,6162200
2018-03-26,8.200000,8.300000,8.000000,8.300000,7.645835,3591600
2018-03-27,8.340000,8.350000,8.120000,8.190000,7.544504,3718100
2018-03-28,8.400000,8.450000,8.140000,8.180000,7.535293,4143400
2018-03-29,8.210000,8.540000,8.210000,8.540000,7.866920,3245700
2018-04-02,8.440000,8.500000,8.170000,8.380000,7.719530,4161000
2018-04-03,8.410000,8.860000,8.350000,8.840000,8.143274,6136500
2018-04-04,8.620000,9.150000,8.490000,9.100000,8.382783,6262500
2018-04-05,9.140000,9.750000,9.090000,9.490000,8.742043,10184800
2018-04-06,9.480000,9.750000,9.240000,9.360000,8.622291,4672700
2018-04-09,9.480000,9.510000,9.180000,9.330000,8.594657,3689100
2018-04-10,9.520000,9.930000,9.490000,9.850000,9.073671,4570100
2018-04-11,9.900000,10.190000,9.880000,9.960000,9.175002,7692000
2018-04-12,9.900000,9.930000,9.700000,9.890000,9.110520,3709000
2018-04-13,9.950000,10.340000,9.940000,10.100000,9.303968,6505200
2018-04-16,10.100000,10.210000,9.840000,9.910000,9.128942,2606600
2018-04-17,9.970000,9.980000,9.700000,9.770000,8.999976,3957300
2018-04-18,9.910000,10.320000,9.880000,10.260000,9.451360,5002900
2018-04-19,10.370000,10.540000,10.010000,10.030000,9.239487,8374500
2018-04-20,10.000000,10.000000,9.560000,9.630000,8.871010,6003800
2018-04-23,9.430000,9.660000,9.390000,9.600000,8.843375,3253900
2018-04-24,9.740000,9.790000,9.390000,9.500000,8.751256,3746900
2018-04-25,8.900000,10.140000,8.900000,9.960000,9.175002,10667800
2018-04-26,9.980000,10.130000,9.700000,10.050000,9.257908,6208000
2018-04-27,9.970000,10.080000,9.900000,10.020000,9.230273,2486500
2018-04-30,9.960000,10.190000,9.870000,10.030000,9.239487,3021300
2018-05-01,9.990000,10.120000,9.900000,10.060000,9.267121,2832100
2018-05-02,10.030000,10.350000,10.020000,10.180000,9.377662,3443900
2018-05-03,10.180000,10.280000,10.080000,10.100000,9.303968,3412400
2018-05-04,10.040000,10.220000,10.000000,10.130000,9.331604,3946100
2018-05-07,10.240000,10.820000,10.240000,10.480000,9.654017,6532500
2018-05-08,10.330000,10.750000,10.020000,10.730000,9.884315,7040900
2018-05-09,10.920000,11.270000,10.910000,10.960000,10.096186,10695000
2018-05-10,11.040000,11.100000,10.930000,11.040000,10.169882,3705400
2018-05-11,11.030000,11.070000,10.900000,10.940000,10.077762,2558500
2018-05-14,11.030000,11.130000,10.910000,10.950000,10.086974,3319500
2018-05-15,10.890000,10.900000,10.720000,10.860000,10.004069,2876700
2018-05-16,10.860000,10.940000,10.750000,10.880000,10.022491,2889600
2018-05-17,11.140000,11.360000,11.090000,11.200000,10.317272,5738400
2018-05-18,11.110000,11.140000,11.020000,11.020000,10.151458,3805900
2018-05-21,11.090000,11.250000,10.940000,11.050000,10.179092,2389600
2018-05-22,11.210000,11.470000,11.120000,11.190000,10.308062,5666300
2018-05-23,11.080000,11.100000,10.860000,10.920000,10.059340,4194700
2018-05-24,10.700000,10.890000,10.480000,10.850000,9.994858,3388000
2018-05-25,10.530000,10.540000,10.120000,10.350000,9.534264,3722400
2018-05-29,10.110000,10.440000,10.070000,10.360000,9.543477,3546100
2018-05-30,10.460000,10.630000,10.410000,10.550000,9.718502,4191500
2018-05-31,10.450000,10.710000,10.390000,10.540000,9.709287,3522800
2018-06-01,10.590000,10.690000,10.360000,10.400000,9.580323,5470600
2018-06-04,10.440000,10.510000,9.470000,9.780000,9.009188,14281700
2018-06-05,9.700000,9.950000,9.630000,9.890000,9.110520,3973300
2018-06-06,9.930000,10.110000,9.870000,10.040000,9.248697,2578100
2018-06-07,10.180000,10.210000,9.990000,10.040000,9.248697,2613500
2018-06-08,10.000000,10.100000,9.940000,10.040000,9.248697,2139800
2018-06-11,9.990000,10.040000,9.880000,9.910000,9.128942,2738100
2018-06-12,9.890000,9.990000,9.760000,9.810000,9.036824,2221400
2018-06-13,9.810000,9.920000,9.740000,9.780000,9.009188,1841400
2018-06-14,9.840000,9.860000,9.450000,9.470000,8.758549,2131400
2018-06-15,9.410000,9.440000,9.200000,9.220000,8.527329,2969600
2018-06-18,9.200000,9.590000,9.180000,9.510000,8.795542,5221400
2018-06-19,9.270000,9.520000,9.250000,9.410000,8.703055,1673200
2018-06-20,9.490000,9.710000,9.490000,9.640000,8.915778,2097100
2018-06-21,9.510000,9.580000,9.110000,9.200000,8.508833,3196700
2018-06-22,9.530000,9.950000,9.490000,9.910000,9.165491,4165900
2018-06-25,9.920000,10.060000,9.680000,9.750000,9.017512,2388200
2018-06-26,9.830000,10.050000,9.740000,9.980000,9.230232,3570200
2018-06-27,10.160000,10.310000,10.110000,10.140000,9.378213,4446500
2018-06-28,10.180000,10.220000,9.970000,10.040000,9.285726,5232900
2018-06-29,10.190000,10.470000,10.140000,10.380000,9.600183,3359800
2018-07-02,10.300000,10.450000,10.100000,10.340000,9.563187,2109800
2018-07-03,10.560000,10.770000,10.450000,10.480000,9.692670,2166000
2018-07-05,10.660000,10.660000,10.350000,10.380000,9.600183,1643500
2018-07-06,10.320000,10.870000,10.260000,10.820000,10.007127,2344900
2018-07-09,10.890000,11.100000,10.880000,11.080000,10.247593,3115200
2018-07-10,11.160000,11.290000,11.070000,11.160000,10.321582,1890800
2018-07-11,10.970000,11.050000,10.610000,10.750000,9.942386,2361200
2018-07-12,10.900000,10.910000,10.590000,10.650000,9.849895,3209400
2018-07-13,10.640000,10.720000,10.530000,10.570000,9.775908,2750900
2018-07-16,10.390000,10.510000,10.240000,10.390000,9.609430,2622600
2018-07-17,10.310000,10.470000,10.200000,10.460000,9.674172,2268400
2018-07-18,10.370000,10.410000,10.210000,10.390000,9.609430,2655000
2018-07-19,10.280000,10.520000,10.180000,10.190000,9.424457,3323000
2018-07-20,10.270000,10.330000,10.120000,10.150000,9.387462,2294900
2018-07-23,10.230000,10.280000,10.100000,10.170000,9.405959,1928700
2018-07-24,10.220000,10.370000,10.180000,10.220000,9.452204,1653900
2018-07-25,10.300000,10.410000,10.190000,10.370000,9.590933,2328400
2018-07-26,10.250000,10.620000,10.150000,10.190000,9.424457,4752900
2018-07-27,10.160000,10.260000,9.850000,9.930000,9.183990,3941500
2018-07-30,10.130000,10.180000,9.990000,10.070000,9.313472,3244500
2018-07-31,10.080000,10.120000,9.890000,10.040000,9.285726,2575900
2018-08-01,9.950000,10.100000,9.850000,10.010000,9.257979,4869700
2018-08-02,9.950000,10.160000,9.930000,10.050000,9.294972,2542400
2018-08-03,10.030000,10.160000,9.990000,10.140000,9.378213,1518600
2018-08-06,10.190000,10.330000,10.170000,10.250000,9.479947,881000
2018-08-07,10.190000,10.400000,9.990000,10.000000,9.248731,1672600
2018-08-08,9.970000,9.980000,9.680000,9.810000,9.073005,2763300
2018-08-09,9.800000,9.970000,9.780000,9.900000,9.156243,2718200
2018-08-10,9.850000,9.980000,9.720000,9.930000,9.183990,1714700
2018-08-13,9.890000,10.010000,9.870000,9.900000,9.156243,1786700
2018-08-14,9.980000,10.000000,9.540000,9.540000,8.823289,5615100
2018-08-15,9.380000,9.400000,8.770000,8.950000,8.277614,7254100
2018-08-16,8.850000,9.030000,8.810000,8.810000,8.148133,6101700
2018-08-17,8.910000,9.190000,8.820000,9.150000,8.462588,4072100
2018-08-20,9.180000,9.260000,9.100000,9.220000,8.527329,3264100
2018-08-21,9.320000,9.420000,9.300000,9.330000,8.629067,1651600
2018-08-22,9.440000,9.560000,9.400000,9.450000,8.740052,2851700
2018-08-23,9.370000,9.410000,9.230000,9.410000,8.703055,2587700
2018-08-24,9.530000,9.750000,9.490000,9.680000,8.952771,2596200
2018-08-27,9.740000,9.920000,9.680000,9.810000,9.073005,2171400
2018-08-28,9.900000,9.970000,9.680000,9.690000,8.962019,1724500
2018-08-29,9.780000,9.850000,9.670000,9.760000,9.026763,2638000
2018-08-30,9.730000,9.800000,9.170000,9.520000,8.804794,6758900
2018-08-31,9.370000,9.420000,9.220000,9.310000,8.610569,3535400
2018-09-04,9.240000,9.260000,8.940000,9.000000,8.323857,3675700
2018-09-05,8.940000,9.010000,8.710000,8.980000,8.305360,2135100
2018-09-06,8.960000,9.100000,8.780000,8.840000,8.175879,2333500
2018-09-07,8.530000,8.910000,8.250000,8.880000,8.212871,6388500
2018-09-10,9.100000,9.520000,8.980000,9.000000,8.323857,7523300
2018-09-11,9.040000,9.060000,8.800000,9.010000,8.333106,4338700
2018-09-12,9.110000,9.220000,9.020000,9.130000,8.444091,3458700
2018-09-13,9.050000,9.110000,8.810000,8.960000,8.321498,4633900
2018-09-14,8.940000,9.010000,8.820000,8.860000,8.228622,1667200
2018-09-17,8.900000,8.950000,8.690000,8.750000,8.126462,2229600
2018-09-18,8.850000,9.030000,8.790000,8.960000,8.321498,3731700
2018-09-19,9.000000,9.320000,8.930000,9.220000,8.562970,6321000
2018-09-20,9.280000,9.360000,9.140000,9.200000,8.544395,4190800
2018-09-21,9.240000,9.420000,9.190000,9.350000,8.683705,2679200
2018-09-24,9.500000,9.720000,9.450000,9.630000,8.943751,2550900
2018-09-25,9.750000,9.750000,9.370000,9.370000,8.702279,2442800
2018-09-26,9.400000,9.480000,9.200000,9.250000,8.590830,3764300
2018-09-27,9.480000,10.050000,9.420000,10.050000,9.333821,5718400
2018-09-28,10.000000,10.150000,9.910000,10.030000,9.315248,2244300
2018-10-01,10.270000,10.650000,10.180000,10.420000,9.677455,4928800
2018-10-02,10.370000,10.390000,10.090000,10.120000,9.398834,2406100
2018-10-03,10.160000,10.460000,10.030000,10.440000,9.696031,4389200
2018-10-04,10.320000,10.350000,10.140000,10.240000,9.510283,3626500
2018-10-05,10.280000,10.320000,10.020000,10.090000,9.370971,3055300
2018-10-08,9.950000,10.020000,9.850000,9.960000,9.250235,2102100
2018-10-09,10.000000,10.070000,9.890000,9.930000,9.222374,3064600
2018-10-10,9.990000,10.000000,9.230000,9.270000,8.609406,5312900
2018-10-11,9.110000,9.240000,8.910000,8.960000,8.321498,3620900
2018-10-12,9.130000,9.130000,8.610000,8.760000,8.135748,5517300
2018-10-15,8.770000,8.850000,8.460000,8.470000,7.866416,3045900
2018-10-16,8.550000,8.810000,8.510000,8.790000,8.163613,3693600
2018-10-17,8.700000,8.740000,8.460000,8.690000,8.070738,2628400
2018-10-18,8.520000,8.600000,8.400000,8.500000,7.894277,4173800
2018-10-19,8.560000,8.670000,8.480000,8.500000,7.894277,3554700
2018-10-22,8.550000,8.630000,8.450000,8.620000,8.005724,2648500
2018-10-23,8.400000,8.650000,8.240000,8.490000,7.884991,4837800
2018-10-24,8.540000,8.680000,8.310000,8.350000,7.754967,6329800
2018-10-25,8.460000,8.540000,8.280000,8.490000,7.884991,4106700
2018-10-26,8.310000,8.610000,8.240000,8.500000,7.894277,5242600
2018-10-29,8.550000,8.550000,8.180000,8.300000,7.708530,5390400
2018-10-30,8.300000,8.460000,8.060000,8.440000,7.838552,4075200
2018-10-31,8.570000,8.970000,8.370000,8.460000,7.857127,9229400
2018-11-01,8.490000,8.840000,8.470000,8.770000,8.145036,5913700
2018-11-02,8.850000,8.960000,8.640000,8.750000,8.126462,4486000
2018-11-05,8.860000,9.020000,8.830000,9.000000,8.358646,2262300
2018-11-06,9.020000,9.110000,8.900000,9.090000,8.442232,3498600
2018-11-07,9.180000,9.280000,9.020000,9.190000,8.535109,3865100
2018-11-08,9.120000,9.270000,9.070000,9.180000,8.525818,3861600
2018-11-09,8.940000,9.070000,8.580000,8.940000,8.302922,4225900
2018-11-12,9.030000,9.070000,8.660000,8.700000,8.080024,3944400
2018-11-13,8.670000,8.770000,8.310000,8.330000,7.736392,5205000
2018-11-14,8.380000,8.640000,8.030000,8.130000,7.550643,6196300
2018-11-15,8.130000,8.430000,8.120000,8.300000,7.708530,4088600
2018-11-16,8.380000,8.440000,7.990000,8.110000,7.532069,5045800
2018-11-19,7.980000,8.380000,7.800000,8.030000,7.457769,7085900
2018-11-20,7.860000,7.860000,7.400000,7.480000,6.946964,5591700
2018-11-21,7.560000,7.790000,7.520000,7.660000,7.114138,4772100
2018-11-23,7.440000,7.440000,7.110000,7.120000,6.612617,3275000
2018-11-26,7.140000,7.280000,6.920000,7.020000,6.519744,6697200
2018-11-27,6.990000,7.120000,6.890000,7.070000,6.566182,5100200
2018-11-28,7.020000,7.140000,6.890000,6.930000,6.436158,3351900
2018-11-29,6.930000,7.410000,6.930000,7.340000,6.816941,6763600
2018-11-30,7.170000,7.490000,7.100000,7.380000,6.854091,5510300
2018-12-03,8.110000,8.430000,8.010000,8.330000,7.736392,9847800
2018-12-04,8.280000,8.350000,8.050000,8.140000,7.559933,4672600
2018-12-06,7.860000,8.020000,7.580000,7.650000,7.104850,5221500
2018-12-07,7.970000,8.160000,7.630000,7.640000,7.095562,4213000
2018-12-10,7.580000,7.610000,7.320000,7.490000,6.956251,3530200
2018-12-11,7.770000,8.190000,7.520000,7.530000,6.993402,4392700
2018-12-12,7.720000,8.160000,7.690000,7.880000,7.318460,3630200
2018-12-13,7.820000,7.990000,7.760000,7.930000,7.364896,3666000
2018-12-14,7.830000,7.890000,7.630000,7.670000,7.123426,2982900
2018-12-17,7.690000,7.800000,7.270000,7.360000,6.835516,4414500
2018-12-18,7.320000,7.320000,6.980000,7.080000,6.575469,5764800
2018-12-19,7.150000,7.350000,6.900000,6.950000,6.454732,3726400
2018-12-20,6.890000,7.040000,6.610000,6.780000,6.296847,5375700
2018-12-21,6.770000,6.940000,6.590000,6.630000,6.157537,3391100
2018-12-24,6.550000,6.590000,6.430000,6.440000,5.981077,1997400
2018-12-26,6.490000,7.010000,6.150000,7.000000,6.501170,4269000
2018-12-27,6.750000,6.840000,6.530000,6.820000,6.333996,5292000
2018-12-28,6.850000,7.070000,6.800000,6.870000,6.380434,4271200
2018-12-31,6.970000,7.120000,6.910000,7.030000,6.529031,2629400
2019-01-02,6.870000,7.380000,6.750000,7.260000,6.742642,3512000
2019-01-03,7.290000,7.410000,7.120000,7.220000,6.705492,3128100
2019-01-04,7.420000,7.720000,7.360000,7.690000,7.141999,3516400
2019-01-07,7.750000,7.940000,7.660000,7.790000,7.234873,3317700
2019-01-08,7.860000,8.020000,7.730000,7.890000,7.327747,3648100
2019-01-09,8.040000,8.130000,7.760000,8.100000,7.522783,7111700
2019-01-10,7.980000,8.230000,7.930000,8.200000,7.615656,1756300
2019-01-11,8.050000,8.220000,7.980000,8.100000,7.522783,1997800
2019-01-14,7.960000,8.100000,7.950000,8.010000,7.439196,2443300
2019-01-15,8.050000,8.260000,8.050000,8.130000,7.550643,2827100
2019-01-16,8.110000,8.160000,7.920000,7.980000,7.411333,4231400
2019-01-17,7.840000,8.130000,7.750000,8.030000,7.457769,3276300
2019-01-18,8.130000,8.180000,7.970000,8.140000,7.559933,3275500
2019-01-22,7.890000,7.910000,7.650000,7.740000,7.188437,3914200
2019-01-23,7.760000,7.820000,7.490000,7.580000,7.039838,5295600
2019-01-24,7.580000,7.710000,7.490000,7.610000,7.067700,4000600
2019-01-25,7.690000,7.800000,7.600000,7.790000,7.234873,4460200
2019-01-28,7.670000,7.780000,7.600000,7.780000,7.225586,4490100
2019-01-29,7.880000,8.030000,7.850000,7.870000,7.309172,3246100
2019-01-30,7.960000,8.160000,7.950000,8.030000,7.457769,4655100
2019-01-31,8.110000,8.110000,7.740000,7.790000,7.234873,4615200
2019-02-01,7.860000,7.900000,7.640000,7.700000,7.151287,6590700
2019-02-04,7.650000,7.760000,7.610000,7.710000,7.160574,3238800
2019-02-05,7.680000,7.880000,7.680000,7.780000,7.225586,3639300
2019-02-06,7.760000,7.910000,7.670000,7.840000,7.281309,2797300
2019-02-07,7.760000,7.760000,7.530000,7.590000,7.049125,6815300
2019-02-08,7.600000,7.600000,7.390000,7.490000,6.956251,5682100
2019-02-11,7.380000,7.600000,7.230000,7.550000,7.011976,4525600
2019-02-12,7.740000,7.880000,7.660000,7.870000,7.309172,4228600
2019-02-13,7.750000,8.450000,7.670000,8.340000,7.745680,12069600
2019-02-14,8.280000,8.590000,8.280000,8.360000,7.764255,6962900
2019-02-15,8.510000,8.700000,8.490000,8.690000,8.070738,4476000
2019-02-19,8.660000,8.820000,8.620000,8.780000,8.154325,4261400
2019-02-20,8.770000,8.890000,8.730000,8.860000,8.228622,5241700
2019-02-21,8.790000,8.870000,8.610000,8.710000,8.089313,4335500
2019-02-22,8.800000,8.900000,8.710000,8.890000,8.256486,2576300
2019-02-25,8.880000,9.000000,8.790000,8.930000,8.293635,4664400
2019-02-26,8.990000,9.250000,8.930000,9.200000,8.544395,4350100
2019-02-27,9.310000,9.320000,9.120000,9.150000,8.497957,3463300
2019-02-28,9.110000,9.190000,8.970000,9.160000,8.507244,2619200
2019-03-01,9.220000,9.270000,9.100000,9.140000,8.488671,2540100
2019-03-04,9.060000,9.140000,8.430000,8.630000,8.015014,9221200
2019-03-05,8.650000,8.720000,8.490000,8.600000,7.987151,4860900
2019-03-06,8.470000,8.490000,8.350000,8.370000,7.773540,5523500
2019-03-07,8.400000,8.480000,8.260000,8.440000,7.838552,4037100
2019-03-08,8.190000,8.260000,7.960000,8.210000,7.624944,4652400
2019-03-11,8.280000,8.590000,8.280000,8.560000,7.950002,4381100
2019-03-12,8.610000,8.700000,8.550000,8.680000,8.061451,3797800
2019-03-13,8.710000,8.900000,8.710000,8.850000,8.219336,5228100
2019-03-14,8.820000,8.890000,8.710000,8.800000,8.172901,4808100
2019-03-15,8.750000,8.810000,8.580000,8.770000,8.145036,4046900
2019-03-18,8.790000,8.940000,8.790000,8.910000,8.275061,2899700
2019-03-19,9.000000,9.050000,8.800000,8.880000,8.247197,4468400
2019-03-20,8.840000,9.240000,8.820000,9.170000,8.516534,3804500
2019-03-21,9.130000,9.270000,9.070000,9.190000,8.535109,2764800
2019-03-22,9.050000,9.050000,8.740000,8.750000,8.126462,3211500
2019-03-25,8.700000,8.780000,8.490000,8.520000,7.912852,4025000
2019-03-26,8.570000,8.790000,8.570000,8.720000,8.098602,3602200
2019-03-27,8.710000,8.760000,8.570000,8.610000,7.996439,4371800
2019-03-28,8.550000,8.650000,8.440000,8.610000,7.996439,3884500
2019-03-29,8.800000,8.810000,8.550000,8.680000,8.061451,3158300
2019-04-01,8.940000,9.130000,8.910000,9.130000,8.479383,6492800
2019-04-02,9.140000,9.210000,9.000000,9.100000,8.451521,4707700
2019-04-03,9.150000,9.180000,8.820000,8.950000,8.312210,4067200
2019-04-04,8.930000,9.020000,8.810000,8.980000,8.340073,4282200
2019-04-05,9.010000,9.390000,9.010000,9.390000,8.720853,4887100
2019-04-08,9.450000,9.670000,9.450000,9.640000,8.953040,5391000
2019-04-09,9.580000,9.610000,9.400000,9.570000,8.888027,5280900
2019-04-10,9.640000,10.060000,9.630000,10.030000,9.315248,7361400
2019-04-11,9.920000,10.090000,9.830000,9.860000,9.157363,5725700
2019-04-12,10.090000,10.180000,9.840000,9.900000,9.194511,3347000
2019-04-15,9.920000,9.920000,9.760000,9.780000,9.083062,2867900
2019-04-16,9.950000,9.990000,9.810000,9.860000,9.157363,5465700
2019-04-17,9.940000,10.190000,9.850000,10.160000,9.435984,4472200
2019-04-18,10.160000,10.190000,10.030000,10.090000,9.370971,4691300
2019-04-22,10.230000,10.480000,10.210000,10.430000,9.686743,5599300
2019-04-23,10.350000,10.470000,10.270000,10.440000,9.696031,13473500
2019-04-24,10.590000,10.600000,10.080000,10.190000,9.463846,12133900
2019-04-25,10.120000,10.200000,10.030000,10.160000,9.435984,5411700
2019-04-26,10.050000,10.090000,9.820000,10.010000,9.296672,9221000
2019-04-29,10.000000,10.070000,9.880000,9.950000,9.240948,4362800
2019-04-30,10.040000,10.090000,9.820000,9.910000,9.203799,5200900
2019-05-01,9.870000,9.920000,9.390000,9.390000,8.720853,6798200
2019-05-02,9.260000,9.330000,9.010000,9.100000,8.451521,7092400
2019-05-03,9.240000,9.260000,8.920000,9.020000,8.377220,5649600
2019-05-06,8.860000,9.130000,8.810000,9.110000,8.460806,4659900
2019-05-07,8.920000,8.920000,8.730000,8.890000,8.256486,4388900
2019-05-08,8.880000,9.200000,8.880000,8.940000,8.302922,3624600
2019-05-09,8.820000,9.070000,8.730000,8.970000,8.330783,3868600
2019-05-10,8.950000,9.150000,8.800000,9.050000,8.405087,5335000
2019-05-13,8.940000,9.090000,8.730000,8.750000,8.126462,3364400
2019-05-14,8.780000,9.020000,8.780000,8.950000,8.312210,3289900
2019-05-15,8.830000,9.010000,8.740000,8.830000,8.200759,5987300
2019-05-16,8.880000,9.040000,8.710000,8.770000,8.145036,5608400
2019-05-17,8.700000,8.800000,8.620000,8.640000,8.024302,3571500
2019-05-20,8.640000,8.650000,8.540000,8.560000,7.950002,2842900
2019-05-21,8.590000,8.770000,8.580000,8.770000,8.145036,3176200
2019-05-22,8.650000,8.730000,8.510000,8.540000,7.931427,3412200
2019-05-23,8.310000,8.310000,8.060000,8.240000,7.652805,5841900
2019-05-24,8.350000,8.420000,8.120000,8.250000,7.662093,4078900
2019-05-28,8.360000,8.380000,8.200000,8.290000,7.699243,2661200
2019-05-29,8.110000,8.410000,8.040000,8.390000,7.792116,6043200
2019-05-30,8.370000,8.480000,8.250000,8.330000,7.736392,4063700
2019-05-31,8.120000,8.300000,8.100000,8.190000,7.606369,3914600
2019-06-03,8.310000,8.480000,8.030000,8.060000,7.485633,7068600
2019-06-04,8.170000,8.200000,7.990000,8.030000,7.457769,3974700
2019-06-05,8.090000,8.090000,7.670000,7.720000,7.169861,4899200
2019-06-06,7.800000,7.910000,7.720000,7.880000,7.318460,5804600
2019-06-07,7.920000,8.280000,7.890000,8.220000,7.634232,3836300
2019-06-10,8.280000,8.390000,8.110000,8.270000,7.680668,2831600
2019-06-11,8.420000,8.470000,8.250000,8.410000,7.810689,3141800
2019-06-12,8.290000,8.410000,8.230000,8.260000,7.671381,3764600
2019-06-13,8.390000,8.490000,8.350000,8.410000,7.845836,3769600
2019-06-14,8.400000,8.500000,8.320000,8.470000,7.901811,2707300
2019-06-17,8.390000,8.740000,8.390000,8.720000,8.135039,3454300
2019-06-18,8.820000,9.010000,8.810000,8.860000,8.265648,3996300
2019-06-19,8.930000,9.050000,8.660000,8.760000,8.172356,4632400
2019-06-20,8.990000,9.060000,8.860000,8.980000,8.377597,4187100
2019-06-21,8.970000,9.040000,8.790000,8.810000,8.219003,4479400
2019-06-24,8.830000,8.890000,8.710000,8.780000,8.191015,3602800
2019-06-25,8.790000,9.020000,8.740000,8.770000,8.181686,3836400
2019-06-26,8.890000,9.160000,8.880000,8.980000,8.377597,2997800
2019-06-27,8.980000,8.980000,8.790000,8.850000,8.256320,2720600
2019-06-28,8.870000,8.930000,8.660000,8.820000,8.228332,2555100
2019-07-01,9.000000,9.140000,8.790000,8.890000,8.293635,2422100
2019-07-02,8.860000,8.860000,8.650000,8.820000,8.228332,2918600
2019-07-03,8.850000,8.880000,8.730000,8.810000,8.219003,1104000
2019-07-05,8.870000,8.990000,8.780000,8.950000,8.349611,2433700
2019-07-08,8.920000,9.080000,8.870000,8.980000,8.377597,2009300
2019-07-09,8.930000,9.150000,8.840000,9.100000,8.489549,3982300
2019-07-10,9.230000,9.480000,9.160000,9.380000,8.750767,4532700
2019-07-11,9.380000,9.450000,9.250000,9.440000,8.806740,2699900
2019-07-12,9.440000,9.570000,9.410000,9.570000,8.928020,3054000
2019-07-15,9.590000,9.630000,9.490000,9.560000,8.918692,3654300
2019-07-16,9.510000,9.550000,9.360000,9.380000,8.750767,5070600
2019-07-17,9.470000,9.560000,9.310000,9.480000,8.844056,5756900
2019-07-18,9.430000,9.570000,9.090000,9.260000,8.638815,5707000
2019-07-19,9.280000,9.550000,9.260000,9.510000,8.872045,2570000
2019-07-22,9.520000,9.630000,9.500000,9.550000,8.909362,1964000
2019-07-23,9.560000,9.690000,9.450000,9.630000,8.983995,3261800
2019-07-24,9.550000,9.760000,9.300000,9.340000,8.713449,5335000
2019-07-25,9.440000,9.490000,9.030000,9.180000,8.564183,5857200
2019-07-26,9.180000,9.320000,9.050000,9.210000,8.592172,4358600
2019-07-29,9.240000,9.300000,8.850000,8.890000,8.293635,3552000
2019-07-30,8.810000,9.360000,8.780000,9.260000,8.638815,3599900
2019-07-31,9.330000,9.460000,9.170000,9.280000,8.657474,3552600
2019-08-01,9.150000,9.260000,8.890000,9.090000,8.480220,3650900
2019-08-02,9.060000,9.190000,8.720000,8.830000,8.237663,2670200
2019-08-05,8.600000,8.640000,8.440000,8.450000,7.883153,1715000
2019-08-06,8.490000,8.580000,8.360000,8.460000,7.892481,3424500
2019-08-07,8.270000,8.370000,8.130000,8.260000,7.705899,3658400
2019-08-08,8.310000,8.500000,8.270000,8.490000,7.920469,3109200
2019-08-09,8.560000,8.660000,8.460000,8.540000,7.967116,1936800
2019-08-12,8.500000,8.590000,8.400000,8.500000,7.929799,2438600
2019-08-13,8.490000,8.860000,8.390000,8.720000,8.135039,5196300
2019-08-14,8.450000,8.500000,8.180000,8.280000,7.724556,3263300
2019-08-15,8.230000,8.310000,8.060000,8.170000,7.621934,2479500
2019-08-16,8.240000,8.240000,8.130000,8.170000,7.621934,2748600
2019-08-19,8.350000,8.350000,8.060000,8.260000,7.705899,3414000
2019-08-20,8.190000,8.300000,8.140000,8.220000,7.668582,3038700
2019-08-21,8.300000,8.690000,8.280000,8.540000,7.967116,5474700
2019-08-22,8.570000,8.710000,8.520000,8.570000,7.995103,1953300
2019-08-23,8.420000,8.660000,8.270000,8.300000,7.743216,2710500
2019-08-26,8.420000,8.550000,8.340000,8.410000,7.845836,1949300
2019-08-27,8.440000,8.540000,8.270000,8.280000,7.724556,3025900
2019-08-28,8.390000,8.530000,8.280000,8.510000,7.939127,4396700
2019-08-29,8.600000,8.930000,8.600000,8.890000,8.293635,2471000
2019-08-30,8.930000,8.990000,8.720000,8.730000,8.144370,2765800
2019-09-03,8.510000,8.640000,8.410000,8.620000,8.041748,1660700
2019-09-04,8.800000,8.840000,8.600000,8.720000,8.135039,3397600
2019-09-05,8.790000,9.160000,8.790000,9.140000,8.526867,4762400
2019-09-06,9.070000,9.120000,8.960000,9.110000,8.498878,2742800
2019-09-09,9.240000,9.480000,9.190000,9.260000,8.638815,4273700
2019-09-10,9.320000,9.550000,9.260000,9.350000,8.722780,3074600
2019-09-11,9.340000,9.490000,9.180000,9.370000,8.741436,4807100
2019-09-12,9.150000,9.630000,9.060000,9.500000,8.898804,4024400
2019-09-13,9.520000,9.630000,9.240000,9.350000,8.758299,4723200
2019-09-16,10.060000,10.820000,10.000000,10.520000,9.854257,13798800
2019-09-17,10.420000,10.450000,10.020000,10.150000,9.507670,6643700
2019-09-18,10.050000,10.110000,9.860000,9.970000,9.339063,6415400
2019-09-19,10.100000,10.140000,9.920000,9.980000,9.348430,4322200
2019-09-20,10.030000,10.150000,9.860000,9.960000,9.329694,4523700
2019-09-23,9.910000,9.990000,9.840000,9.870000,9.245389,2208300
2019-09-24,9.790000,9.800000,9.640000,9.720000,9.104882,2181900
2019-09-25,9.580000,9.780000,9.550000,9.720000,9.104882,3490100
2019-09-26,9.730000,9.810000,9.550000,9.680000,9.067414,2440800
2019-09-27,9.640000,9.820000,9.560000,9.610000,9.001844,4803000
2019-09-30,9.610000,9.680000,9.380000,9.380000,8.786399,2405300
2019-10-01,9.380000,9.490000,9.020000,9.120000,8.542852,3538600
2019-10-02,9.090000,9.110000,8.620000,8.720000,8.168165,6739600
2019-10-03,8.650000,8.850000,8.570000,8.780000,8.224369,4272400
2019-10-04,8.770000,8.850000,8.480000,8.530000,7.990190,2646600
2019-10-07,8.630000,8.770000,8.420000,8.570000,8.027659,4409300
2019-10-08,8.480000,8.480000,8.100000,8.130000,7.615503,5883800
2019-10-09,8.220000,8.260000,8.010000,8.030000,7.521832,4683300
2019-10-10,8.090000,8.180000,8.010000,8.170000,7.652971,3148500
2019-10-11,8.270000,8.640000,8.260000,8.580000,8.037026,5961100
2019-10-14,8.430000,8.560000,8.370000,8.450000,7.915253,1671400
2019-10-15,8.380000,8.750000,8.380000,8.540000,7.999557,4058100
2019-10-16,8.530000,8.720000,8.530000,8.600000,8.055760,2977300
2019-10-17,8.650000,8.660000,8.500000,8.650000,8.102595,3455300
2019-10-18,8.690000,8.720000,8.530000,8.590000,8.046393,2712800
2019-10-21,8.590000,8.820000,8.530000,8.740000,8.186900,2383100
2019-10-22,8.670000,8.900000,8.490000,8.680000,8.130697,4560300
2019-10-23,8.690000,9.030000,8.620000,8.950000,8.383613,4832500
2019-10-24,8.950000,9.020000,8.650000,8.780000,8.224369,2528300
2019-10-25,8.750000,8.910000,8.710000,8.770000,8.215003,2936400
2019-10-28,8.840000,8.970000,8.640000,8.700000,8.149432,3061400
2019-10-29,8.620000,8.970000,8.570000,8.860000,8.299307,2610800
2019-10-30,8.860000,8.920000,8.520000,8.650000,8.102595,5663600
2019-10-31,8.640000,8.670000,8.290000,8.490000,7.952721,6144300
2019-11-01,8.570000,8.860000,8.560000,8.720000,8.168165,4379800
2019-11-04,8.840000,9.070000,8.810000,8.890000,8.327408,3360500
2019-11-05,8.910000,9.170000,8.910000,9.060000,8.486650,3157400
2019-11-06,8.990000,9.040000,8.780000,8.820000,8.261838,4227700
2019-11-07,8.950000,9.340000,8.940000,9.200000,8.617790,3756100
2019-11-08,9.140000,9.220000,8.970000,9.170000,8.589691,2325600
2019-11-11,9.020000,9.370000,9.020000,9.360000,8.767664,3418100
2019-11-12,9.370000,9.500000,9.210000,9.240000,8.655257,1698100
2019-11-13,9.170000,9.270000,9.110000,9.250000,8.664627,1660100
2019-11-14,9.280000,9.320000,9.030000,9.040000,8.467916,2008400
2019-11-15,9.130000,9.360000,9.100000,9.270000,8.683361,1658800
2019-11-18,9.240000,9.240000,9.090000,9.150000,8.570952,1724600
2019-11-19,9.110000,9.120000,8.830000,8.890000,8.327408,3291600
2019-11-20,8.880000,9.140000,8.780000,8.910000,8.346143,2843500
2019-11-21,8.950000,9.130000,8.910000,9.060000,8.486650,2664700
2019-11-22,9.070000,9.130000,8.900000,8.970000,8.402346,1711600
2019-11-25,8.980000,9.140000,8.880000,9.090000,8.514751,3087500
2019-11-26,9.110000,9.170000,8.990000,9.130000,8.552220,3516800
2019-11-27,9.090000,9.110000,8.880000,9.080000,8.505383,1782600
2019-11-29,9.000000,9.010000,8.850000,8.890000,8.327408,834200
2019-12-02,8.910000,8.970000,8.760000,8.820000,8.261838,2270700
2019-12-03,8.690000,8.730000,8.520000,8.530000,7.990190,2589300
2019-12-04,8.680000,8.900000,8.580000,8.800000,8.243103,6104200
2019-12-05,8.850000,8.910000,8.650000,8.700000,8.149432,3346000
2019-12-06,8.730000,9.300000,8.710000,9.290000,8.702095,5723600
2019-12-09,9.180000,9.400000,9.170000,9.210000,8.627158,2533100
2019-12-10,9.160000,9.510000,9.160000,9.400000,8.805133,3626300
2019-12-11,9.370000,9.500000,9.300000,9.410000,8.814503,1907000
2019-12-12,9.350000,9.680000,9.340000,9.620000,9.056445,2511000
2019-12-13,9.620000,9.850000,9.560000,9.670000,9.103516,2432400
2019-12-16,9.790000,9.860000,9.680000,9.730000,9.160000,2630600
2019-12-17,9.800000,9.980000,9.740000,9.880000,9.301214,2315900
2019-12-18,9.860000,9.960000,9.740000,9.840000,9.263557,1807400
2019-12-19,9.800000,9.980000,9.780000,9.900000,9.320044,2022300
2019-12-20,9.900000,9.940000,9.760000,9.860000,9.282385,6958100
2019-12-23,9.870000,10.060000,9.870000,10.040000,9.451841,1637700
2019-12-24,10.040000,10.090000,9.950000,10.010000,9.423597,939800
2019-12-26,10.090000,10.240000,10.050000,10.170000,9.574224,1360400
2019-12-27,10.200000,10.210000,10.030000,10.060000,9.470669,4296300
2019-12-30,10.140000,10.180000,10.000000,10.070000,9.480083,1858900
2019-12-31,9.990000,10.220000,9.960000,10.150000,9.555397,2001600
2020-01-02,10.180000,10.290000,10.050000,10.140000,9.545983,2904600
2020-01-03,10.320000,10.520000,10.160000,10.190000,9.593055,3408900
2020-01-06,10.280000,10.490000,10.270000,10.470000,9.856649,2035200
2020-01-07,10.400000,10.460000,10.290000,10.410000,9.800164,2457200
2020-01-08,10.410000,10.410000,9.990000,10.060000,9.470669,3289300
2020-01-09,10.090000,10.090000,9.840000,9.990000,9.404769,5120900
2020-01-10,9.940000,9.990000,9.870000,9.880000,9.301214,2732800
2020-01-13,9.810000,9.820000,9.520000,9.670000,9.103516,3487100
2020-01-14,9.640000,9.690000,9.540000,9.540000,8.981131,3846800
2020-01-15,9.530000,9.530000,9.390000,9.490000,8.934062,3632900
2020-01-16,9.540000,9.600000,9.380000,9.390000,8.839918,6364100
2020-01-17,9.430000,9.430000,9.260000,9.260000,8.717535,2127100
2020-01-21,9.230000,9.330000,9.120000,9.140000,8.604564,3006000
2020-01-22,9.100000,9.180000,9.040000,9.090000,8.557493,4057700
2020-01-23,8.960000,9.060000,8.800000,9.040000,8.510423,3156700
2020-01-24,8.960000,8.980000,8.700000,8.750000,8.237411,3600500
2020-01-27,8.480000,8.760000,8.460000,8.740000,8.227997,7434400
2020-01-28,8.790000,8.940000,8.730000,8.860000,8.340966,4593300
2020-01-29,8.910000,8.990000,8.870000,8.950000,8.425696,4332100
2020-01-30,8.810000,9.070000,8.780000,9.060000,8.529252,4127000
2020-01-31,8.880000,8.910000,8.660000,8.710000,8.199754,4241700
2020-02-03,8.720000,8.870000,8.600000,8.630000,8.124439,5775700
2020-02-04,8.830000,8.910000,8.710000,8.710000,8.199754,3597400
2020-02-05,8.920000,9.330000,8.920000,9.140000,8.604564,5627600
2020-02-06,9.110000,9.300000,8.900000,9.150000,8.613977,2884200
2020-02-07,9.010000,9.100000,8.830000,8.930000,8.406868,3008100
2020-02-10,8.850000,8.980000,8.700000,8.960000,8.435110,4089000
2020-02-11,9.110000,9.230000,8.980000,9.020000,8.491593,5483700
2020-02-12,9.150000,9.390000,8.520000,9.130000,8.595151,10136500
2020-02-13,9.060000,9.150000,8.950000,8.980000,8.453936,3224700
2020-02-14,9.060000,9.120000,8.810000,8.910000,8.388039,3139800
2020-02-18,8.820000,8.980000,8.730000,8.900000,8.378623,3165400
2020-02-19,8.980000,9.120000,8.890000,9.070000,8.538665,3374600
2020-02-20,9.070000,9.270000,9.070000,9.190000,8.651634,5152600
2020-02-21,9.090000,9.160000,8.950000,9.040000,8.510423,3010800
2020-02-24,8.660000,8.660000,8.470000,8.490000,7.992642,3565300
2020-02-25,8.550000,8.550000,8.180000,8.240000,7.757287,3685600
2020-02-26,8.300000,8.310000,7.900000,7.910000,7.446619,3855000
2020-02-27,7.610000,7.750000,7.270000,7.460000,7.022981,8646800
2020-02-28,7.200000,7.380000,6.990000,7.370000,6.938253,12354200
2020-03-02,7.500000,7.500000,7.180000,7.460000,7.022981,6060700
2020-03-03,7.480000,7.560000,7.060000,7.090000,6.674657,7107300
2020-03-04,7.210000,7.320000,6.830000,6.970000,6.561686,6130900
2020-03-05,6.770000,6.870000,6.620000,6.670000,6.279260,6499900
2020-03-06,6.410000,6.570000,5.820000,5.890000,5.544954,10926500
2020-03-09,3.970000,4.000000,2.700000,2.800000,2.635972,27812000
2020-03-10,3.760000,3.760000,2.830000,3.100000,2.918397,23828600
2020-03-11,2.990000,3.090000,2.900000,3.010000,2.833670,24814200
2020-03-12,2.820000,2.820000,2.480000,2.610000,2.494393,10551200
2020-03-13,2.780000,3.010000,2.730000,3.000000,2.867119,15214300
2020-03-16,2.620000,2.630000,2.360000,2.450000,2.341481,7893000
2020-03-17,2.500000,2.500000,1.850000,1.930000,1.844513,11548500
2020-03-18,1.800000,1.920000,1.410000,1.600000,1.529130,10648800
2020-03-19,1.640000,1.730000,1.530000,1.640000,1.567358,14511100
2020-03-20,1.760000,1.820000,1.630000,1.660000,1.586473,13884100
2020-03-23,1.710000,1.800000,1.560000,1.610000,1.538687,7915700
2020-03-24,1.770000,1.790000,1.690000,1.780000,1.701157,8678100
2020-03-25,1.860000,2.200000,1.780000,2.010000,1.920970,14282600
2020-03-26,2.030000,2.160000,1.830000,1.890000,1.806285,12608500
2020-03-27,1.850000,1.870000,1.640000,1.690000,1.615144,7219300
2020-03-30,1.700000,1.730000,1.570000,1.710000,1.634258,16008000
2020-03-31,1.880000,2.120000,1.800000,2.020000,1.930527,15409300
2020-04-01,1.930000,2.050000,1.780000,1.910000,1.825399,10817200
2020-04-02,2.140000,2.510000,2.040000,2.360000,2.255467,19553800
2020-04-03,2.680000,2.690000,2.170000,2.430000,2.322367,18311000
2020-04-06,2.500000,2.760000,2.410000,2.680000,2.561293,14544500
2020-04-07,2.870000,3.140000,2.710000,2.750000,2.628193,16621000
2020-04-08,2.810000,2.970000,2.630000,2.950000,2.819334,17289600
2020-04-09,3.080000,3.110000,2.630000,2.760000,2.637749,20394000
2020-04-13,2.920000,2.950000,2.630000,2.670000,2.551736,5909000
2020-04-14,2.570000,2.660000,2.510000,2.620000,2.503951,10472500
2020-04-15,2.450000,2.570000,2.390000,2.520000,2.408380,7246900
2020-04-16,2.500000,2.580000,2.480000,2.510000,2.398823,7096000
2020-04-17,2.510000,2.780000,2.480000,2.730000,2.609078,12376300
2020-04-20,2.490000,2.760000,2.480000,2.630000,2.513508,11652600
2020-04-21,2.520000,2.650000,2.500000,2.630000,2.513508,15069300
2020-04-22,2.720000,2.910000,2.710000,2.900000,2.771549,7743800
2020-04-23,3.030000,3.390000,3.000000,3.110000,2.972247,13299000
2020-04-24,3.200000,3.310000,2.940000,3.050000,2.914905,9075700
2020-04-27,2.940000,3.110000,2.780000,3.040000,2.905347,8767800
2020-04-28,3.040000,3.220000,3.040000,3.140000,3.000919,8861100
2020-04-29,3.250000,3.630000,3.250000,3.590000,3.430985,10861700
2020-04-30,3.760000,3.760000,3.400000,3.640000,3.478771,12289800
2020-05-01,3.570000,3.630000,3.280000,3.340000,3.192059,6882400
2020-05-04,3.230000,3.510000,3.180000,3.370000,3.220730,8614900
2020-05-05,3.570000,3.760000,3.470000,3.650000,3.488328,13315400
2020-05-06,3.650000,3.800000,3.520000,3.560000,3.402314,9749700
2020-05-07,3.700000,3.830000,3.650000,3.810000,3.641242,13929600
2020-05-08,3.900000,3.950000,3.810000,3.860000,3.689026,5700200
2020-05-11,3.820000,3.840000,3.630000,3.670000,3.507443,6973900
2020-05-12,3.700000,3.890000,3.700000,3.780000,3.612570,11194400
2020-05-13,3.750000,3.780000,3.480000,3.500000,3.344972,6482900
2020-05-14,3.400000,3.600000,3.180000,3.500000,3.344972,7220300
2020-05-15,3.530000,3.720000,3.490000,3.710000,3.545670,4399500
2020-05-18,3.910000,4.470000,3.900000,4.440000,4.243335,8081200
2020-05-19,4.300000,4.370000,3.990000,4.010000,3.832382,13493000
2020-05-20,4.160000,4.310000,4.100000,4.310000,4.119094,6177200
2020-05-21,4.350000,4.410000,4.150000,4.280000,4.090423,4803700
2020-05-22,4.170000,4.280000,4.120000,4.250000,4.061752,4247500
2020-05-26,4.410000,4.440000,4.320000,4.360000,4.166880,5240800
2020-05-27,4.410000,4.520000,4.240000,4.500000,4.300678,7330500
2020-05-28,4.480000,4.520000,4.350000,4.370000,4.176436,4503700
2020-05-29,4.300000,4.370000,4.200000,4.330000,4.138208,6034800
2020-06-01,4.300000,4.510000,4.210000,4.500000,4.300678,4459100
2020-06-02,4.600000,4.760000,4.550000,4.750000,4.539606,5554100
2020-06-03,4.830000,4.930000,4.760000,4.800000,4.587390,9011800
2020-06-04,4.740000,4.850000,4.700000,4.820000,4.606505,6093100
2020-06-05,5.110000,5.320000,5.110000,5.240000,5.007902,12533900
2020-06-08,5.570000,5.830000,5.420000,5.780000,5.523983,16317200
2020-06-09,5.620000,5.620000,5.300000,5.380000,5.141701,9174800
2020-06-10,5.310000,5.370000,5.020000,5.130000,4.902774,6888600
2020-06-11,4.490000,4.830000,4.460000,4.500000,4.300678,10022900
2020-06-12,4.760000,4.870000,4.460000,4.580000,4.377135,7922700
2020-06-15,4.250000,4.670000,4.250000,4.630000,4.424920,9755500
2020-06-16,4.910000,5.090000,4.780000,4.910000,4.692518,9257800
2020-06-17,4.830000,4.900000,4.570000,4.600000,4.396250,7253100
2020-06-18,4.500000,4.640000,4.370000,4.460000,4.262451,8032600
2020-06-19,4.610000,4.670000,4.500000,4.530000,4.329350,7444900
2020-06-22,4.550000,4.640000,4.440000,4.610000,4.405806,4144700
2020-06-23,4.700000,4.810000,4.670000,4.700000,4.491819,5276100
2020-06-24,4.590000,4.660000,4.480000,4.560000,4.358021,7554700
2020-06-25,4.480000,4.760000,4.460000,4.660000,4.453591,5091400
2020-06-26,4.560000,4.610000,4.360000,4.450000,4.252893,8620400
2020-06-29,4.470000,4.700000,4.400000,4.680000,4.472705,6554300
2020-06-30,4.640000,4.710000,4.490000,4.670000,4.463149,7617500
2020-07-01,4.700000,4.830000,4.600000,4.610000,4.405806,3474000
2020-07-02,4.750000,4.810000,4.640000,4.740000,4.530048,3681700
2020-07-06,4.860000,4.890000,4.640000,4.670000,4.463149,4760800
2020-07-07,4.600000,4.620000,4.450000,4.480000,4.281565,5701200
2020-07-08,4.500000,4.600000,4.420000,4.440000,4.243335,5105900
2020-07-09,4.440000,4.510000,4.240000,4.320000,4.128652,6690400
2020-07-10,4.280000,4.430000,4.280000,4.420000,4.224222,4037000
2020-07-13,4.420000,4.480000,4.230000,4.240000,4.052194,5982100
2020-07-14,4.260000,4.430000,4.140000,4.420000,4.224222,7520300
2020-07-15,4.530000,4.750000,4.530000,4.650000,4.444035,7112000
2020-07-16,4.620000,4.670000,4.510000,4.570000,4.367578,4139000
2020-07-17,4.600000,4.640000,4.460000,4.460000,4.262451,4166000
2020-07-20,4.450000,4.530000,4.330000,4.380000,4.185993,4887500
2020-07-21,4.520000,5.010000,4.520000,4.930000,4.711632,8382400
2020-07-22,4.870000,5.030000,4.740000,4.970000,4.749861,6936400
2020-07-23,4.870000,5.090000,4.830000,4.980000,4.759418,6376600
2020-07-24,4.960000,5.090000,4.930000,5.010000,4.788089,6847600
2020-07-27,5.030000,5.080000,4.950000,5.070000,4.845431,5008800
2020-07-28,5.050000,5.070000,4.680000,4.760000,4.549163,7776200
2020-07-29,4.780000,4.820000,4.670000,4.820000,4.606505,4109800
2020-07-30,4.670000,4.670000,4.500000,4.600000,4.396250,4271900
2020-07-31,4.570000,4.630000,4.430000,4.460000,4.262451,6317500
2020-08-03,4.500000,4.600000,4.440000,4.520000,4.319792,3257500
2020-08-04,4.460000,4.710000,4.450000,4.640000,4.434478,5213800
2020-08-05,4.790000,5.080000,4.780000,4.980000,4.759418,8948400
2020-08-06,4.950000,5.040000,4.890000,4.950000,4.730747,5457500
2020-08-07,4.890000,4.940000,4.820000,4.870000,4.654289,2931400
2020-08-10,4.940000,5.080000,4.900000,5.080000,4.854988,4648200
2020-08-11,5.220000,5.340000,5.030000,5.050000,4.826318,5837500
2020-08-12,5.220000,5.290000,5.130000,5.230000,4.998345,4290200
2020-08-13,5.190000,5.250000,5.050000,5.120000,4.893217,3468300
2020-08-14,5.060000,5.180000,5.020000,5.150000,4.921887,4160200
2020-08-17,5.150000,5.220000,5.110000,5.210000,4.979230,2778300
2020-08-18,5.240000,5.270000,5.020000,5.050000,4.826318,3055000
2020-08-19,5.040000,5.070000,4.950000,4.970000,4.749861,2317200
2020-08-20,4.880000,4.990000,4.820000,4.930000,4.711632,3168300
2020-08-21,4.870000,4.880000,4.620000,4.680000,4.472705,6100300
2020-08-24,4.760000,4.920000,4.680000,4.890000,4.673404,3113200
2020-08-25,4.970000,5.040000,4.870000,4.950000,4.730747,2736100
2020-08-26,4.970000,4.970000,4.780000,4.820000,4.606505,3604700
2020-08-27,4.820000,4.850000,4.680000,4.810000,4.596947,3583100
2020-08-28,4.850000,4.920000,4.780000,4.910000,4.692518,2222200
2020-08-31,4.890000,4.900000,4.710000,4.720000,4.510933,2920200
2020-09-01,4.710000,4.840000,4.650000,4.740000,4.530048,2883600
2020-09-02,4.780000,4.780000,4.640000,4.670000,4.463149,4192800
2020-09-03,4.650000,4.830000,4.600000,4.790000,4.577834,3590900
2020-09-04,4.790000,4.880000,4.610000,4.650000,4.444035,4546500
2020-09-08,4.500000,4.520000,4.170000,4.180000,3.994853,7198000
2020-09-09,4.260000,4.320000,4.210000,4.250000,4.061752,3237000
2020-09-10,4.230000,4.350000,4.040000,4.070000,3.889726,6819200
2020-09-11,4.070000,4.190000,4.010000,4.110000,3.927954,4581200
2020-09-14,4.130000,4.130000,3.950000,4.110000,3.927954,5612500
2020-09-15,4.150000,4.220000,4.090000,4.110000,3.927954,3357000
2020-09-16,4.150000,4.450000,4.140000,4.350000,4.157322,7169700
2020-09-17,4.250000,4.380000,4.150000,4.300000,4.109538,3358600
2020-09-18,4.290000,4.310000,4.150000,4.230000,4.042637,3270500
2020-09-21,4.120000,4.130000,3.930000,3.960000,3.784597,4440200
2020-09-22,3.970000,4.100000,3.920000,4.030000,3.851497,2823300
2020-09-23,4.030000,4.060000,3.810000,3.860000,3.689026,4973500
2020-09-24,3.820000,4.060000,3.730000,4.000000,3.822825,4474500
2020-09-25,3.950000,3.990000,3.810000,3.890000,3.717698,7794600
2020-09-28,3.990000,4.150000,3.930000,4.140000,3.956624,4552200
2020-09-29,4.110000,4.110000,3.860000,3.910000,3.736812,9909100
2020-09-30,3.910000,4.060000,3.890000,3.890000,3.717698,11231000
2020-10-01,3.810000,3.810000,3.580000,3.650000,3.488328,8666300
2020-10-02,3.460000,3.710000,3.430000,3.630000,3.469214,6075500
2020-10-05,3.720000,3.800000,3.600000,3.760000,3.593456,4707700
2020-10-06,3.810000,3.940000,3.750000,3.790000,3.622127,8232300
2020-10-07,3.810000,3.900000,3.770000,3.870000,3.698584,6686300
2020-10-08,3.950000,4.170000,3.910000,4.140000,3.956624,4593300
2020-10-09,4.210000,4.210000,4.000000,4.050000,3.870611,4508700
2020-10-12,4.040000,4.100000,3.970000,4.030000,3.851497,1702000
2020-10-13,4.000000,4.060000,3.900000,3.990000,3.813268,2972400
2020-10-14,3.980000,4.090000,3.900000,3.910000,3.736812,5134200
2020-10-15,3.790000,3.840000,3.690000,3.830000,3.660355,3510900
2020-10-16,3.820000,3.820000,3.630000,3.650000,3.488328,4842100
2020-10-19,3.690000,3.820000,3.650000,3.650000,3.488328,6717900
2020-10-20,3.690000,3.770000,3.620000,3.690000,3.526556,4646700
2020-10-21,3.640000,3.710000,3.580000,3.590000,3.430985,2986400
2020-10-22,3.620000,3.760000,3.540000,3.740000,3.574342,3805200
2020-10-23,3.790000,3.800000,3.630000,3.710000,3.545670,4561300
2020-10-26,3.360000,3.460000,3.150000,3.400000,3.249402,33619300
2020-10-27,3.500000,3.710000,3.490000,3.630000,3.469214,33127400
2020-10-28,3.550000,3.560000,3.420000,3.430000,3.278073,15447500
2020-10-29,3.300000,3.360000,3.160000,3.320000,3.172945,16915100
2020-10-30,3.240000,3.310000,3.200000,3.280000,3.134717,10784000
2020-11-02,3.340000,3.480000,3.250000,3.450000,3.297187,13447600
2020-11-03,3.550000,3.650000,3.500000,3.610000,3.450100,10277300
2020-11-04,3.640000,3.720000,3.450000,3.630000,3.469214,8733200
2020-11-05,3.640000,3.750000,3.610000,3.650000,3.488328,6904400
2020-11-06,3.610000,3.690000,3.570000,3.580000,3.421428,6858900
2020-11-09,4.020000,4.420000,4.010000,4.310000,4.119094,15338300
2020-11-10,4.370000,4.450000,4.190000,4.380000,4.185993,9489100
2020-11-11,4.420000,4.470000,4.370000,4.400000,4.205108,6080600
2020-11-12,4.320000,4.390000,4.040000,4.100000,3.918396,6935900
2020-11-13,4.100000,4.320000,4.100000,4.280000,4.090423,11185900
2020-11-16,4.550000,4.570000,4.450000,4.510000,4.310236,6248000
2020-11-17,4.480000,4.700000,4.420000,4.690000,4.482263,8171100
2020-11-18,4.820000,4.920000,4.640000,4.650000,4.444035,6576600
2020-11-19,4.600000,4.660000,4.540000,4.630000,4.424920,5938600
2020-11-20,4.620000,4.770000,4.550000,4.710000,4.501377,4886500
2020-11-23,4.840000,5.250000,4.780000,5.250000,5.017459,6651300
2020-11-24,5.500000,5.580000,5.350000,5.400000,5.160814,9089200
2020-11-25,5.340000,5.450000,5.230000,5.420000,5.179928,5851200
2020-11-27,5.330000,5.430000,5.280000,5.350000,5.113029,3749500
2020-11-30,5.300000,5.340000,4.960000,4.960000,4.740303,6998900
2020-12-01,5.090000,5.190000,4.950000,5.000000,4.778532,5753900
2020-12-02,4.990000,5.390000,4.940000,5.210000,4.979230,7456500
2020-12-03,5.270000,5.410000,5.150000,5.330000,5.093915,8869300
2020-12-04,5.470000,5.680000,5.440000,5.650000,5.399741,9707700
2020-12-07,5.610000,5.770000,5.460000,5.650000,5.399741,8308100
2020-12-08,5.600000,5.900000,5.600000,5.830000,5.571767,8424300
2020-12-09,5.940000,6.070000,5.710000,5.860000,5.600440,10487700
2020-12-10,5.860000,6.270000,5.860000,6.200000,5.925379,9531200
2020-12-11,6.260000,6.270000,6.080000,6.210000,5.934937,8235500
2020-12-14,6.370000,6.450000,6.040000,6.040000,5.772466,11485300
2020-12-15,6.100000,6.170000,6.000000,6.120000,5.848923,7698800
2020-12-16,6.100000,6.130000,5.830000,5.890000,5.629110,9057600
2020-12-17,5.970000,6.020000,5.820000,5.970000,5.705566,6354300
2020-12-18,5.980000,6.130000,5.880000,5.930000,5.667339,6953100
2020-12-21,5.550000,5.800000,5.470000,5.730000,5.476197,7129300
2020-12-22,5.670000,5.710000,5.530000,5.560000,5.313727,4966400
2020-12-23,5.650000,5.920000,5.630000,5.890000,5.629110,6410300
2020-12-24,5.900000,5.920000,5.770000,5.900000,5.638667,3587500
2020-12-28,5.930000,5.990000,5.730000,5.780000,5.523983,3024500
2020-12-29,5.900000,6.100000,5.830000,6.000000,5.734239,10072500
2020-12-30,6.000000,6.250000,6.000000,6.140000,5.868037,8145800
2020-12-31,6.140000,6.270000,6.030000,6.040000,5.772466,8346600
2021-01-04,6.140000,6.320000,6.110000,6.180000,5.906264,13539400
2021-01-05,6.300000,6.680000,6.270000,6.640000,6.345891,23123400
2021-01-06,6.710000,6.820000,6.540000,6.700000,6.403233,15871300
2021-01-07,6.790000,6.900000,6.710000,6.810000,6.508360,14426400
2021-01-08,6.900000,6.930000,6.490000,6.530000,6.240763,11051400
2021-01-11,6.330000,6.450000,6.250000,6.440000,6.154748,11977600
2021-01-12,6.520000,6.540000,6.350000,6.360000,6.078294,11130300
2021-01-13,6.370000,6.380000,6.140000,6.160000,5.887151,11391500
2021-01-14,6.250000,6.610000,6.180000,6.520000,6.231205,10271300
2021-01-15,6.490000,6.490000,6.120000,6.130000,5.858479,14182500
2021-01-19,6.150000,6.230000,6.060000,6.190000,5.915823,11646800
2021-01-20,6.240000,6.350000,6.170000,6.200000,5.925379,6292200
2021-01-21,6.220000,6.220000,5.940000,6.130000,5.858479,10275100
2021-01-22,5.950000,6.050000,5.810000,5.880000,5.619554,9623700
2021-01-25,5.810000,5.950000,5.700000,5.930000,5.667339,8309800
2021-01-26,6.010000,6.080000,5.670000,5.760000,5.504869,9277000
2021-01-27,5.650000,5.910000,5.560000,5.750000,5.495312,9098600
2021-01-28,5.830000,5.980000,5.710000,5.900000,5.638667,10647100
2021-01-29,5.860000,6.040000,5.810000,5.910000,5.648225,17257300
2021-02-01,6.030000,6.280000,5.940000,6.220000,5.944493,11736000
2021-02-02,6.440000,6.460000,6.170000,6.190000,5.915823,8807400
2021-02-03,6.250000,6.520000,6.210000,6.450000,6.164306,10756200
2021-02-04,6.550000,6.550000,6.210000,6.310000,6.030507,11873000
2021-02-05,6.430000,6.430000,6.240000,6.350000,6.068736,11333800
2021-02-08,6.460000,6.510000,6.340000,6.460000,6.173863,14296000
2021-02-09,6.350000,6.380000,6.070000,6.210000,5.934937,13933000
2021-02-10,6.280000,6.690000,6.230000,6.680000,6.384118,12555100
2021-02-11,6.700000,6.890000,6.530000,6.560000,6.269434,8038300
2021-02-12,6.490000,6.750000,6.470000,6.750000,6.451018,7171400
2021-02-16,6.940000,7.020000,6.790000,6.940000,6.632602,16949800
2021-02-17,6.930000,7.010000,6.690000,6.940000,6.632602,8123600
2021-02-18,6.900000,6.970000,6.780000,6.780000,6.479689,5883700
2021-02-19,6.840000,6.950000,6.800000,6.900000,6.594374,5119900
2021-02-22,6.930000,7.380000,6.910000,7.190000,6.871528,13256700
2021-02-23,7.180000,7.350000,6.930000,7.320000,6.995771,11104900
2021-02-24,7.320000,7.690000,7.260000,7.610000,7.272926,12489900
2021-02-25,7.670000,7.720000,7.370000,7.450000,7.120013,12734600
2021-02-26,7.270000,7.520000,7.100000,7.410000,7.081784,11566300
2021-03-01,7.570000,7.620000,7.350000,7.430000,7.100899,10609800
2021-03-02,7.460000,7.580000,7.390000,7.460000,7.129569,6676300
2021-03-03,7.520000,7.780000,7.480000,7.490000,7.158240,9080500
2021-03-04,7.550000,7.920000,7.360000,7.860000,7.511852,21203800
2021-03-05,8.100000,8.340000,7.970000,8.210000,7.846350,14815100
2021-03-08,8.350000,8.410000,8.030000,8.130000,7.769892,15723600
2021-03-09,8.130000,8.240000,7.940000,7.990000,7.636094,10916500
2021-03-10,8.050000,8.350000,7.970000,8.310000,7.941920,8896800
2021-03-11,8.420000,8.570000,8.390000,8.440000,8.066160,8918900
2021-03-12,8.410000,8.480000,8.280000,8.480000,8.117855,6699100
2021-03-15,8.470000,8.540000,8.300000,8.470000,8.108283,6653400
2021-03-16,8.400000,8.450000,8.150000,8.210000,7.859386,9664700
2021-03-17,8.150000,8.380000,8.080000,8.360000,8.002979,7377700
2021-03-18,8.220000,8.260000,7.780000,7.870000,7.533906,8945000
2021-03-19,7.930000,8.110000,7.730000,8.000000,7.658354,9909000
2021-03-22,8.060000,8.080000,7.810000,7.820000,7.486042,6936500
2021-03-23,7.570000,7.640000,7.380000,7.450000,7.131843,10025900
2021-03-24,7.610000,7.840000,7.590000,7.660000,7.332874,11702300
2021-03-25,7.490000,7.680000,7.330000,7.660000,7.332874,8373500
2021-03-26,7.780000,7.830000,7.630000,7.800000,7.466896,9271400
2021-03-29,7.750000,7.780000,7.530000,7.590000,7.265864,6368200
2021-03-30,7.520000,7.650000,7.500000,7.580000,7.256291,7599800
2021-03-31,7.610000,7.630000,7.470000,7.520000,7.198853,7761800
2021-04-01,7.560000,7.880000,7.470000,7.870000,7.533906,8782600
2021-04-05,7.850000,7.850000,7.500000,7.590000,7.265864,6870600
2021-04-06,7.640000,7.930000,7.630000,7.710000,7.380738,9146500
2021-04-07,7.710000,7.730000,7.540000,7.710000,7.380738,5110800
2021-04-08,7.690000,7.780000,7.550000,7.780000,7.447751,5108000
2021-04-09,7.740000,7.830000,7.590000,7.600000,7.275437,4861700
2021-04-12,7.690000,7.720000,7.540000,7.590000,7.265864,3609300
2021-04-13,7.550000,7.640000,7.540000,7.550000,7.227572,3823900
2021-04-14,7.620000,8.140000,7.620000,8.010000,7.667927,6697500
2021-04-15,8.070000,8.150000,7.970000,8.090000,7.744511,6794200
2021-04-16,8.150000,8.150000,7.920000,7.970000,7.629635,5824800
2021-04-19,8.040000,8.070000,7.830000,7.850000,7.514761,7101000
2021-04-20,7.810000,7.860000,7.310000,7.310000,6.997822,9910100
2021-04-21,7.170000,7.550000,7.160000,7.550000,7.227572,4973400
2021-04-22,7.540000,7.550000,7.300000,7.440000,7.122270,6156900
2021-04-23,7.540000,7.550000,7.400000,7.500000,7.179708,3676400
2021-04-26,7.500000,7.620000,7.480000,7.570000,7.246718,4271400
2021-04-27,7.610000,7.650000,7.380000,7.510000,7.189281,15886200
2021-04-28,7.550000,7.920000,7.510000,7.890000,7.553051,9316800
2021-04-29,8.050000,8.150000,7.840000,7.940000,7.600917,7005300
2021-04-30,7.840000,7.950000,7.740000,7.770000,7.438177,5724100
2021-05-03,7.860000,8.070000,7.770000,8.070000,7.725365,6590100
2021-05-04,8.060000,8.060000,7.570000,7.660000,7.332874,13651700
2021-05-05,7.580000,7.910000,7.580000,7.810000,7.476469,13423500
2021-05-06,7.870000,7.980000,7.670000,7.970000,7.629635,8344000
2021-05-07,7.980000,8.040000,7.850000,7.900000,7.562625,10932000
2021-05-10,8.050000,8.070000,7.640000,7.660000,7.332874,15257100
2021-05-11,7.500000,7.780000,7.340000,7.720000,7.390312,13598900
2021-05-12,7.760000,8.140000,7.760000,7.900000,7.562625,12848300
2021-05-13,7.800000,7.950000,7.550000,7.700000,7.371167,11529600
2021-05-14,7.800000,8.070000,7.800000,8.040000,7.696647,11819400
2021-05-17,8.020000,8.290000,7.970000,8.290000,7.935970,10833900
2021-05-18,8.290000,8.470000,8.080000,8.210000,7.859386,10739600
2021-05-19,8.060000,8.060000,7.810000,7.890000,7.553051,10443400
2021-05-20,7.890000,7.900000,7.690000,7.840000,7.505187,6759900
2021-05-21,7.970000,7.990000,7.770000,7.810000,7.476469,7595100
2021-05-24,7.940000,8.040000,7.760000,8.030000,7.687074,6112100
2021-05-25,7.950000,8.000000,7.730000,7.740000,7.409458,7256800
2021-05-26,7.730000,7.930000,7.710000,7.860000,7.524333,7453200
2021-05-27,7.920000,8.080000,7.890000,8.010000,7.667927,6589200
2021-05-28,8.040000,8.160000,7.940000,8.130000,7.782804,7114400
2021-06-01,8.550000,8.940000,8.480000,8.870000,8.491200,16016500
2021-06-02,8.990000,9.300000,8.880000,9.180000,8.787962,13364900
2021-06-03,9.140000,9.210000,9.030000,9.180000,8.787962,8094700
2021-06-04,9.300000,9.500000,9.210000,9.420000,9.017713,9810500
2021-06-07,9.440000,9.590000,9.260000,9.470000,9.065578,10041100
2021-06-08,9.510000,9.920000,9.470000,9.840000,9.419776,16015600
2021-06-09,9.920000,10.060000,9.770000,9.910000,9.486786,10877700
2021-06-10,10.100000,10.110000,9.760000,10.080000,9.649527,15343700
2021-06-11,10.110000,10.180000,9.940000,10.000000,9.572942,9249900
2021-06-14,10.050000,10.200000,9.980000,10.030000,9.615123,8669100
2021-06-15,10.110000,10.550000,10.110000,10.410000,9.979405,14069700
2021-06-16,10.410000,10.420000,10.050000,10.110000,9.691813,9918600
2021-06-17,10.070000,10.080000,9.510000,9.680000,9.279601,12389000
2021-06-18,9.480000,9.940000,9.370000,9.670000,9.270014,11414000
2021-06-21,9.790000,10.070000,9.630000,10.020000,9.605538,9445000
2021-06-22,9.990000,9.990000,9.740000,9.880000,9.471328,12154800
2021-06-23,9.990000,10.090000,9.770000,9.790000,9.385051,10045500
2021-06-24,9.800000,9.850000,9.660000,9.810000,9.404222,7174900
2021-06-25,9.880000,9.900000,9.720000,9.740000,9.337118,5911300
2021-06-28,9.700000,9.700000,9.340000,9.390000,9.001595,13763900
2021-06-29,9.500000,9.560000,9.380000,9.440000,9.049528,9661400
2021-06-30,9.490000,9.650000,9.490000,9.580000,9.183737,7657000
2021-07-01,9.900000,9.980000,9.740000,9.900000,9.490500,10901900
2021-07-02,9.780000,9.820000,9.540000,9.720000,9.317945,7302900
2021-07-06,9.680000,9.730000,9.220000,9.400000,9.011183,10518600
2021-07-07,9.360000,9.490000,9.040000,9.120000,8.742764,8942900
2021-07-08,8.870000,9.130000,8.780000,8.970000,8.598969,8737000
2021-07-09,9.110000,9.250000,8.970000,9.120000,8.742764,7317700
2021-07-12,8.970000,9.050000,8.850000,8.930000,8.560624,6279800
2021-07-13,8.880000,9.090000,8.750000,9.050000,8.675661,9332700
2021-07-14,9.090000,9.260000,8.600000,8.630000,8.273032,9813200
2021-07-15,8.500000,8.690000,8.400000,8.490000,8.138823,9893300
2021-07-16,8.610000,8.620000,8.070000,8.090000,7.755368,8892800
2021-07-19,7.760000,7.820000,7.530000,7.740000,7.419846,16184100
2021-07-20,7.710000,7.910000,7.520000,7.790000,7.467777,9102000
2021-07-21,8.000000,8.220000,7.920000,8.090000,7.755368,9532500
2021-07-22,8.150000,8.150000,7.900000,8.060000,7.726609,6149400
2021-07-23,8.110000,8.110000,7.940000,8.060000,7.726609,3978800
2021-07-26,7.970000,8.320000,7.970000,8.220000,7.879992,7431500
2021-07-27,8.170000,8.170000,7.880000,8.010000,7.678678,9997600
2021-07-28,8.020000,8.150000,7.890000,8.110000,7.774541,11756500
2021-07-29,8.250000,8.650000,8.240000,8.340000,7.995028,10227800
2021-07-30,8.300000,8.370000,8.110000,8.340000,7.995028,8750200
2021-08-02,8.330000,8.630000,8.140000,8.150000,7.812886,5168600
2021-08-03,8.100000,8.520000,8.050000,8.420000,8.071717,8886500
2021-08-04,8.280000,8.280000,7.810000,7.810000,7.486950,10408600
2021-08-05,8.000000,8.160000,7.930000,8.050000,7.717023,8837800
2021-08-06,8.140000,8.190000,8.040000,8.110000,7.774541,7364200
2021-08-09,7.950000,7.970000,7.760000,7.930000,7.601986,8340000
2021-08-10,7.980000,8.240000,7.960000,8.230000,7.889578,5194300
2021-08-11,8.220000,8.390000,8.150000,8.380000,8.033372,9624900
2021-08-12,8.380000,8.450000,8.210000,8.430000,8.081305,7589900
2021-08-13,8.410000,8.450000,8.200000,8.220000,7.879992,5114700
2021-08-16,8.100000,8.100000,7.820000,7.890000,7.563641,10700500
2021-08-17,7.800000,7.980000,7.670000,7.780000,7.458192,8899100
2021-08-18,7.850000,7.900000,7.640000,7.640000,7.323982,8480100
2021-08-19,7.450000,7.470000,7.200000,7.400000,7.093909,12202400
2021-08-20,7.290000,7.460000,7.260000,7.430000,7.122668,8973900
2021-08-23,7.670000,7.950000,7.630000,7.940000,7.611573,9643000
2021-08-24,8.040000,8.310000,7.970000,8.300000,7.956683,11001000
2021-08-25,8.300000,8.360000,8.200000,8.340000,7.995028,6065600
2021-08-26,8.270000,8.310000,8.110000,8.150000,7.812886,5646000
2021-08-27,8.260000,8.430000,8.230000,8.370000,8.023787,7115900
2021-08-30,8.420000,8.430000,8.230000,8.250000,7.908749,9505100
2021-08-31,8.210000,8.350000,8.130000,8.280000,7.937509,12772400
2021-09-01,8.340000,8.450000,8.290000,8.320000,7.975854,8526300
2021-09-02,8.450000,8.890000,8.410000,8.850000,8.483932,9043100
2021-09-03,8.790000,8.920000,8.710000,8.760000,8.397653,5269800
2021-09-07,8.660000,8.790000,8.550000,8.600000,8.244273,5740300
2021-09-08,8.660000,8.750000,8.370000,8.390000,8.042958,6117800
2021-09-09,8.300000,8.480000,8.240000,8.370000,8.023787,5870200
2021-09-10,8.540000,8.590000,8.370000,8.370000,8.023787,5703500
2021-09-13,8.540000,8.840000,8.510000,8.820000,8.455172,8176300
2021-09-14,8.910000,8.950000,8.490000,8.530000,8.190168,5170500
2021-09-15,8.760000,9.100000,8.720000,9.090000,8.727860,9036700
2021-09-16,9.030000,9.060000,8.810000,8.870000,8.516623,6114300
2021-09-17,8.800000,8.900000,8.620000,8.670000,8.324592,6752500
2021-09-20,8.300000,8.430000,8.180000,8.420000,8.084550,8315300
2021-09-21,8.540000,8.590000,8.310000,8.450000,8.113356,7318100
2021-09-22,8.700000,9.220000,8.660000,9.120000,8.756664,12318100
2021-09-23,9.250000,9.690000,9.170000,9.590000,9.207940,13064100
2021-09-24,9.510000,9.700000,9.370000,9.570000,9.188735,8893400
2021-09-27,9.840000,10.090000,9.780000,9.920000,9.524792,12255200
2021-09-28,10.060000,10.290000,9.820000,9.910000,9.515190,11704900
2021-09-29,9.900000,10.170000,9.760000,10.070000,9.668815,6898500
2021-09-30,10.050000,10.270000,9.890000,10.060000,9.659216,11983900
2021-10-01,10.090000,10.250000,9.990000,10.060000,9.659216,10618100
2021-10-04,10.260000,10.630000,10.260000,10.430000,10.014474,12504300
2021-10-05,10.600000,10.930000,10.460000,10.780000,10.350529,13057600
2021-10-06,10.550000,10.710000,10.320000,10.570000,10.148894,12407300
2021-10-07,10.630000,11.030000,10.410000,10.900000,10.465749,9928100
2021-10-08,11.090000,11.410000,11.070000,11.280000,10.830610,10005500
2021-10-11,11.740000,11.830000,11.430000,11.470000,11.013042,10819200
2021-10-12,11.400000,11.520000,11.150000,11.450000,10.993837,11895600
2021-10-13,11.290000,11.330000,11.080000,11.260000,10.811409,9970100
2021-10-14,11.530000,11.810000,11.430000,11.740000,11.272284,9022400
2021-10-15,11.900000,12.040000,11.640000,11.660000,11.195471,9136700
2021-10-18,11.800000,11.870000,11.390000,11.510000,11.051448,10376100
2021-10-19,11.520000,11.720000,11.370000,11.580000,11.118660,5568200
2021-10-20,11.420000,11.890000,11.420000,11.640000,11.176269,7632500
2021-10-21,11.540000,11.760000,11.400000,11.630000,11.166667,9975200
2021-10-22,11.690000,11.780000,11.440000,11.730000,11.262683,8365100
2021-10-25,11.900000,12.060000,11.850000,11.960000,11.483520,11317800
2021-10-26,12.020000,12.030000,11.780000,11.880000,11.406707,6826200
2021-10-27,11.710000,11.780000,11.490000,11.510000,11.051448,6286100
2021-10-28,11.530000,11.850000,11.450000,11.810000,11.339495,9824700
2021-10-29,11.850000,12.010000,11.670000,11.980000,11.502722,9396500
2021-11-01,12.140000,12.310000,12.000000,12.240000,11.752364,8641400
2021-11-02,12.100000,12.180000,11.860000,12.000000,11.521926,10050900
2021-11-03,12.120000,12.390000,11.920000,12.150000,11.665950,13767500
2021-11-04,12.340000,12.570000,12.160000,12.260000,11.771568,16262300
2021-11-05,12.450000,12.740000,12.120000,12.560000,12.059617,23106400
2021-11-08,12.660000,13.480000,12.600000,13.050000,12.530095,18450800
2021-11-09,13.140000,13.320000,12.900000,13.160000,12.635713,9508800
2021-11-10,13.100000,13.160000,12.560000,12.690000,12.184436,10041500
2021-11-11,12.690000,12.990000,12.690000,12.780000,12.270849,7466900
2021-11-12,12.610000,12.770000,12.560000,12.740000,12.232445,6459600
2021-11-15,12.590000,12.750000,12.260000,12.550000,12.050014,6907100
2021-11-16,12.600000,12.640000,12.320000,12.370000,11.877184,5253900
2021-11-17,12.250000,12.560000,12.180000,12.440000,11.944397,9653000
2021-11-18,12.420000,12.810000,12.420000,12.780000,12.270849,9187300
2021-11-19,12.360000,12.430000,11.980000,12.120000,11.637145,12118500
2021-11-22,12.070000,12.310000,11.860000,12.040000,11.560331,6562000
2021-11-23,12.310000,12.890000,12.250000,12.830000,12.318859,10931900
2021-11-24,12.610000,13.180000,12.590000,13.060000,12.539697,6898700
2021-11-26,11.920000,12.400000,11.750000,12.390000,11.896388,11369700
2021-11-29,12.740000,12.790000,12.210000,12.440000,11.944397,10473600
2021-11-30,12.000000,12.250000,11.700000,11.860000,11.387502,14493800
2021-12-01,12.370000,12.520000,11.760000,11.790000,11.320292,12924400
2021-12-02,11.710000,12.140000,11.470000,12.080000,11.598741,9182500
2021-12-03,12.330000,12.410000,11.720000,11.850000,11.377904,9010400
2021-12-06,12.030000,12.480000,11.890000,12.290000,11.800372,12554300
2021-12-07,12.640000,13.000000,12.630000,12.830000,12.318859,8121200
2021-12-08,12.910000,13.050000,12.460000,12.720000,12.213242,9265200
2021-12-09,12.550000,12.550000,12.220000,12.280000,11.790770,9109500
2021-12-10,12.440000,12.480000,12.080000,12.340000,11.848381,6247400
2021-12-13,12.140000,12.290000,11.900000,11.910000,11.435512,7873900
2021-12-14,11.720000,11.950000,11.700000,11.770000,11.326768,10137700
2021-12-15,11.630000,11.830000,11.190000,11.760000,11.317144,10942500
2021-12-16,11.890000,12.380000,11.770000,11.790000,11.346014,9326700
2021-12-17,11.540000,11.760000,11.270000,11.280000,10.855219,8271600
2021-12-20,10.830000,11.180000,10.720000,11.150000,10.730115,9446800
2021-12-21,11.450000,11.760000,11.370000,11.750000,11.307520,7724000
2021-12-22,11.730000,12.100000,11.570000,12.020000,11.567353,8466500
2021-12-23,12.070000,12.120000,11.950000,12.010000,11.557729,5346700
2021-12-27,12.000000,12.510000,11.830000,12.480000,12.010030,6765200
2021-12-28,12.550000,12.650000,12.350000,12.390000,11.923418,4785000
2021-12-29,12.200000,12.350000,12.050000,12.170000,11.711702,6839700
2021-12-30,12.260000,12.280000,12.080000,12.180000,11.721327,5798000
2021-12-31,12.160000,12.340000,12.150000,12.280000,11.817560,4503400
2022-01-03,12.320000,12.740000,12.270000,12.630000,12.154380,8269300
2022-01-04,12.590000,12.980000,12.590000,12.810000,12.327602,9534700
2022-01-05,12.930000,13.430000,12.930000,12.980000,12.491201,12695500
2022-01-06,13.400000,13.780000,13.260000,13.560000,13.049360,14026400
2022-01-07,13.630000,13.720000,13.440000,13.710000,13.193711,7669500
2022-01-10,13.650000,13.790000,13.360000,13.590000,13.078231,7433600
2022-01-11,13.850000,14.320000,13.730000,14.200000,13.665257,11359200
2022-01-12,14.390000,14.580000,14.300000,14.480000,13.934713,13264500
2022-01-13,14.440000,14.570000,14.160000,14.390000,13.848103,8987100
2022-01-14,14.380000,14.960000,14.320000,14.850000,14.290780,12908800
2022-01-18,15.110000,15.350000,14.530000,14.870000,14.310028,17440600
2022-01-19,15.070000,15.150000,14.660000,14.870000,14.310028,10682800
2022-01-20,14.680000,15.290000,14.630000,14.720000,14.165676,7414900
2022-01-21,14.520000,14.550000,13.890000,14.050000,13.520907,18188400
2022-01-24,13.470000,13.960000,13.010000,13.920000,13.395802,15841300
2022-01-25,13.820000,14.670000,13.560000,14.560000,14.011702,11874400
2022-01-26,14.920000,15.020000,14.300000,14.490000,13.944337,17851000
2022-01-27,14.760000,14.970000,14.260000,14.490000,13.944337,11670500
2022-01-28,14.560000,14.730000,14.150000,14.440000,13.896220,8855100
2022-01-31,14.460000,14.660000,14.280000,14.550000,14.002078,7286800
2022-02-01,14.500000,15.160000,14.430000,15.140000,14.569860,9813100
2022-02-02,15.210000,15.350000,14.940000,15.250000,14.675717,8838900
2022-02-03,15.130000,15.600000,14.990000,15.370000,14.791200,12055900
2022-02-04,15.630000,16.020000,15.430000,15.460000,14.877809,11816400
2022-02-07,15.400000,15.610000,15.120000,15.450000,14.868185,11016200
2022-02-08,14.590000,14.770000,14.060000,14.400000,13.857726,27671300
2022-02-09,14.450000,15.140000,14.360000,15.060000,14.492874,10467300
2022-02-10,14.940000,15.780000,14.910000,15.320000,14.743080,13001700
2022-02-11,15.450000,15.960000,15.420000,15.860000,15.262745,12954600
2022-02-14,15.820000,16.170000,15.560000,15.680000,15.089524,17801400
2022-02-15,15.360000,15.580000,15.220000,15.540000,14.954796,10739800
2022-02-16,15.750000,16.080000,15.430000,15.560000,14.974045,10544300
2022-02-17,15.500000,16.010000,15.450000,15.870000,15.272370,11076600
2022-02-18,15.660000,15.700000,15.280000,15.370000,14.791200,10745100
2022-02-22,15.860000,15.900000,15.150000,15.260000,14.685342,19582400
2022-02-23,15.420000,15.680000,15.020000,15.140000,14.569860,8146900
2022-02-24,15.310000,15.460000,14.680000,15.070000,14.502495,18571900
2022-02-25,15.190000,15.320000,14.980000,15.290000,14.714211,15476900
2022-02-28,15.340000,15.780000,15.260000,15.700000,15.108771,17743000
2022-03-01,15.960000,16.049999,15.380000,15.440000,14.858562,22640600
2022-03-02,15.910000,15.910000,15.540000,15.860000,15.262745,15875700
2022-03-03,15.740000,15.910000,15.280000,15.390000,14.810445,15915800
2022-03-04,15.370000,16.059999,15.220000,16.059999,15.455215,17809200
2022-03-07,16.340000,16.840000,15.940000,16.360001,15.743917,21324700
2022-03-08,16.700001,16.750000,15.880000,16.570000,15.946009,23576000
2022-03-09,16.129999,16.270000,15.530000,15.850000,15.253123,19159100
2022-03-10,16.000000,16.190001,15.790000,15.960000,15.358980,14160300
2022-03-11,15.870000,16.379999,15.870000,16.129999,15.522578,15876400
2022-03-14,15.760000,15.800000,14.820000,15.040000,14.473626,18084600
2022-03-15,14.340000,15.010000,14.180000,14.950000,14.387014,13597600
2022-03-16,15.250000,15.250000,14.610000,14.900000,14.338899,9482700
2022-03-17,15.390000,15.600000,15.190000,15.460000,14.877809,14113800
2022-03-18,15.410000,15.450000,15.260000,15.330000,14.752705,9265700
2022-03-21,15.670000,16.080000,15.530000,16.040001,15.435968,11425800
2022-03-22,16.010000,16.090000,15.800000,15.980000,15.378227,13548200
2022-03-23,16.350000,16.360001,16.059999,16.170000,15.561071,19488700
2022-03-24,16.219999,16.280001,15.940000,16.070000,15.464837,12413900
2022-03-25,16.020000,16.830000,15.920000,16.809999,16.176971,18317900
2022-03-28,16.260000,16.410000,15.980000,16.350000,15.734293,11351400
2022-03-29,15.910000,16.770000,15.750000,16.719999,16.090357,11684600
2022-03-30,16.920000,17.209999,16.639999,16.680000,16.051867,8907500
2022-03-31,16.500000,16.910000,16.450001,16.680000,16.051867,11484700
2022-04-01,16.670000,17.230000,16.610001,16.940001,16.302074,6491200
2022-04-04,17.200001,17.370001,16.950001,17.309999,16.658144,7765500
2022-04-05,17.420000,17.780001,17.070000,17.080000,16.436800,13494900
2022-04-06,17.270000,17.430000,16.219999,16.450001,15.830526,11004800
2022-04-07,16.600000,16.820000,16.240000,16.790001,16.157722,13437300
2022-04-08,16.820000,17.660000,16.790001,17.559999,16.898724,12576000
2022-04-11,17.250000,17.260000,16.450001,16.469999,15.849773,11596800
2022-04-12,16.920000,17.410000,16.870001,17.070000,16.427179,11807100
2022-04-13,17.370001,17.610001,17.200001,17.500000,16.840986,10366300
2022-04-14,17.459999,17.719999,17.219999,17.469999,16.812119,6002200
2022-04-18,17.660000,18.320000,17.660000,18.120001,17.437641,9020200
2022-04-19,17.940001,18.340000,17.740000,17.950001,17.274046,6651600
2022-04-20,18.100000,18.389999,17.879999,18.250000,17.562746,7278100
2022-04-21,18.379999,18.440001,17.290001,17.420000,16.764000,9993700
2022-04-22,17.250000,17.510000,17.010000,17.260000,16.610025,14031400
2022-04-25,16.270000,16.629999,15.840000,16.450001,15.830526,14423400
2022-04-26,16.590000,16.950001,16.309999,16.469999,15.849773,10800700
2022-04-27,17.100000,18.209999,16.510000,18.160000,17.476133,20056500
2022-04-28,18.240000,19.580000,18.110001,19.410000,18.679062,16067600
2022-04-29,19.400000,19.650000,18.340000,18.480000,17.784082,14719300
2022-05-02,18.200001,18.480000,17.850000,18.440001,17.745588,10025800
2022-05-03,18.379999,19.400000,18.379999,19.340000,18.611696,11720500
2022-05-04,19.690001,20.200001,19.480000,20.170000,19.410440,13225100
2022-05-05,20.280001,20.450001,19.530001,20.160000,19.400818,12712000
2022-05-06,20.360001,20.469999,19.780001,20.400000,19.631781,10800600
2022-05-09,19.750000,19.860001,18.500000,18.709999,18.005423,20853200
2022-05-10,18.990000,19.320000,18.270000,18.959999,18.246004,17436400
2022-05-11,19.299999,20.000000,19.170000,19.340000,18.611696,12156400
2022-05-12,19.110001,19.260000,18.410000,19.110001,18.390360,16379600
2022-05-13,19.500000,20.290001,19.500000,20.129999,19.371946,12480700
2022-05-16,20.209999,20.799999,20.209999,20.629999,19.853115,10077200
2022-05-17,20.959999,21.120001,20.740000,21.059999,20.266926,7313700
2022-05-18,21.219999,21.250000,20.559999,20.740000,19.958977,9538100
2022-05-19,20.299999,21.290001,20.280001,21.120001,20.324667,9774800
2022-05-20,21.330000,21.730000,20.889999,21.360001,20.555626,8281800
2022-05-23,21.580000,22.139999,21.490000,21.889999,21.065672,8339600
2022-05-24,21.670000,21.830000,21.240000,21.670000,20.853952,7681800
2022-05-25,21.760000,22.020000,21.670000,21.910000,21.084915,7009700
2022-05-26,22.120001,22.200001,21.900000,22.049999,21.219643,7163600
2022-05-27,22.049999,22.709999,21.959999,22.670000,21.816296,6158200
2022-05-31,23.590000,23.910000,23.020000,23.170000,22.297466,15102300
2022-06-01,23.400000,23.990000,23.150000,23.850000,22.951860,8837200
2022-06-02,23.620001,24.110001,23.500000,23.860001,22.961479,8708900
2022-06-03,23.850000,24.139999,23.770000,23.990000,23.086588,7054000
2022-06-06,24.309999,24.410000,23.750000,23.879999,22.980732,8442400
2022-06-07,23.750000,24.860001,23.700001,24.709999,23.779472,10538900
2022-06-08,24.840000,24.910000,24.320000,24.530001,23.606253,7903000
2022-06-09,24.309999,24.549999,24.070000,24.150000,23.240561,5648000
2022-06-10,23.850000,23.990000,23.170000,23.530001,22.643911,7203500
2022-06-13,22.620001,23.010000,21.940001,22.520000,21.671947,13044200
2022-06-14,22.889999,23.100000,21.870001,22.180000,21.421801,9444500
2022-06-15,22.049999,22.160000,21.100000,21.480000,20.745728,9391900
2022-06-16,20.660000,20.879999,20.000000,20.070000,19.383926,14087800
2022-06-17,19.639999,20.070000,18.209999,19.030001,18.379478,18543200
2022-06-21,19.820000,20.290001,19.680000,20.090000,19.403244,11184600
2022-06-22,18.570000,19.680000,18.410000,19.410000,18.746489,12509300
2022-06-23,19.490000,19.590000,17.719999,17.799999,17.191519,18581400
2022-06-24,18.250000,19.200001,18.059999,18.830000,18.186316,12161400
2022-06-27,19.150000,19.740000,18.860001,19.590000,18.920334,7540700
2022-06-28,20.420000,20.540001,19.830000,20.320000,19.625380,9865900
2022-06-29,20.580000,20.770000,19.270000,19.370001,18.707853,6847100
2022-06-30,18.770000,19.120001,18.219999,19.010000,18.360163,9276900
2022-07-01,19.139999,19.330000,18.180000,18.950001,18.302216,8565000
2022-07-05,18.340000,18.340000,16.920000,17.639999,17.036991,12347500
2022-07-06,17.379999,17.920000,16.370001,17.180000,16.592718,12656800
2022-07-07,17.820000,18.270000,17.760000,18.110001,17.490931,12129000
2022-07-08,18.440001,18.490000,17.740000,18.020000,17.404003,7644400
2022-07-11,17.780001,17.920000,17.180000,17.480000,16.882462,9732300
2022-07-12,16.840000,17.100000,16.490000,16.700001,16.129128,9364600
2022-07-13,16.480000,16.820000,16.299999,16.450001,15.887671,10402900
2022-07-14,15.790000,15.940000,15.200000,15.850000,15.308184,15478600
2022-07-15,16.230000,16.440001,15.960000,16.299999,15.742799,7174200
2022-07-18,16.820000,17.309999,16.740000,16.820000,16.245024,12103400
2022-07-19,16.809999,17.620001,16.799999,17.580000,16.979044,9000900
2022-07-20,17.389999,17.799999,17.209999,17.750000,17.143234,6162500
2022-07-21,17.160000,17.340000,16.680000,17.330000,16.737591,8462700
2022-07-22,17.450001,17.610001,16.840000,16.889999,16.312634,6741700
2022-07-25,17.190001,17.889999,17.010000,17.690001,17.085285,8659300
2022-07-26,17.900000,18.070000,17.370001,17.510000,16.911436,8741600
2022-07-27,17.650000,18.559999,17.580000,18.440001,17.809647,14440000
2022-07-28,18.990000,19.170000,18.020000,19.170000,18.514694,18706100
2022-07-29,19.590000,19.629999,18.950001,19.080000,18.427769,13527300
2022-08-01,18.670000,18.790001,18.230000,18.570000,17.935200,8956500
2022-08-02,18.520000,18.790001,18.219999,18.530001,17.896570,8099300
2022-08-03,18.780001,18.910000,17.420000,17.430000,16.834169,8474500
2022-08-04,17.299999,17.330000,16.040001,16.100000,15.549636,14799500
2022-08-05,15.900000,16.620001,15.800000,16.430000,15.868355,13564100
2022-08-08,16.450001,17.270000,16.450001,17.100000,16.515455,14908400
2022-08-09,17.340000,17.549999,16.850000,17.040001,16.457502,10629800
2022-08-10,17.129999,17.469999,16.719999,17.330000,16.737591,7470300
2022-08-11,17.740000,18.680000,17.680000,18.559999,17.925545,10298400
2022-08-12,18.350000,18.690001,18.090000,18.680000,18.041443,6231700
2022-08-15,17.790001,18.299999,17.540001,18.059999,17.442636,8421000
2022-08-16,18.219999,18.379999,17.600000,17.719999,17.114258,9114700
2022-08-17,17.580000,18.129999,17.540001,17.930000,17.317080,6820000
2022-08-18,18.280001,18.719999,18.260000,18.660000,18.022127,8579800
2022-08-19,18.469999,18.490000,18.160000,18.190001,17.568195,6483100
2022-08-22,17.940001,18.400000,17.600000,18.320000,17.693750,6751200
2022-08-23,18.709999,19.180000,18.650000,19.110001,18.456745,10833900
2022-08-24,19.110001,19.510000,19.100000,19.480000,18.814095,6059600
2022-08-25,19.670000,19.990000,19.540001,19.700001,19.026575,5717100
2022-08-26,19.700001,19.760000,19.139999,19.299999,18.640247,6013500
2022-08-29,19.290001,19.969999,19.160000,19.870001,19.190763,5776500
2022-08-30,19.500000,19.570000,18.790001,18.820000,18.176659,6479000
2022-08-31,18.389999,19.100000,18.180000,18.760000,18.118708,5932100
2022-09-01,18.379999,18.450001,17.959999,18.290001,17.664774,8740900
2022-09-02,18.940001,19.309999,18.660000,18.930000,18.282896,4736900
2022-09-06,19.160000,19.270000,18.200001,18.230000,17.606825,5920100
2022-09-07,17.799999,17.990000,17.330000,17.610001,17.008018,11112700
2022-09-08,17.620001,17.830000,17.360001,17.730000,17.123915,5561500
2022-09-09,18.240000,18.590000,18.240000,18.430000,17.799988,4356100
2022-09-12,18.770000,18.969999,18.580000,18.780001,18.138025,4142500
2022-09-13,18.330000,18.770000,18.299999,18.469999,17.838621,6602100
2022-09-14,18.740000,19.670000,18.690001,19.420000,18.837738,6486800
2022-09-15,18.910000,19.280001,18.680000,18.809999,18.246027,6888500
2022-09-16,18.450001,18.670000,17.930000,18.540001,17.984125,8494500
2022-09-19,17.879999,18.770000,17.860001,18.750000,18.187828,5127100
2022-09-20,18.629999,18.730000,18.000000,18.350000,17.799822,4923300
2022-09-21,18.709999,18.830000,17.629999,17.639999,17.111105,8949200
2022-09-22,18.000000,18.129999,17.070000,17.080000,16.567894,5887400
2022-09-23,16.250000,16.299999,15.360000,15.450000,14.986769,12190800
2022-09-26,15.400000,15.480000,14.440000,14.600000,14.162254,11017500
2022-09-27,15.010000,15.270000,14.580000,14.850000,14.404758,13019900
2022-09-28,15.090000,15.720000,14.800000,15.610000,15.141973,11009800
2022-09-29,15.460000,15.640000,14.910000,15.590000,15.122573,6675500
2022-09-30,15.420000,15.770000,15.160000,15.370000,14.909169,7920600
2022-10-03,16.209999,16.590000,16.139999,16.410000,15.917985,6914400
2022-10-04,16.840000,17.340000,16.670000,17.320000,16.800699,11899200
2022-10-05,17.270000,18.180000,16.770000,18.010000,17.470013,8510900
2022-10-06,17.709999,18.670000,17.700001,18.620001,18.061728,9712800
2022-10-07,18.700001,19.309999,18.389999,18.600000,18.042326,12632600
2022-10-10,18.510000,18.639999,17.500000,17.670000,17.140207,7589500
2022-10-11,17.240000,17.809999,17.100000,17.120001,16.606699,8669500
2022-10-12,16.969999,17.450001,16.320000,17.160000,16.645498,8501800
2022-10-13,16.750000,18.049999,16.660000,17.770000,17.237209,6769800
2022-10-14,17.530001,17.950001,16.540001,16.580000,16.082888,10560900
2022-10-17,17.000000,17.490000,16.930000,16.950001,16.441795,4615400
2022-10-18,17.129999,17.299999,16.340000,17.080000,16.567894,10122700
2022-10-19,17.090000,17.790001,16.870001,17.740000,17.208109,8085800
2022-10-20,18.049999,18.629999,18.000000,18.299999,17.751318,8845700
2022-10-21,18.350000,18.950001,18.150000,18.889999,18.323627,7753300
2022-10-24,18.719999,19.350000,18.540001,19.090000,18.517632,7817200
2022-10-25,19.110001,19.670000,19.020000,19.510000,18.925039,7976800
2022-10-26,19.639999,20.150000,19.570000,19.980000,19.380947,6964300
2022-10-27,20.260000,20.530001,19.910000,20.150000,19.545853,7307000
2022-10-28,20.209999,20.290001,19.549999,19.980000,19.380947,6868700
2022-10-31,19.690001,20.639999,19.660000,20.200001,19.594353,10157100
2022-11-01,20.680000,20.799999,20.420000,20.510000,19.895056,7133600
2022-11-02,20.190001,21.389999,19.500000,20.290001,19.681654,15351400
2022-11-03,19.840000,21.309999,19.700001,20.969999,20.341265,11176500
2022-11-04,21.900000,22.180000,20.700001,21.150000,20.515867,9138100
2022-11-07,21.299999,21.830000,20.980000,21.180000,20.544968,8375400
2022-11-08,21.299999,21.809999,21.120001,21.330000,20.690472,9778200
2022-11-09,21.000000,21.010000,19.870001,20.000000,19.400347,8057200
2022-11-10,20.740000,21.010000,20.420000,20.870001,20.244263,7627900
2022-11-11,21.459999,22.020000,21.379999,21.610001,20.962078,5757800
2022-11-14,21.469999,21.690001,21.180000,21.190001,20.554668,6319800
2022-11-15,21.389999,21.790001,21.110001,21.500000,20.855373,5837400
2022-11-16,21.309999,21.389999,21.049999,21.049999,20.418865,4310700
2022-11-17,20.530001,20.660000,20.030001,20.639999,20.103292,3994300
2022-11-18,19.950001,20.389999,19.690001,20.250000,19.723434,5499100
2022-11-21,19.600000,19.850000,18.559999,19.740000,19.226694,9858200
2022-11-22,20.139999,20.639999,19.990000,20.520000,19.986414,5917300
2022-11-23,20.160000,20.410000,20.070000,20.260000,19.733175,3139500
2022-11-25,20.330000,20.410000,20.080000,20.110001,19.587074,1769300
2022-11-28,19.330000,19.969999,19.190001,19.559999,19.051376,7967800
2022-11-29,19.969999,20.629999,19.830000,20.370001,19.840315,9961100
2022-11-30,20.799999,20.920000,19.860001,19.889999,19.372797,6120900
2022-12-01,20.200001,20.370001,19.610001,19.650000,19.139038,4093000
2022-12-02,19.590000,20.170000,19.469999,19.940001,19.421495,4980900
2022-12-05,20.299999,20.370001,19.120001,19.160000,18.661777,6098400
2022-12-06,19.049999,19.580000,18.360001,18.430000,17.950762,8083800
2022-12-07,18.389999,18.700001,18.059999,18.290001,17.814402,7714100
2022-12-08,18.840000,18.940001,17.990000,18.020000,17.551422,5689000
2022-12-09,18.010000,18.100000,17.660000,17.719999,17.259222,7462500
2022-12-12,17.790001,18.209999,17.610001,17.830000,17.366364,5218800
2022-12-13,18.340000,18.580000,18.150000,18.400000,17.921541,3964200
2022-12-14,18.400000,18.670000,18.049999,18.480000,18.076088,4413300
2022-12-15,18.330000,18.370001,17.790001,18.209999,17.811989,3233600
2022-12-16,17.780001,17.930000,17.410000,17.700001,17.313135,5099400
2022-12-19,17.910000,18.020000,17.540001,17.820000,17.430513,5626100
2022-12-20,17.780001,18.400000,17.780001,18.370001,17.968491,6827500
2022-12-21,18.750000,19.090000,18.549999,19.059999,18.643410,3789000
2022-12-22,19.059999,19.160000,18.209999,18.450001,18.046745,3503800
2022-12-23,18.700001,19.340000,18.580000,19.299999,18.878164,3911900
2022-12-27,19.430000,19.809999,19.190001,19.690001,19.259642,2897600
2022-12-28,19.570000,19.600000,18.680000,18.790001,18.379313,3496700
2022-12-29,18.680000,19.450001,18.660000,19.299999,18.878164,2741700
2022-12-30,19.100000,19.610001,19.100000,19.410000,18.985760,3397000
2023-01-03,19.120001,19.320000,17.940001,18.250000,17.851114,7047100
2023-01-04,17.969999,18.500000,17.850000,18.129999,17.733736,6976100
2023-01-05,18.020000,18.420000,17.790001,18.389999,17.988052,3980600
2023-01-06,18.629999,19.100000,18.620001,18.879999,18.467344,5927000
2023-01-09,19.350000,19.400000,18.920000,19.010000,18.594503,6610400
2023-01-10,19.059999,19.160000,18.530001,18.740000,18.330404,4758400
2023-01-11,18.950001,18.990000,18.100000,18.450001,18.046745,8944900
2023-01-12,18.680000,19.350000,18.620001,19.309999,18.887945,6484900
2023-01-13,19.280001,19.389999,19.020000,19.330000,18.907509,4861300
2023-01-17,19.389999,19.450001,18.600000,19.160000,18.741224,9667400
2023-01-18,19.400000,19.719999,18.430000,18.530001,18.124994,12056000
2023-01-19,18.559999,18.990000,18.180000,18.850000,18.438000,8987400
2023-01-20,18.900000,19.190001,18.610001,19.040001,18.623848,6677300
2023-01-23,19.200001,19.240000,18.920000,19.200001,18.780350,7371100
2023-01-24,19.240000,19.260000,18.910000,19.080000,18.662973,4989900
2023-01-25,19.000000,19.299999,18.570000,19.129999,18.711880,4025200
2023-01-26,19.510000,20.170000,19.070000,20.160000,19.719368,6363900
2023-01-27,20.160000,21.049999,20.100000,20.400000,19.954123,9150900
2023-01-30,20.090000,20.400000,19.750000,19.760000,19.328112,5686500
2023-01-31,19.610001,20.120001,19.379999,19.980000,19.543299,6400700
2023-02-01,19.850000,20.000000,18.959999,19.250000,18.829258,6009100
2023-02-02,19.240000,19.290001,18.150000,18.410000,18.007614,9927400
2023-02-03,18.430000,19.180000,18.379999,18.650000,18.242371,7691700
2023-02-06,18.639999,18.760000,18.320000,18.629999,18.222807,4555300
2023-02-07,18.790001,19.500000,18.580000,19.459999,19.034666,5762800
2023-02-08,19.500000,19.809999,19.299999,19.500000,19.073793,4924100
2023-02-09,19.500000,19.799999,19.290001,19.330000,18.907509,5226900
2023-02-10,19.780001,20.209999,19.760000,20.070000,19.631332,5398600
2023-02-13,19.990000,20.059999,19.740000,19.889999,19.455269,6111000
2023-02-14,19.809999,20.170000,19.500000,19.920000,19.484613,5258300
2023-02-15,19.520000,19.770000,19.020000,19.400000,18.975979,8124300
2023-02-16,18.600000,19.260000,17.639999,18.459999,18.056524,16569100
2023-02-17,18.180000,18.510000,17.780001,18.180000,17.782644,10380800
2023-02-21,18.139999,18.770000,18.129999,18.430000,18.027182,7976500
2023-02-22,18.320000,18.580000,17.770000,17.900000,17.508764,7210200
2023-02-23,18.320000,18.400000,17.750000,18.049999,17.655483,4645700
2023-02-24,17.830000,18.230000,17.570000,18.219999,17.821768,6073800
2023-02-27,18.260000,18.660000,18.240000,18.580000,18.173901,4100000
2023-02-28,18.730000,18.820000,18.360001,18.440001,18.036963,5949600
2023-03-01,18.370001,18.660000,18.180000,18.610001,18.203247,6735400
2023-03-02,18.530001,19.150000,18.469999,19.080000,18.662973,5672100
2023-03-03,18.840000,19.490000,18.730000,19.360001,18.936853,5000600
2023-03-06,19.190001,19.430000,19.059999,19.180000,18.760788,5201800
2023-03-07,19.120001,19.219999,18.450001,18.540001,18.134775,4243400
2023-03-08,18.440001,19.000000,18.290001,18.469999,18.066307,5602600
2023-03-09,18.610001,19.190001,18.490000,18.580000,18.173901,9048400
2023-03-10,18.610001,18.840000,18.230000,18.350000,17.948929,5894000
2023-03-13,17.850000,18.090000,17.250000,17.260000,16.882751,11262500
2023-03-14,17.219999,17.790001,16.850000,16.990000,16.692154,9573300
2023-03-15,16.240000,16.240000,15.070000,15.810000,15.532839,14969200
2023-03-16,15.410000,16.190001,15.190000,15.910000,15.631086,7585200
2023-03-17,15.690000,15.830000,15.250000,15.530000,15.257748,16917500
2023-03-20,15.550000,16.250000,15.350000,16.209999,15.925825,8931800
2023-03-21,16.590000,17.270000,16.580000,16.879999,16.584082,7718700
2023-03-22,16.980000,17.100000,16.549999,16.559999,16.269690,5043500
2023-03-23,16.740000,16.980000,15.580000,15.730000,15.454241,10064700
2023-03-24,15.420000,15.600000,14.980000,15.530000,15.257748,9024600
2023-03-27,15.790000,16.330000,15.670000,16.250000,15.965126,7678400
2023-03-28,16.190001,16.930000,16.180000,16.750000,16.456362,7478700
2023-03-29,16.920000,17.230000,16.910000,17.129999,16.829697,5683500
2023-03-30,17.379999,17.530001,17.139999,17.330000,17.026194,4952000
2023-03-31,17.420000,17.520000,17.260000,17.459999,17.153912,6538700
2023-04-03,18.500000,19.150000,18.500000,19.020000,18.686565,13174200
2023-04-04,19.100000,19.230000,18.379999,18.629999,18.303402,9526300
2023-04-05,18.660000,18.700001,18.070000,18.379999,18.057783,7738800
2023-04-06,18.299999,18.299999,17.719999,17.780001,17.468304,8171600
2023-04-10,17.799999,18.000000,17.650000,17.780001,17.468304,6597600
2023-04-11,17.879999,18.090000,17.790001,18.030001,17.713923,5872300
2023-04-12,18.180000,18.180000,17.850000,18.059999,17.743395,7836200
2023-04-13,18.120001,18.120001,17.770000,17.850000,17.537077,8540400
2023-04-14,17.680000,17.900000,17.299999,17.540001,17.232512,11759700
2023-04-17,17.490000,17.799999,17.330000,17.700001,17.389706,8601300
2023-04-18,17.740000,18.059999,17.670000,17.930000,17.615673,12881000
2023-04-19,17.660000,17.780001,17.420000,17.770000,17.458479,14391600
2023-04-20,17.450001,17.850000,17.450001,17.730000,17.419180,9757200
2023-04-21,17.790001,17.889999,17.410000,17.500000,17.193211,8549500
2023-04-24,17.500000,17.879999,17.400000,17.879999,17.566551,6172900
2023-04-25,17.540001,17.580000,16.940001,17.010000,16.711803,9110600
2023-04-26,16.540001,17.580000,16.219999,16.350000,16.063372,10636400
2023-04-27,16.340000,16.719999,16.010000,16.100000,15.817755,8809600
2023-04-28,16.139999,16.870001,15.980000,16.799999,16.505484,7454200
2023-05-01,16.580000,16.920000,16.410000,16.459999,16.171444,7577900
2023-05-02,16.139999,16.170000,15.130000,15.460000,15.188975,11979200
2023-05-03,15.220000,15.380000,14.970000,15.150000,14.884409,11286400
2023-05-04,15.180000,15.360000,14.990000,15.250000,14.982656,8802300
2023-05-05,15.700000,16.110001,15.700000,15.920000,15.640910,5747600
2023-05-08,16.299999,16.430000,16.080000,16.230000,15.945476,5850700
2023-05-09,16.020000,16.610001,15.930000,16.450001,16.161619,7038400
2023-05-10,16.600000,16.600000,16.090000,16.250000,15.965126,6993300
2023-05-11,15.950000,16.129999,15.750000,15.870000,15.591787,6940000
2023-05-12,15.960000,16.059999,15.690000,15.860000,15.581962,5445100
2023-05-15,15.990000,16.410000,15.990000,16.230000,15.945476,5513900
2023-05-16,16.160000,16.430000,15.820000,15.890000,15.611437,4320700
2023-05-17,16.180000,16.260000,15.770000,16.190001,15.906177,4396800
2023-05-18,16.080000,16.480000,15.920000,16.430000,16.141970,6901600
2023-05-19,16.600000,16.660000,16.200001,16.510000,16.220568,6196100
2023-05-22,16.500000,16.790001,16.389999,16.590000,16.299166,5340600
2023-05-23,16.730000,16.990000,16.600000,16.670000,16.377762,5670700
2023-05-24,16.750000,17.020000,16.629999,16.850000,16.554607,5910000
2023-05-25,16.650000,16.700001,16.350000,16.389999,16.102671,10071100
2023-05-26,16.570000,16.780001,16.440001,16.680000,16.387589,4159800
2023-05-30,16.360001,16.450001,16.080000,16.340000,16.053549,5798400
2023-05-31,15.960000,16.120001,15.770000,15.980000,15.699859,7027100
2023-06-01,16.030001,16.590000,15.960000,16.500000,16.210743,8593000
2023-06-02,16.870001,17.120001,16.780001,16.990000,16.692154,7035800
2023-06-05,17.330000,17.420000,16.900000,17.040001,16.741276,8267500
2023-06-06,16.950001,17.490000,16.840000,17.450001,17.144089,7095400
2023-06-07,17.620001,18.110001,17.530001,17.600000,17.291460,14618900
2023-06-08,17.530001,17.680000,17.020000,17.320000,17.016367,8744800
2023-06-09,17.340000,17.719999,17.219999,17.389999,17.085138,6570100
2023-06-12,17.000000,17.129999,16.620001,16.690001,16.397413,7883800
2023-06-13,17.090000,17.450001,16.940001,16.959999,16.662680,7396900
2023-06-14,17.320000,17.350000,16.410000,16.620001,16.430361,7940000
2023-06-15,16.690001,17.209999,16.660000,16.959999,16.766479,6028700
2023-06-16,17.000000,17.020000,16.620001,16.650000,16.460018,7694600
2023-06-20,16.520000,16.620001,16.100000,16.400000,16.212870,8993200
2023-06-21,16.400000,16.889999,16.299999,16.830000,16.637964,6127500
2023-06-22,16.590000,16.590000,16.309999,16.320000,16.133783,4372800
2023-06-23,16.000000,16.190001,15.900000,16.040001,15.856978,4049000
2023-06-26,16.059999,16.610001,16.010000,16.530001,16.341387,3656800
2023-06-27,16.450001,16.559999,16.270000,16.459999,16.272186,4022600
2023-06-28,16.350000,16.629999,16.180000,16.580000,16.390816,3977300
2023-06-29,16.639999,16.860001,16.490000,16.719999,16.529217,4061500
2023-06-30,16.799999,17.129999,16.700001,16.980000,16.786251,4478500
2023-07-03,17.139999,17.410000,17.090000,17.209999,17.013626,2538300
2023-07-05,17.260000,17.330000,17.100000,17.200001,17.003742,4835100
2023-07-06,16.920000,17.080000,16.549999,16.809999,16.618191,5124200
2023-07-07,16.750000,17.450001,16.700001,17.320000,17.122372,6366800
2023-07-10,17.320000,17.490000,17.219999,17.389999,17.191574,4194000
2023-07-11,17.559999,17.760000,17.379999,17.680000,17.478264,5205200
2023-07-12,17.980000,18.059999,17.379999,17.450001,17.250891,7626100
2023-07-13,17.500000,17.719999,17.360001,17.709999,17.507921,5973300
2023-07-14,17.680000,17.709999,17.219999,17.250000,17.053173,6175200
2023-07-17,17.190001,17.270000,16.870001,16.900000,16.707165,7115000
2023-07-18,16.900000,17.299999,16.850000,17.190001,16.993856,7747500
2023-07-19,17.280001,17.450001,16.920000,17.100000,16.904884,8952200
2023-07-20,17.280001,17.440001,16.860001,17.120001,16.924656,8898300
2023-07-21,17.190001,17.469999,17.070000,17.420000,17.221233,7574600
2023-07-24,17.500000,18.120001,17.450001,17.940001,17.735298,6048600
2023-07-25,17.950001,18.350000,17.900000,18.139999,17.933016,8024000
2023-07-26,18.049999,18.180000,17.860001,18.059999,17.853930,7517300
2023-07-27,18.150000,18.969999,17.870001,18.459999,18.249365,16734100
2023-07-28,18.530001,18.930000,18.209999,18.889999,18.674458,7644400
2023-07-31,19.070000,19.469999,19.000000,19.020000,18.802977,7243200
2023-08-01,18.799999,19.010000,18.510000,18.990000,18.773317,5901800
2023-08-02,18.799999,18.830000,18.430000,18.590000,18.377882,9332100
2023-08-03,18.620001,19.209999,18.469999,19.040001,18.822748,6844000
2023-08-04,19.110001,19.360001,18.930000,19.040001,18.822748,5835500
2023-08-07,19.049999,19.530001,19.049999,19.200001,18.980921,6461200
2023-08-08,18.770000,19.280001,18.600000,19.270000,19.050123,5087300
2023-08-09,19.360001,19.500000,19.200001,19.360001,19.139097,7883400
2023-08-10,19.459999,19.850000,19.290001,19.410000,19.188524,9196300
2023-08-11,19.309999,19.790001,19.309999,19.790001,19.564190,6513200
2023-08-14,19.610001,19.740000,19.450001,19.700001,19.475218,8067800
2023-08-15,19.500000,19.650000,19.150000,19.330000,19.109438,10305800
2023-08-16,19.340000,19.580000,19.290001,19.309999,19.089664,7064000
2023-08-17,19.549999,19.770000,19.290001,19.370001,19.148981,8809300
2023-08-18,19.139999,19.580000,18.930000,19.340000,19.119324,9386200
2023-08-21,19.500000,19.580000,19.180000,19.180000,18.961149,5263600
2023-08-22,19.150000,19.360001,19.040001,19.129999,18.911720,6143000
2023-08-23,18.830000,19.150000,18.610001,18.879999,18.664572,7042300
2023-08-24,18.740000,18.799999,18.469999,18.480000,18.269136,7853100
2023-08-25,18.549999,18.900000,18.299999,18.830000,18.615145,8070700
2023-08-28,18.980000,19.230000,18.830000,18.969999,18.753546,5366600
2023-08-29,19.049999,19.559999,18.930000,19.459999,19.237953,7023700
2023-08-30,19.530001,19.879999,19.530001,19.750000,19.524647,5818400
2023-08-31,19.920000,20.090000,19.799999,19.930000,19.702591,7989800
2023-09-01,20.200001,20.320000,20.110001,20.150000,19.920082,8240100
2023-09-05,20.330000,20.410000,20.110001,20.200001,19.969511,5910100
2023-09-06,20.240000,20.459999,20.129999,20.340000,20.107914,5621500
2023-09-07,20.379999,20.540001,20.270000,20.379999,20.147457,4941100
2023-09-08,20.480000,20.719999,20.420000,20.440001,20.206772,7121600
2023-09-11,20.610001,20.770000,20.100000,20.110001,19.880539,6698900
2023-09-12,20.340000,20.639999,20.250000,20.610001,20.374832,6426400
2023-09-13,20.660000,20.760000,20.299999,20.490000,20.256203,4669900
2023-09-14,20.700001,20.930000,20.610001,20.830000,20.696360,7373000
2023-09-15,20.650000,20.860001,20.629999,20.700001,20.567194,5240300
2023-09-18,20.950001,20.950001,20.559999,20.660000,20.527451,4490600
2023-09-19,20.950001,21.100000,20.360001,20.590000,20.457899,6909800
2023-09-20,20.450001,20.830000,20.110001,20.150000,20.020721,6336200
2023-09-21,20.209999,20.250000,19.680000,19.690001,19.563673,10542000
2023-09-22,19.889999,20.370001,19.709999,19.750000,19.623289,10827400
2023-09-25,19.719999,20.270000,19.709999,20.200001,20.070402,9440100
2023-09-26,20.090000,20.490000,19.980000,20.350000,20.219439,8844300
2023-09-27,20.709999,20.990000,20.620001,20.980000,20.845396,8883600
2023-09-28,20.969999,21.200001,20.830000,21.110001,20.974564,9868500
2023-09-29,21.170000,21.240000,20.790001,20.820000,20.686422,12617100
2023-10-02,20.820000,20.959999,19.950001,20.100000,19.971043,9629500
2023-10-03,19.920000,20.120001,19.709999,20.020000,19.891556,7238100
2023-10-04,19.610001,19.660000,18.920000,19.150000,19.027138,11285300
2023-10-05,18.990000,19.480000,18.879999,19.160000,19.037073,7096000
2023-10-06,19.280001,19.559999,19.020000,19.400000,19.275534,5180300
2023-10-09,20.040001,20.430000,19.920000,20.340000,20.209503,7203100
2023-10-10,20.309999,20.490000,20.070000,20.330000,20.199568,6979900
2023-10-11,20.150000,20.520000,20.100000,20.490000,20.358540,6630600
2023-10-12,20.660000,20.860001,20.309999,20.510000,20.378412,6078900
2023-10-13,20.950001,21.190001,20.820000,21.090000,20.954691,7681700
2023-10-16,21.120001,21.230000,20.709999,21.010000,20.875204,5986500
2023-10-17,20.840000,21.370001,20.840000,21.120001,20.984499,5823900
2023-10-18,21.250000,21.350000,21.059999,21.209999,21.073921,7534100
2023-10-19,21.110001,21.320000,20.900000,21.180000,21.044113,6287300
2023-10-20,21.180000,21.200001,20.600000,20.660000,20.527451,5905000
2023-10-23,20.480000,20.650000,20.129999,20.200001,20.070402,5776400
2023-10-24,20.309999,20.309999,19.610001,19.670000,19.543802,9199000
2023-10-25,19.730000,19.930000,19.469999,19.840000,19.712711,8569500
2023-10-26,19.490000,19.770000,19.290001,19.590000,19.464315,5440700
2023-10-27,19.680000,19.680000,18.950001,19.350000,19.225855,9354700
2023-10-30,19.490000,19.730000,19.020000,19.160000,19.037073,7568600
2023-10-31,19.280001,19.309999,18.940001,19.080000,18.957586,8544400
2023-11-01,19.320000,19.320000,18.950001,19.030001,18.907907,9660100
2023-11-02,19.240000,19.600000,18.980000,19.520000,19.394764,16577700
2023-11-03,19.520000,19.740000,19.020000,19.129999,19.007265,12715700
2023-11-06,19.290001,19.360001,18.799999,18.809999,18.689318,7888600
2023-11-07,18.530001,18.540001,17.850000,17.900000,17.785156,10382300
2023-11-08,17.740000,17.799999,17.240000,17.530001,17.417532,14870700
2023-11-09,17.750000,18.129999,17.490000,17.520000,17.407597,12257000
2023-11-10,17.790001,18.070000,17.580000,18.070000,17.954067,8791600
2023-11-13,18.030001,18.270000,18.000000,18.139999,18.023617,8289000
2023-11-14,18.230000,18.379999,18.040001,18.209999,18.093168,5820900
2023-11-15,18.120001,18.260000,17.870001,17.910000,17.795094,7232500
2023-11-16,17.709999,17.730000,17.160000,17.469999,17.357916,9512600
2023-11-17,17.709999,18.209999,17.700001,18.070000,17.954067,9156900
2023-11-20,18.250000,18.309999,18.059999,18.160000,18.043489,6593800
2023-11-21,18.080000,18.200001,17.879999,17.959999,17.844772,4923100
2023-11-22,17.360001,17.559999,17.049999,17.520000,17.407597,10911300
2023-11-24,17.600000,17.889999,17.600000,17.670000,17.556633,3365100
2023-11-27,17.610001,17.770000,17.420000,17.510000,17.397659,6539300
2023-11-28,17.650000,17.850000,17.450001,17.660000,17.546698,8188500
2023-11-29,17.760000,17.830000,17.480000,17.650000,17.536760,6916800
2023-11-30,17.940001,18.150000,17.510000,17.760000,17.646055,9997000
2023-12-01,17.680000,18.100000,17.670000,17.709999,17.596376,10938000
2023-12-04,17.459999,17.590000,17.150000,17.160000,17.049906,7794000
2023-12-05,17.120001,17.240000,16.690001,16.700001,16.592857,8613200
2023-12-06,16.600000,16.750000,16.190001,16.209999,16.105999,9043800
2023-12-07,16.350000,16.350000,15.870000,16.059999,15.956962,13238400
2023-12-08,16.330000,16.400000,16.080000,16.290001,16.185488,12489100
2023-12-11,16.219999,16.340000,16.040001,16.170000,16.066257,11594800
2023-12-12,15.880000,15.880000,15.550000,15.750000,15.648952,14845100
2023-12-13,15.820000,16.230000,15.730000,16.209999,16.105999,17905600
2023-12-14,16.500000,16.750000,16.440001,16.719999,16.719999,20556000
2023-12-15,16.740000,16.740000,16.250000,16.250000,16.250000,12783600
2023-12-18,16.690001,16.730000,16.340000,16.379999,16.379999,12779600
2023-12-19,16.469999,16.870001,16.450001,16.840000,16.840000,13683500
2023-12-20,16.969999,17.120001,16.510000,16.520000,16.520000,10396000
2023-12-21,16.549999,16.680000,16.450001,16.670000,16.670000,16124800
2023-12-22,16.870001,16.910000,16.590000,16.730000,16.730000,11089600
2023-12-26,17.129999,17.240000,17.059999,17.150000,17.150000,4879500
2023-12-27,17.030001,17.110001,16.889999,16.920000,16.920000,6233400
2023-12-28,16.860001,16.969999,16.639999,16.670000,16.670000,7040100
2023-12-29,16.700001,16.760000,16.610001,16.650000,16.650000,8044500
2024-01-02,16.809999,16.850000,16.559999,16.580000,16.580000,7731700
2024-01-03,16.600000,17.059999,16.549999,17.010000,17.010000,8540800
2024-01-04,17.160000,17.190001,16.379999,16.400000,16.400000,9646500
2024-01-05,16.570000,16.780001,16.459999,16.500000,16.500000,9198600
2024-01-08,16.090000,16.330000,15.920000,16.309999,16.309999,11462200
2024-01-09,16.299999,16.360001,16.030001,16.170000,16.170000,7903900
2024-01-10,16.200001,16.379999,16.070000,16.160000,16.160000,9882300
2024-01-11,16.250000,16.290001,15.840000,15.890000,15.890000,11372600
2024-01-12,16.160000,16.190001,15.580000,15.610000,15.610000,12642600
2024-01-16,15.620000,15.630000,15.240000,15.300000,15.300000,11890900
2024-01-17,15.070000,15.120000,14.800000,14.900000,14.900000,15735800
2024-01-18,14.920000,15.000000,14.690000,14.900000,14.900000,19147200
2024-01-19,14.900000,15.050000,14.810000,14.920000,14.920000,8611600
2024-01-22,14.840000,15.170000,14.740000,15.010000,15.010000,11307700
2024-01-23,14.940000,15.340000,14.910000,15.150000,15.150000,9827000
2024-01-24,15.260000,15.480000,15.170000,15.440000,15.440000,14308700
2024-01-25,15.600000,15.910000,15.460000,15.850000,15.850000,14446900
2024-01-26,15.850000,16.230000,15.680000,16.200001,16.200001,14049100
2024-01-29,16.160000,16.190001,15.960000,16.110001,16.110001,11481200
2024-01-30,15.980000,16.459999,15.950000,16.440001,16.440001,12659200
2024-01-31,16.389999,16.480000,16.160000,16.180000,16.180000,10845700
2024-02-01,16.250000,16.590000,16.000000,16.129999,16.129999,11046500
2024-02-02,16.059999,16.120001,15.750000,15.830000,15.830000,10938400
2024-02-05,15.730000,15.920000,15.470000,15.740000,15.740000,10751100
2024-02-06,15.850000,16.100000,15.740000,15.840000,15.840000,8424900
2024-02-07,15.870000,15.950000,15.680000,15.900000,15.900000,12572400
2024-02-08,15.950000,16.360001,15.910000,16.299999,16.299999,11521900
2024-02-09,16.360001,16.459999,16.160000,16.230000,16.230000,10188200
2024-02-12,16.250000,16.570000,16.250000,16.559999,16.559999,12102500
2024-02-13,16.420000,16.469999,16.010000,16.219999,16.219999,17035200
2024-02-14,16.410000,16.540001,16.129999,16.250000,16.250000,13562000
2024-02-15,16.260000,17.580000,16.260000,17.459999,17.459999,21125000
2024-02-16,17.450001,17.620001,17.340000,17.410000,17.410000,11246100
2024-02-20,17.459999,17.600000,17.110001,17.180000,17.180000,12274700
2024-02-21,17.150000,17.510000,17.090000,17.500000,17.500000,8612700
2024-02-22,17.400000,17.719999,17.309999,17.600000,17.600000,8519800
2024-02-23,17.559999,17.690001,17.340000,17.620001,17.620001,8089200
2024-02-26,17.520000,17.750000,17.450001,17.719999,17.719999,9263600
2024-02-27,17.850000,18.000000,17.490000,17.530001,17.530001,9475400
2024-02-28,17.469999,17.639999,17.209999,17.260000,17.260000,11147100
2024-02-29,17.350000,17.690001,17.260000,17.430000,17.430000,13674100
2024-03-01,17.660000,18.030001,17.600000,17.700001,17.700001,23147100
2024-03-04,17.750000,17.830000,17.440001,17.440001,17.440001,16035900
2024-03-05,17.510000,17.770000,17.450001,17.540001,17.540001,15738400
2024-03-06,17.889999,18.049999,17.700001,17.860001,17.860001,15798700
2024-03-07,17.870001,18.160000,17.830000,17.920000,17.920000,23248600
2024-03-08,17.910000,17.950001,17.500000,17.660000,17.660000,12247200
2024-03-11,17.540001,17.670000,17.424900,17.430000,17.430000,451540
